:04000003000026557E
:020000040000FA
:10000000A06C002055260000198C0000412600003D
:100010004126000041260000412600004126000044
:100020000000000000000000000000002527000084
:100030004126000000000000DD28000041260000ED
:1000400055290000552900005529000055290000B8
:1000500055290000552900005529000055290000A8
:100060005529000055290000552900005529000098
:100070005529000055290000552900005529000088
:100080005529000055290000552900005529000078
:100090005529000055290000552900005529000068
:1000A0005529000055290000552900005529000058
:1000B0005529000055290000552900005529000048
:1000C0005529000055290000552900005529000038
:1000D0005529000055290000552900005529000028
:1000E0005529000055290000552900005529000018
:1000F0005529000055290000552900005529000008
:1001000055290000552900005529000055290000F7
:1001100055290000552900005529000055290000E7
:1001200055290000552900005529000055290000D7
:1001300055290000552900005529000055290000C7
:1001400055290000552900005529000055290000B7
:1001500055290000552900005529000055290000A7
:100160005529000055290000552900005529000097
:100170005529000055290000552900005529000087
:100180005529000055290000552900005529000077
:100190005529000055290000552900005529000067
:1001A0005529000055290000552900005529000057
:1001B0005529000055290000552900005529000047
:1001C0005529000055290000552900005529000037
:1001D0005529000055290000552900005529000027
:1001E0005529000055290000552900005529000017
:1001F0005529000055290000552900005529000007
:1002000055290000552900005529000055290000F6
:1002100055290000552900005529000055290000E6
:1002200055290000552900005529000055290000D6
:1002300055290000552900005529000055290000C6
:1002400055290000552900005529000055290000B6
:1002500055290000552900005529000055290000A6
:100260005529000055290000552900005529000096
:100270005529000055290000552900005529000086
:100280005529000055290000552900005529000076
:100290005529000055290000552900005529000066
:1002A0005529000055290000552900005529000056
:1002B0005529000055290000552900005529000046
:1002C0005529000055290000552900005529000036
:1002D0005529000055290000552900005529000026
:1002E0005529000055290000552900005529000016
:1002F0005529000055290000552900005529000006
:1003000055290000552900005529000055290000F5
:1003100055290000552900005529000055290000E5
:1003200055290000552900005529000055290000D5
:1003300055290000552900005529000055290000C5
:1003400055290000552900005529000055290000B5
:1003500055290000552900005529000055290000A5
:100360005529000055290000552900005529000095
:100370005529000055290000552900005529000085
:100380005529000055290000552900005529000075
:100390005529000055290000552900005529000065
:1003A0005529000055290000552900005529000055
:1003B0005529000055290000552900005529000045
:1003C0005529000055290000552900005529000035
:1003D0005529000055290000552900005529000025
:1003E0005529000055290000552900005529000015
:1003F0005529000055290000552900005529000005
:1004000055290000552900005529000055290000F4
:1004100055290000552900005529000055290000E4
:1004200055290000552900005529000055290000D4
:1004300055290000552900005529000055290000C4
:1004400055290000552900005529000055290000B4
:1004500055290000552900005529000055290000A4
:100460005529000055290000552900005529000094
:0C04700055290000552900005529000006
:1004800053B94AB9002908BF00281CBF4FF0FF31FB
:100490004FF0FF3000F00CB8ADF1080C6DE904CE60
:1004A00000F008F8DDF804E0DDE9022304B070474D
:1004B000704700BF2DE9F0478C468E46089E1546D2
:1004C00004461946002B40F0D080724547D9B2FA55
:1004D00082F74FB1C7F120030EFA07FCBD40BC40C4
:1004E00020FA03F343EA0C0C4FEA154EA8B2230C92
:1004F000BCFBFEF80EFB18CC08FB00F943EA0C43EA
:10050000994528D9EB1808F1FF3204D2994502D950
:10051000A8F102022B44A3EB0903A4B2B3FBFEFC37
:100520000EFB1C330CFB00F044EA0344A04214D938
:100530002C190CF1FF3304D2A04202D9ACF1020312
:100540002C44241A43EA02401EB1FC4000233460CC
:100550007360BDE8F0874246DDE76346F1E7002AB5
:1005600079D0B2FA82F3002B3FD01946C1F12003B3
:1005700002FA01F500FA01F42EFA03F20EFA01FE76
:1005800020FA03F3AFB243EA0E034FEA154EB2FB73
:10059000FEFC0EFB1C201A0C0CFB07F842EA004282
:1005A00090455AD9AA180CF1FF3004D2904502D9CF
:1005B000ACF102002A44A2EB08029BB2B2FBFEFCA3
:1005C0000EFB1C220CFB07F743EA02439F4246D96D
:1005D000EB180CF1FF3204D29F4202D9ACF10202B7
:1005E0002B44DB1B42EA004202E0AEEB0203012295
:1005F0004FEA154EAFB2200CB3FBFEFC0EFB1C33D2
:100600000CFB07F840EA034398452AD9EB180CF194
:10061000FF3004D2984502D9ACF102002B44A3EB81
:100620000803A4B2B3FBFEFC0EFB1C330CFB07F764
:1006300044EA0344A74216D92C190CF1FF3304D223
:10064000A74202D9ACF102032C44E41B43EA004068
:100650000F46114678E71F2188E76046ABE7624600
:10066000BFE76046DBE76346EFE7734506D916B997
:10067000002108466DE7C6E9000EF9E7B3FA83F7F3
:1006800087B9734501D3824207D8841A6EEB0303FE
:1006900001209C461EB900215BE73846FAE7C6E90F
:1006A000004CF8E7C7F1200CBB4000FA07F422FA2F
:1006B0000CF520FA0CF1BA401D432EFA0CF30EFA99
:1006C00007FE4FEA154941EA0E011FFA85FEB3FB0A
:1006D000F9F809FB18300B0C08FB0EFA43EA00434B
:1006E0009A4540D9EB1808F1FF3004D29A4502D957
:1006F000A8F102002B44A3EB0A0389B2B3FBF9F87B
:1007000009FB183308FB0EFE41EA03418E452CD944
:10071000691808F1FF3304D28E4502D9A8F102030B
:10072000294443EA0040A1EB0E01A0FB0298414599
:10073000CE46434602D306D14C4504D20138B9EB2C
:10074000020E68EB0503002EA5D0B4EB0E0261EBA0
:10075000030101FA0CFC22FA07F3F9404CEA030307
:10076000C6E9003197E74046C5E74346D9E70000B0
:1007700070B4174E0C46B042154608D00136B04250
:100780000FD0023EB04210D070BC06F097BD0AA355
:10079000D3E90023C5E900230E4B0020236070BC81
:1007A000704707A3D3E90023F4E707A3D3E90023A5
:1007B000F0E700BFAFF3008002C0FF7F0000000041
:1007C00003C0FF7F0000000001C0FF7F00000000A9
:1007D00002C0FF7F03004E8030B53F4B3F4A87B0D9
:1007E000C2F80036C2F80436C2F80836C2F80C3631
:1007F000C2F81036C2F81436C2F81836C2F81C36E1
:1008000002F58052C2F800364921C2F80436344855
:10081000C2F80836C2F80C36C2F81036C2F81436E0
:10082000C2F81836C2F81C3608F05AF907F041FD34
:1008300049212C4808F054F903A800F0BFFD2A4BC9
:100840001B68834204D04521284808F049F9FEE797
:100850004921059A264808F043F9039925484B7D1C
:100860000A7DC98A0091492108F03AF949212248B4
:1008700008F036F94FF47841002003F099F8044667
:1008800020B145211D4808F02BF9FEE702A99DF88B
:10089000100000F03BF8029A059B194D1344039A8F
:1008A000128913442B6003F017F801F065F901F089
:1008B00047F908F036FA02F0DBFA01F0FBFE84F3A8
:1008C0000B8884F30A880F4B2868984745210E4807
:1008D00008F006F9FEE700BF3546526E0080105062
:1008E000E6CE0000FFCE0000D41000202FCF000085
:1008F00052CF000081CF00009FCF0000C4CF000086
:10090000B005002061000020F7CF0000024608B5C6
:1009100038B105480023452108F0E2F86FF01500D2
:1009200008BD0860FCE700BF1AD0000021B1012912
:1009300006D06FF015007047044B53F83000704735
:10094000024B03EBC0035868704700BF78B7000044
:100950002DE9F04FADB0DDF8E0C0554E0DF1700B54
:100960003468CDF80CC0DDF8DCC0CDF804B0CDF8AB
:1009700008C0DDF8D8C08046CDF800C089461546CD
:10098000399F00F0E5F820B1346820462DB0BDE86D
:10099000F08F27B140225946384608F0ABF90023C2
:1009A000494600932A464FF6FF7306A807F082FCDB
:1009B00081460028E8D1294640460B9F07F049FDB3
:1009C000B842E1D34FF0FF37DFF8E880DFF8E8A066
:1009D0000DF1120304AA05A906A807F0B9FC002826
:1009E000D2DB60D1059906A807F0FDFCBDF81230F6
:1009F00040B94FF6FF70314931F8022B8242C3D023
:100A00009A42F9D1122B15D0242B2CD0012BDFD1F7
:100A1000BDF81030402BB7D8284605990CAA08F02D
:100A20007AF80028B0D19DF810100CA800F048F812
:100A30000746CDE7BDF81090B9F1400FA4D14B4661
:100A4000284605990CAA08F066F800289CD14A4669
:100A500058460CA907F0D5FCD8F80030834293D152
:100A60004FF00109B4E7002F1ADBDAF800309F429B
:100A700016DABDF81040402C86D123462846059949
:100A80000CAA08F048F800287FF47EAFFFB2214698
:100A90005846BDF8103000970CAA00F029F904461A
:100AA0004FF0FF3794E7B9F1010F7FF46DAF6CE7BA
:100AB00034010020D410002080B70000B8CE000020
:100AC0002DE9F041402980460D46ADF59B6D06D9D4
:100AD0004FF0FF3420460DF59B6DBDE8F0810024FA
:100AE000184B194E1F68BC42F2DA4FF41372002102
:100AF000A3A808F00AF94FF41372A3A910A808F0EC
:100B0000F9F8124910A809F0D7F8736810A81A6804
:100B100056F8081B09F0F0F84022002369460DEB57
:100B20000200A393A3AB09F0FBF810A809F0B9F8F1
:100B30002A464146684608F0CDF80028CAD001345C
:100B4000D1E700BF80B7000084B700000B000002AF
:100B50002DE9F04FADF2A44D0C46934600214FF421
:100B6000137295A89A46DDF8D054DDF8D46408F0E5
:100B7000CCF895A94FF4137202A808F0BBF83249DB
:100B800002A809F099F835B1002E04DD3246294655
:100B900002A809F0B1F8002763892289D4F80C90E3
:100BA00013442A4D2A4C2B4E9944B9450DD80024A4
:100BB00095AB4022DDF8CC1402A8959409F0B0F86A
:100BC00002A809F06EF8234632E0C5F80046C5F8E1
:100BD0000446C5F80846C5F80C46C5F81046C5F8E1
:100BE0001446C5F81846C5F81C46C6F80046C6F8AF
:100BF0000446C6F80846C6F80C46C6F81046C6F8BD
:100C00001446C6F81846C6F81C46DDF8C834A9EBE9
:100C10000708984528BF98465246434639465846E5
:100C200007F079FF48B1019002A809F03AF8019B5A
:100C300018460DF2A44DBDE8F08F4246514602A879
:100C400009F05AF84744B0E70B000002008010504A
:100C50003546526E00901050F0B5214C0E4654F8B7
:100C6000331004EBC30489B063680091054618682B
:100C7000174601443023684601AA07F0A8FD18B1C1
:100C8000184B186809B0F0BDDDE900431C4421464B
:100C9000684605AB02AA07F0C2FD0028F0D1039A0E
:100CA000032AEDD11049049808F014F80028E7D180
:100CB0002146684601AA07F09EFD0028E0D1DDE943
:100CC000003299188C42DBD1202AD9D13A463146DC
:100CD000284600F0DFFE0028D2D0044BD1E700BF49
:100CE00084B7000034010020B0D60000D4100020EA
:100CF000402908B502D0064B186808BD402B02D029
:100D0000034B1868F9E79DF80830FFF7A5FFF9E7EE
:100D100034010020094A40000B7852F820108B4221
:100D200009D0013052F8202040F21620934218BF1B
:100D30004FF0FF30704740F2162070478CB700002C
:100D40001FB5582303FB0100046A1023A1686A46FB
:100D50002046103907F0DFFE034640B122784521D6
:100D6000064807F0BDFE0024204604B010BD102246
:100D70006846034907F0AEFFF6E700BF40D0000029
:100D8000D6CE000038B50E4B0446002918BF0B46DE
:100D9000436203F5B2630121036507F09AFB58B97A
:100DA0000221204607F095FB054638B9206A07F076
:100DB000DCFEE065284638BD0125FBE70925F9E79B
:100DC000B40500202DE9F04F81460F469A4614469F
:100DD00085B0002A51D08368994256D25B1A93425B
:100DE00053D307F0C2FE8346484607F0C5FE1022E3
:100DF0000146684607F089FFCBF100083819BAF1BF
:100E0000000F07D007EA0808A0EB0B07204D214C84
:100E1000214E04E000EA0808F8E7A7EB0B07474576
:100E20002BD05B466A463946484607F089FE28BB08
:100E3000C5F80046C5F80446C5F80846C5F80C468E
:100E4000C5F81046C5F81446C5F81846C5F81C463E
:100E5000C6F80046C6F80446C6F80846C6F80C466A
:100E6000C6F81046C6F81446C6F81846C6F81C461A
:100E7000BAF1000F05D04745CFD8002005B0BDE836
:100E8000F08F5F44B845CAD8F7E74FF0FF30F5E779
:100E9000008010503546526E009010502C2359435C
:100EA0000E4B42184158994206D1D16813895B18FC
:100EB00002D25189C91801D300207047136A9B6878
:100EC0009942F9D2106920F4F97020F00100000570
:100ED000000DB0FA80F04009704700BF3DB8F396AE
:100EE0001FB52C2303FB02010023CDE9023301933C
:100EF0004FF4807300930A6A024BFFF729FD05B097
:100F00005DF804FB541A002073B50021064608461C
:100F1000FFF70CFD06F120010546C0B201F0D2F941
:100F20000446C8B90121FFF701FD06F14C01054651
:100F3000C0B201F0C7F9044658B10123CDE900342D
:100F4000064800232A46452107F0CAFD304607F02F
:100F500034FB204602B070BD0023EFE76CD00000E8
:100F60002DE9F0412C2707FB010704460D461646E4
:100F7000D7F8208007F000FB10B93B69DB061BD5D2
:100F8000B5B14146204607F05AFBF379042B0AD14C
:100F90002046216A07F053FB024648B9492114480C
:100FA00007F09EFD04E0002002F0B6FD0428EFD01B
:100FB000104B1868BDE8F08129462046FFF76EFF08
:100FC00070B90D4B18680D4B1B688342F2D06DB1A0
:100FD0000121404607F0CBFA094A45210948DFE7DD
:100FE0002A4631462046FFF77BFFECE7064AF4E746
:100FF000BBD000003001002034010020D4100020BC
:10100000B1D00000FAD00000A9D00000004870471D
:10101000D814002073B50D46002104462846CDE9BA
:10102000001107F0D7FA28B323681A4EB34203D150
:10103000204601AA07F00FFAE36AB34204D16A46D8
:101040000121204607F007FADDE900239A4284BF18
:1010500013460192AB60019A2946204600F0D4FB6A
:101060000D4B1A68002A03DD57210C4807F038FDA4
:1010700002B070BD01462046FFF762FE064605F14C
:10108000080107F0C9F9AB683046019307F042FD4B
:10109000E1E700BF3DB8F3963815002022D10000EB
:1010A0002DE9F84F884691469A4600260B9F224C20
:1010B000224DBE4201D300200FE0A7EB060BBBF58B
:1010C000806F28BF4FF4806B40465B461C4A06EB9E
:1010D0000A0107F020FD10B10120BDE8F88F0A9940
:1010E0005B464846164A711807F02AFD0028F3D1DE
:1010F000144B5E44C3F80046C3F80446C3F80846E0
:10110000C3F80C46C3F81046C3F81446C3F8184693
:10111000C3F81C46C5F80046C5F80446C5F808469D
:10112000C5F80C46C5F81046C5F81446C5F818466B
:10113000C5F81C46BDE700BF3546526E0090105002
:10114000D8100020008010502DE9F04186B00E46E6
:101150000446FFF7D9FE014620B145218E4807F02D
:10116000BFFCFEE72046FFF70DFE054678B90022DA
:101170002046114607F007FA054610B30022572112
:10118000864807F0ADFC012384F8583009E0B2220C
:101190005721834807F0A4FC01239D4284F858306E
:1011A000E5D194F85830042B8DF80F3000F28A8086
:1011B000012B00F28E8000F0A180FF2384F85830CC
:1011C0009CE0204600F02EFA012770B1754B2046B6
:1011D00002A9CDE903350297059507F064FA38B105
:1011E0002A465721704807F07BFC84F85870D8E7EE
:1011F00002A807F0EFF980F0010102AA2046C9B267
:1012000007F0C1F902460028B8D102A807F0E2F9B8
:10121000054660BB204602A9FFF7FCFE9DF80F3093
:1012200084F85830033B012B06D8284600F0E8F834
:1012300010B1FF2384F858309DF80F30023B022B89
:101240000BD8002000F0C6F838B1FF2384F85830DE
:101250004521564807F044FCFEE794F85830FF2B30
:10126000F6D000222046114607F08DF98BE79DF855
:101270000F80B8F1010F18D1104602F04DFC831E0B
:10128000022B05460ED84146204602AAFFF768FE0B
:10129000474B1B68984205D0464B1D68A84214BFB7
:1012A0000525012584F858507BE73946204602AAD7
:1012B000FFF756FE3E4B1B68984214BF05239DF86E
:1012C0000F3061E7052B7FF478AF002000F098F82D
:1012D00011E0204602A9FFF79DFE94F85830DA1E6F
:1012E000012A14D8002000F08BF800287FF465AFA5
:1012F000002000F06FF800287FF45FAF94F85830BA
:10130000FF2B08D14521294807F0EAFBFEE7023B05
:10131000012BF3D8ECE70022012B274F019211D0CB
:101320001146204607F02FF960B13D6810220021D8
:1013300002A807F0EAFC204607F03FF9284606B06D
:10134000BDE8F081002220461146FFF709FEDFF8D4
:1013500060803D68D8F800309842E7D1A842E5D0D7
:10136000144B1B689842E1D00021204607F023F976
:101370000028DAD1019B01330193019B012B00D09E
:10138000FEE7206A06F093FF3071236A5B683460E1
:10139000D8F80050B360C9E751D10000C4D10000B3
:1013A00082D1000001010001F0D100001AD200003A
:1013B000D4100020300100203401002010B5044674
:1013C000002007F0A0F802482146FFF7BDFE10BD3F
:1013D000D814002013B5094B01A913F8300000F010
:1013E00071FF48B9019807F007FF0446019807F01C
:1013F00091FB204602B010BD0124FAE794B700002B
:101400001FB50F4B01A913F8300000F05BFFA8B91E
:10141000019802A902F02AFB044668B99DF80B3036
:10142000032B03D1019807F0B5FE0446019807F09D
:1014300071FB204604B010BD0124F7E70124F8E752
:1014400094B700002DE9F34106460C4617461D46A9
:101450000BB9002121E0184607F0BCF8014600282E
:10146000F7D13046FFF76CFC18B9012002B0BDE897
:10147000F08101A906F0D0FF0028F6D1019930468D
:1014800007F042F9736A59686B79012B18D1002C67
:10149000DFD12B68834298BF00212C2303FB046615
:1014A0003A462023306A07F036FB0028DDD1002DB4
:1014B000DCD038680D4BC01A18BF4FF0FF30D5E7AD
:1014C000022BC6D12B68012B05D98342C1D8B4FAAF
:1014D00084F46409BDE7BCD1002CDED0012CB8D166
:1014E0002C79023C18BF0124B3E700BF3DB8F39646
:1014F0002DE9F04F82460C4689B001460020914606
:10150000FFF708FCB0F100087EDBE36D5046029364
:1015100006F079FF01234FF0000B4FF0FF343D4EF2
:101520003D4D3E4F04900193B8F1000F15D1BBF132
:10153000010F03DD45213A4807F0D2FA631C08D0B9
:10154000B12C53DC40F201130134C9F80040A9F872
:101550000430404609B0BDE8F08FC6F80056C6F822
:101560000456C6F80856C6F80C56C6F81056C6F803
:101570001456C6F81856C6F81C56C7F80056C7F8D1
:101580000456C7F80856C7F80C56C7F81056C7F8DF
:101590001456C7F81856C7F81C5604989DF808103A
:1015A00008F1FF3308F1FF3C0CFB010103935046A7
:1015B00001230DF11F0207F0AEFA031E059326DB8F
:1015C000012250460DF11F0107F07FFD059B40B140
:1015D000019A934201D00BF1010BDDF80C800193CD
:1015E000A2E7B4F1FF3F08BF4446F6E70223B23C4E
:1015F00089F80530631004F0010401330134C9F89F
:10160000003089F80440A4E74FF00708A1E74FF045
:1016100001089EE7008010503546526E0090105031
:1016200026D20000F8B5866A456D0446AE4208D061
:101630006B1CB34205D05721164807F051FA002021
:10164000F8BDB22E19D957211348F6E7626A02EBAA
:10165000C3025768226D02EBC3025268974202D060
:1016600057210E48E9E701339D42EFD1204607F0AC
:1016700020F928B957210A48DFE700231F46F3E77E
:10168000AE4205D9636A03EBC5035B68BB42E7D191
:101690000120D5E749D2000081D20000B0D200007D
:1016A000DCD2000010B588B0044604A9006A02F03C
:1016B000DDF99DF81020012A40D0254B2549032A49
:1016C00008BF0B469DF81320492102929DF8122075
:1016D000214801929DF811200092204A07F000FA5B
:1016E000E06C06A902F0C2F99DF81820012A27D063
:1016F000174B1849032A08BF0B469DF81B204921A8
:1017000002929DF81A20144801929DF81920009227
:10171000134A07F0E5F99DF81030012B12D19DF81E
:101720001230032B0ED19DF81830012B0AD00D4832
:10173000492107F0D5F9022008B010BD0A4BC1E7D6
:10174000094BDAE70948492107F0CAF90020F3E715
:1017500015D300001ED3000032D3000024D30000B4
:1017600073D3000083D3000019D30000A2D300007C
:1017700070B54B6814461E4A03F0FF239342064699
:101780000D4686B02FD10B68012B2CD1204604A921
:1017900002F06CF99DF81020012A26D0154B16494D
:1017A000032A08BF0B469DF81320492102929DF899
:1017B0001220124801929DF811200092104A07F061
:1017C0008FF99DF81030032B0DD12146304606F0DD
:1017D00036FF204607F0DEFC2046A96806F02AFE08
:1017E000204602F023F906B070BD064BDBE700BFD0
:1017F0000001000415D300001ED3000032D3000006
:1018000073D3000019D300002DE9F04F05461646AA
:1018100089B00C469848492107F062F931462846BC
:1018200006F072FF6B6A03902046D3F804A006F01E
:10183000D1FEF8B1E86D06F071FE0023AE6A013EFC
:101840005344834201D2013EFAE7039BB34211D3D2
:1018500057218A4807F044F9039A06FB0AF35721F7
:1018600002FB0AA2864807F03BF90123E37109B0A5
:10187000BDE8F08FEB6C21461A4628460293D5F856
:1018800020B0FFF775FF6379012B70D1DDF80C9064
:101890007C4EDFF8F4817D4F64E0C6F80086C6F820
:1018A0000486C6F80886C6F80C86C6F81086C6F800
:1018B0001486C6F81886C6F81C86C7F80086C7F8CE
:1018C0000486C7F80886C7F80C86C7F81086C7F8DC
:1018D0001486C7F81886C7F81C8622680399C2F1D7
:1018E00001030B4499453BD86B6A012A196853F8E8
:1018F000390003EBC90353F8083CA0EB0100A3EB4C
:101900000103049005930FD1E368022B08D05946D8
:10191000284606F094FE22465946284606F0A4FEC4
:101920002846029906F08BFE002352460499584639
:1019300006F010FE049B5A46594600932846059B24
:10194000CDF804A0FFF7ACFB2146284606F04FFE79
:1019500023680133236018B14D4A136801331360C3
:1019600009F1FF39B9F1000F97D101232360022358
:101970004FF00109434EDFF81081444F6371039B20
:101980004B45FFF474AFC6F80086C6F80486C6F867
:101990000886C6F80C86C6F81086C6F81486C6F8FF
:1019A0001886C6F81C86C7F80086C7F80486C7F8EC
:1019B0000886C7F80C86C7F81086C7F81486C7F8DB
:1019C0001886C7F81C862368994551D36A6A4FEA7E
:1019D000C90352F83910083B069111680591296D29
:1019E000C8580968411A0491217901293ED1D1587A
:1019F000059B5246C91A58460023079106F0AAFDD6
:101A00000799049B5A46009128460299CDF804A0F4
:101A1000FFF746FB2146284606F0E9FD0223237125
:101A200018B11B4A1368013313600023524604990E
:101A3000029806F08FFD049B594600932846DDE985
:101A40000523CDF804A09B1A029AFFF729FB214633
:101A5000284606F0CCFD236801332360012323715F
:101A600030B10B4A13680133136001E00229DCD066
:101A700009F1010983E700BFB9D30000E2D30000F8
:101A800011D40000008010503546526E0090105066
:101A9000381500202DE9F0418AB005460E4617465C
:101AA00000211C2203A81C4607F02FF904F096FC25
:101AB000024640B145211D4807F012F80024204697
:101AC0000AB0BDE8F08144F24213ADF80C304FF497
:101AD0000063DFF85C802146CDE90538202202ABA7
:101AE00003A804F02BFB044618B102464521114817
:101AF000E2E740232A46CDE9007341463346029887
:101B000008F01FF9024670B145210B4806F0E8FFC6
:101B1000029804F0CDFA02460028D0D05721074899
:101B200006F0DEFFCBE70124F2E700BF42D400005D
:101B30000008000662D4000084D40000B2D4000083
:101B4000BFF36F8F72B600234FF0FF30094A03F1E5
:101B500020010133102B42F82100F8D100234FF06F
:101B6000FF30044A03F160010133102B42F82100D9
:101B7000F8D1704700E100E02DE9F0430027DFF8DD
:101B8000C080DFF8C090304D85B04FF0FF3658F878
:101B9000044BC4F30830C4F8086300F0E3FD0123EC
:101BA000E36200236846C4F85031D4F85021C4F8E9
:101BB0004C31D4F84C21C4F82431D4F82421C4F891
:101BC0000035D4F804260092D4F80C260192D4F8FB
:101BD00010260292D4F80826C4F804660392C4F8CA
:101BE0000C66C4F81066C4F8086650F8041B4A1C5A
:101BF00010D05F2901F01F024FEA51141BD859F889
:101C0000241001EB8201D1F880202A4042F0020228
:101C1000C1F880200133042BE7D10137032FB4D161
:101C200001220A4B5A60DA604FF0FF32C3F80823F2
:101C300005B0BDE8F0830023203253F82230FFDEE8
:101C4000ACB70000A0B70000F0F0FCFF00E01050BF
:101C5000014B1B68184700BF38010020014B18607A
:101C6000704700BF3801002007B50B46024600212F
:101C70000348009100F006F803B05DF804FB00BFD4
:101C8000511C00002DE9F04F82464FF000098DB045
:101C90001D46531E01910393039B58785C1C252815
:101CA00019D100204FF0FF381E4644460346023645
:101CB000029031780396392952D81F2914D8002967
:101CC00000F0F38101992520D04701993078D04761
:101CD00009F10209E0E7002800F0E7810199D04707
:101CE00009F101090394D7E7A1F12002192AE9D8E3
:101CF00001A757F822F000BF97200000C51C000084
:101D0000C51C000097200000C51C0000DD1D000060
:101D1000C51C0000C51C0000C51C0000C51C00003F
:101D20002B1E000097200000C51C00003F1E000075
:101D3000E91D0000C51C0000F91D0000191E00006F
:101D4000191E0000191E0000191E0000191E0000B7
:101D5000191E0000191E0000191E0000191E0000A7
:101D6000582900F00281A1F16302D7B2172FA9D838
:101D7000172AA7D801A757F822F000BFD11F0000EB
:101D8000651E0000C51C0000C51C0000C51C00002D
:101D9000451E0000651E0000C51C0000C51C00009B
:101DA000451E0000C51C0000C51C0000C51C00002D
:101DB000171F0000C51C0000C51C0000A51F000067
:101DC000C51C0000651E0000C51C0000C51C0000ED
:101DD000171F0000C51C0000451E000025200199AA
:101DE000D04709F1010957E74FF00008029A02F0C5
:101DF000FE02029201365CE7002C0DDAB8F1000F0A
:101E00000DDA029A002A00F048810A2224EAE474DA
:101E100002FB0414303CEDE7B8F1000FF5DB0A22B9
:101E200002FB0812A2F13008E4E7B8F1000F55F800
:101E3000042B80F23481002A80F233815442022242
:101E40000292D7E7682903D1682B06D14823D1E74E
:101E50006C2902D16C2B00F02681002B7FF432AF6D
:101E60000B46C7E77A2B06D1752955F8046B14D1B8
:101E70004FF0000B0CE06C2BF6D04C2BF4D1073557
:101E800025F00703752903F10805D3E9006B06D196
:101E9000202839D1874F013C09E04FEAE67BBBF1AE
:101EA000000FF5DA7642844F6BEB4B0B013C0DF1E2
:101EB0002D03059300230493304659460A2200233C
:101EC000FEF7DEFA059BB446303203F8012D5A4680
:101ED0000593049BBCF10A0F8B4672F1000203F1DB
:101EE000FF3106460491E7D2C3F1010B30330DEB0D
:101EF0000306B8F1000FA6F1040662DA029BD907C7
:101F000077D4A8EB0B036DE02B280ABF6B4F6C4F07
:101F100004F1FF34CBE7702926D155F8042B0023B8
:101F2000002A68D0674F023C002601F06001A1F151
:101F3000390B0DF12D0E02F00F01092988BF59440C
:101F400030310EF8011D102A4FEA121141EA0371D7
:101F50004FEA131C73F1000306F1FF301ED2C6F1E5
:101F6000010B06F13003C2E778216C2B03D100236B
:101F700055F8042B08E04C2BF9D1073525F0070361
:101F80001D465B6855F8082B232805D1582901D038
:101F90007821C7E74C4FC6E7494FC5E706460A46D2
:101FA0006346C8E755F8046B304606F08CFEB8F17E
:101FB000000F834602DB4045A8BFC3464FF0000830
:101FC0003F4FA8EB0B03002B0CDDA4EB08040BE048
:101FD00055F8043B4FF0010B8DF818304FF0FF33EC
:101FE000374F06AEA4EB0B04029A920717D4A04613
:101FF0000DE0A046E5E76FF004034FF0050B304F0E
:10200000324EEFE7029320200199D047029BB8F1AE
:102010000108F7D524EAE472013CA41A9144B846B9
:1020200006E0049202930199D047049A029B9046DD
:10203000424612F8010B0028F3D11A46013A15D591
:102040005A4623EAE373013A18D5BBF1000FACBF3F
:10205000C7EB0B077F4226461F444F44013E16D56F
:10206000002CA8BF3F1907EB080915E6049302925C
:1020700030200199D047049B029ADFE70493029233
:10208000019916F8010BD047049B029ADBE70199EE
:102090002020D047E2E70846ACE60122D0E6904691
:1020A000A8E61446A6E64C23A4E648460DB0BDE8D3
:1020B000F08F00BFDED40000DCD40000E0D40000CC
:1020C00061D40000E2D40000E5D40000E8D40000B0
:1020D0002DE9F047058B0446280717460CD5012942
:1020E0000CBF45F0100545F02005258387F31188C6
:1020F000BFF36F8FBDE8F087022905F0070540F0B8
:102100009480204606F0FCFB052864D801A353F810
:1021100020F000BFED2000002B220000D72100009E
:1021200099210000B3210000C521000001F0070340
:102130005A1F012A1FD8002221F00701062BD4F8CC
:10214000008089B2C4E9002209D1434603E0628BD2
:10215000013262831B68002BF9D141F00201204655
:10216000218306F0CDFB4FF0000900286DD041F02F
:102170002001218369E0042B0AD121F0070189B2F3
:102180002046218306F0BCFB10B141F020012183E1
:102190004FF00008C14658E02369D3F80090238B24
:1021A00023F0070343F006034FF00008238346465D
:1021B0004BE02369D3F80490238B23F0070343F00B
:1021C0000403F1E72369D3F80890238B23F0070376
:1021D00043F00503E8E74FF00008C146E7E70122B6
:1021E00043F00803238387F31188BFF36F8F002A1E
:1021F0003BD1B8F1000F4AD1B9F1000F02D020460F
:102200002C49C847EFF31187202383F31288BFF3CB
:102210006F8F238B23F008039BB22383D9063FD50E
:1022200023F01002228303F007056669218B002E3C
:10223000BFF67CAF00239946D4F8008021F0070157
:10224000C4E9003341F001012183238B03F0070A25
:10225000AA4502D0A268002AC1D1B8F1000F02D16C
:10226000B9F1000FDAD00022BAE7A1680029C0D086
:102270000D680029BDD03346524620464F68B84706
:102280001DB12B6829461D46F3E72B46FAE7414668
:10229000334652462046D8F8008006F05DFBA8E79A
:1022A0009A067FF523AF23F02002228303F007056F
:1022B00027E700BF85890000014B036000207047BD
:1022C000B8B7000070B5104B0D461C68B4B10F4B89
:1022D000196800238B4202DB6FF0010070BD2246BB
:1022E00012F8106B864202D014460133F2E7E06820
:1022F00007F02BFA28B100202C60EFE76FF00C00FC
:10230000ECE76FF01200E9E73C010020B8B70000ED
:1023100010B5436888B0029383680C46CDE9033258
:1023200000230A68C068CDE90623054901AA059380
:1023300006F075FD079808B9059B236008B010BD2D
:10234000878B000008B5054806F0C3FA044806F07C
:10235000C0FA044806F0BDFA002008BDEED4000023
:102360001FD5000052D5000008B50348034A0021DC
:10237000121A06F043FC08BD900300205C230020E5
:10238000074808B5074A0849121A06F039FCBDE8A3
:1023900008400648064A0749121A06F031BC00BF39
:1023A000A00000208C03002068D8000060000020FE
:1023B000A000002028D8000030BFFFF7FDBF00BFFD
:1023C000154B9A6A12F0007F9A6A14BF1E201D20D6
:1023D00012F0807F9A6A18BF1F2012F4801F9A6A39
:1023E00018BF022012F4002F9A6A18BF212012F49D
:1023F000802F9A6A18BF222012F4003F9A6A18BFF1
:10240000232012F4803F9A6A18BF24206FEA024208
:102410006FEA12429A62704700ED00E010B5194B66
:102420000246986A9C6A10F4805F14BF1720162039
:1024300014F4006F9C6A18BF1820A40509D5986B86
:10244000986A000404D51AB19A6A22F400429A628A
:1024500019200C4B9A6A12F4806F9A6A18BF1A20DE
:10246000D2050CD49B6A13F4005F18BF1C20054AE8
:10247000936A43F47F43936200230B7010BD1B20CB
:10248000F5E700BF00ED00E010B51C4B0246986A6E
:102490009C6A10F0100F14BF1120102014F0080FC8
:1024A0009C6A18BF1220A40709D5586B986A0006C9
:1024B00004D51AB19A6A22F080029A6213200F4B57
:1024C0009A6A12F0010F9A6A18BF142012F0200FB6
:1024D0009A6A18BF1520D40658BF9B6A074B9A6AA0
:1024E000920642BF5A6A22F400525A629A6A42F035
:1024F000FF029A6200230B7010BD00BF00ED00E0E8
:1025000070B5464B06465B6800258AB0C3F30803E6
:1025100085F31188BFF36F8F02F07F40B0F17F4FDA
:1025200011D102F00C0008280DD010074CBF0E4648
:1025300001250022033B8DF80720032B05D8DFE897
:1025400003F01E61655E2E46F3E700249DF8073018
:102550009BB92022314602A806F0CCFB099B002D36
:1025600058D0C3F3080222B96FEA53236FEA43231A
:102570000993204602A906F045FB0AB070BD274B1F
:10258000DA6A9107E1D4DA6A002ADEDBDA6A5200FD
:10259000DBD55A69B16942F480725A61BFF34F8F3B
:1025A000BFF36F8F31F8022C596921F480715961A2
:1025B000BFF34F8FBFF36F8F02F47F43B3F55F4FCD
:1025C00004D1D2B2022A01D13468BFE7134B9A6A10
:1025D000D2B232B101200DF10701FFF755FF0446D9
:1025E000B4E79A6A12F47F4F05D001200DF107017C
:1025F000FFF714FFF3E79B6AB3F5803FA5D3FFF71E
:10260000DFFEECE700200DF10701E6E700200DF109
:102610000701EDE76FF30803AAE700BF00ED00E054
:10262000064B5A6942F010025A615A6942F48062BC
:102630005A615A6922F008025A61704700ED00E0C1
:10264000EFF30880EFF3098101B57246FFF758FFF9
:1026500001BD00BF002080F31488BFF36F8F0020FE
:1026600080F30A8880F30B880F4880F3088801F014
:10267000F3FA00200D490860BFF34F8F00F02CF8EB
:10268000202080F311880A484FF40061401880F33D
:102690000988EFF314800221084380F31488BFF304
:1026A0006F8F00F0A5F80000A06C002094ED00E012
:1026B00060230020002318460649D1F89020C2F379
:1026C0000722934200DB7047C1F89830C1F8A000A0
:1026D0000133F6E700ED00E010B572B6002484F394
:1026E0001388FFF7E7FF23464FF0FF300C4A03F152
:1026F00020010133102B42F82100F8D100234FF0C4
:10270000FF30074A03F160010133102B42F821002A
:10271000F8D162B6BFF34F8FBFF36F8F10BD00BF0C
:1027200000E100E01EF0040F0CBFEFF30880EFF3B0
:102730000980816911F8021C0229FFD001B5724697
:1027400006F066FA01BD00BF00B2002807DB0123D6
:102750004109034A00F01F00834042F821307047CE
:1027600000E100E000B200280CDB01220649430929
:1027700000F01F008240203341F82320BFF34F8F29
:10278000BFF36F8F704700BF00E100E0054B4209C7
:1027900053F82220012300F01F0003FA00F010403C
:1027A000704700BF00E100E000B2002801F1010124
:1027B000ACBF00F16040064B4FEA4111C9B2ABBF5C
:1027C00000F5614000F00F0080F8001319547047C5
:1027D00014ED00E0044B054A23F07F039360BFF340
:1027E0004F8FBFF36F8F70470000000000ED00E0D7
:1027F00008B5FFF7EFFF074AD2F8883023F47003DB
:10280000C2F88830FFF7B0FDFFF7BAFD00F092F88C
:1028100002F07AF900ED00E042F8203C009B0B4901
:1028200042F81C3C019B21F0010142F8183C029B3C
:1028300042F8081C42F8143C4FF0807342F8043C04
:102840000023203A0265C367704700BFED8800008F
:1028500000B50B4B0E4698601546C36E83F30B888C
:102860002C4686F309880020034B98472046002118
:1028700000220023014C20473D8C0000ED88000021
:10288000101600201022014B1A61704700ED00E085
:10289000054B5A699B689A421FBF044A536843F02C
:1028A00080535360704700BF1016002000ED00E019
:1028B000084B9B6883420BD1EFF3058343B1064B72
:1028C0005A6842F080525A605A6A22F400425A62B0
:1028D00002F00CBD1016002000ED00E013498A68DC
:1028E0004FF030001044EFF3098C80E8F01F2020F7
:1028F00080F31288BFF36F8F0D4F4FF000664A6967
:102900008A603E60D06F0023D36780F3118802F1A4
:10291000300090E8F01F8CF3098802F1000004B544
:1029200006F085F9BDE8044070470000101600204D
:1029300004ED00E00023202040F20F1210B5044CFB
:10294000E1180133934281F80003F9D110BD00BFB3
:1029500000E100E008B5EFF30583064A103B02EB07
:10296000C30152F8330049688847BDE80840FFF7C3
:102970008FBF00BF48AE00001FB50121094B0A4AB6
:102980000A4800F0F7F80023064A0393084B012198
:10299000019301A8D31A029300F0F6F805B05DF890
:1029A00004FB00BF00F0032000000020FCB7000083
:1029B000900300200A7A0B6810B562F304031C46EA
:1029C000CB68520923F01F0343EA4203044A43F051
:1029D0000103C2F89800C2F89C40C2F8A03010BDB4
:1029E00000ED00E010B5074BD3F89030C3F3072398
:1029F000013B984202D8FFF7DDFF10BD6FF01500D4
:102A0000FBE700BF00ED00E02DE9F04F0F46144654
:102A100006464FF000084B4D85B0B84580F28E80D9
:102A2000D6F80490B9F1000F35D0B9F11F0F40F27C
:102A3000838019F01F0F7FD1D6F800A01AF01F0F66
:102A40007AD1504606F01DF9834609EB0A00013899
:102A500006F017F983456FD11BF1160F6CD05C455A
:102A60006ADDC5F898B0D5F89C10C5F898B0D5F8CF
:102A7000A03021F01F0143F01F0AD6E900321A44AA
:102A8000994202F1FF391BD1CA4508D131465FFA9C
:102A90008BF006F0FFF808F101080C36BDE731466F
:102AA000C5F898B0D5F89C30E0B263F30402C5F8DD
:102AB0009C2006F0EFF810F1160F3DD0441CEAE719
:102AC000C5F898B0D5F8A020013B23F01F0302F011
:102AD0001F021343CA453146E0B2C5F8A030E8D022
:102AE00006F0D8F810F1160F26D0C5F898B0D5F832
:102AF0009C209DF808300AF1FF3A62F304038DF838
:102B00000830D5F8A0309DF808205B0863F3471221
:102B10008DF80820D6E900321344009323F01F03F8
:102B20005344A3EB0903013023F01F036946C0B2ED
:102B30000393FFF757FFBEE76FF01504204605B07B
:102B4000BDE8F08F00ED00E00522044BC3F89420AF
:102B5000BFF34F8FBFF36F8F704700BF00ED00E0F2
:102B6000BFF35F8F0022024BC3F89420704700BF71
:102B700000ED00E010B5034C2278FFF745FF207010
:102B800010BD00BF541B00202DE9F74F294D8A4688
:102B900006464FF00008AB46274FD0451BDAD6F863
:102BA0000490B9F1000F3FD031680846019106F05A
:102BB00068F80199044609EB0100013806F061F854
:102BC00084424FF014021D4B08D002FB08F36FF053
:102BD00015024BF8032003B0BDE8F08F14F1160F77
:102BE0002C60F8D01978A142F5DD02FB08B0C7F8D7
:102BF0009840C7F89840D7F89C4000F10801007B46
:102C000064F304000871D7F8A0000C79400860F361
:102C100047140C71D7F89C1021F01F016960D7F898
:102C2000A01021F01F01296108F1010814350C36AC
:102C3000B3E700BF3C15002000ED00E0541B00206E
:102C4000F0B55349534DD1F890302C68C3F30723A6
:102C50009C4287B000F299800020FFF781FF4E4B25
:102C6000C1F8C030844216D14C4D01A82C70FFF73A
:102C700023FB002607464A4CB74213D100202B788D
:102C80004349D1F89020C2F30722934277DBFFF744
:102C90005BFF002046E0696801EB0011FFF78AFE48
:102CA0000130DFE70199300101EB0613DA682240B9
:102CB000B2F1807F52D00AD8B2F5001F34D0B2F5FD
:102CC000800F3ED0B2F5801F12D00136D4E7B2F1AA
:102CD000006F43D0B2F1805FF7D15A689B68095802
:102CE000013B22F01F00034423F01F03012032E0C8
:102CF0005A689B680958013B22F01F0003440120D9
:102D0000844623F01F0340EA4C10CDE902218DF8E0
:102D1000100002A928780593FFF764FE00282ADA3C
:102D20006FF0150007B0F0BD5A689B680958013B69
:102D300022F01F0003444FF0020C012023F01F0378
:102D4000E1E75A689B680958013B22F01F000344E1
:102D5000022023F01F034FF0000CD4E75A689B6851
:102D60000958013B22F01F0003444FF0030C0120DF
:102D700023F01F03C7E72B7801332B70A5E7C1F8B9
:102D80009830C1F8A00001337BE74FF0FF30C9E76E
:102D900000ED00E008B80000AAFF4400541B00202A
:102DA0000000F0FF08B5024805F093FDFEE700BF04
:102DB0008ED50000014B1860704700BF4001002015
:102DC000164B174A10B51A6000F04AF800204FF46D
:102DD0007A641449144BC1F80409D3F82036C3F3BC
:102DE0000802C3F30943634342F21C5482F4807225
:102DF00002F2172204FB02334FF47A741B0AB3FB6E
:102E0000F4F204FB1233B3F5FA7F28BF0132C1F8A4
:102E10001C27C1F80009002010BD00BF400200209F
:102E20000020A1070000125000C0FF0048B1054B70
:102E3000054A1B68B3FBF2F35843044B43F001030C
:102E4000184770474002002040420F0050B7000072
:102E50000020024BC3F8D406704700BF00600D503D
:102E60000122024BC3F80424704700BF002008E091
:102E70000022024BC3F80424704700BF002008E082
:102E8000084B70B5C31A0D4607499B1004465943B9
:102E90004022064805F051FF2B4601462046BDE87A
:102EA0007040184764150020B76DDBB6A0AD000078
:102EB000402373B50B4C0093041B0B460D460A4987
:102EC000A41061430646094A094805F062FF01461D
:102ED00028B130462B4602B0BDE87040184702B01A
:102EE00070BD00BF64150020B76DDBB6FF8D00001C
:102EF000A0AD0000F8B500220121054640F2051002
:102F0000FFF752FC0F4800F045FF0446B8B900F047
:102F100061FF2F690C49384605F041FD031E09DBAE
:102F200001263E642D69084905F11C0005F037FDB6
:102F3000031E02DA1C462046F8BDEE64FBE76FF084
:102F40000404F8E77530000030B800001FB5002217
:102F500001236C46CDE902236B46074ACDE90044C4
:102F600005F046FF28B943F609520023684601F0F0
:102F700027FF04B010BD00BF118E000010B5EFF3A5
:102F80001184202383F31288BFF36F8F074A1368DD
:102F900023F00201DB07116002D4012006F076F96C
:102FA00084F31188BFF36F8F10BD00BFB4150020EC
:102FB0000C22104B014602FB0033002030B4D3E951
:102FC0000E529863EFF31180202484F31288BFF32C
:102FD0006F8F1C6C04F0C00444F002041C6480F386
:102FE0001188BFF36F8F1DB12B4630BC02481847C4
:102FF00030BC704764150020A0AD000010B4EFF3A2
:103000001180202282F31288BFF36F8F16490B685C
:1030100043F0020413F001030C6017D0134BD3F8F4
:103020000C3413F4803311D0EFF3118182F3128842
:10303000BFF36F8F0E4A136C03F0C00343F002031B
:10304000136481F31188BFF36F8F012380F311881C
:10305000BFF36F8F1BB1002010BCFFF7A9BF012089
:1030600010BC06F00BB900BFB415002000E01050F2
:1030700064150020022808D0042808D1044B186CDD
:1030800010F0070003D1FFF793BF0120FBE7704763
:1030900064150020C3B21C20014A00FB03207047C6
:1030A000641500202DE9F041012280463549D1E820
:1030B000EF3FC1E8E02F0028F9D133B93249334856
:1030C0004B60CB608A6005F07DFC08F1FF33012B7B
:1030D0004BD8B8F1010F06D12D4BD3F8503403F083
:1030E0000303012B41D006F06CFB054650B1EFF312
:1030F0001186202383F31288BFF36F8F0125244CA0
:10310000244F20E0244B1B78002BF0D00422204BCE
:103110000646C3F80823F2E74DB3304605F0A2FD9A
:10312000D4F8403413F0FF030DD1D4F8082152B184
:10313000C4F80831D4F8083120220123C4F84034FF
:10314000C7F8A0212361D4F84C24D4F84C34D2031E
:10315000E2D503F00303012B02D0B8F1010FDBD15C
:1031600055B186F31188BFF36F8FBDE8F081002160
:10317000202006F09AFBD3E70422054BC3F8042372
:10318000F3E700BF601500205015002080150020D7
:1031900000E0105000E100E05723002008B5074888
:1031A00006F0D3FA38B10648FFF704FE0448FEF7EC
:1031B00055FD002008BD6FF01200FBE710AE0000C7
:1031C000C53100000A2838B50446074D04D1AB6864
:1031D0000D2128465B689847AB6803485B68E1B2FD
:1031E0009847204638BD00BF10AE00000023024AB9
:1031F0000020C1E90023704700D017000048704745
:1032000054B80000024B0B6001231360704700BFED
:103210005CB8000008B501220448114606F0C5FA62
:10322000034B044A0020C3F80C2508BDB815002044
:1032300000B0045080000080F8B5041E0E4615460C
:103240002DDB184B9C422AD8C4F5BE1303F58053DE
:103250009A4224D8E2B14FF0FF324FF0FF331248C8
:1032600001F0AEFD40F20113104F2A46C7F80035B9
:1032700086B13146204605F03DFDBFF35F8FD7F89C
:1032800018344FF48073C7F80035074801F064FD27
:103290000020F8BDFF21204605F037FDEDE76FF077
:1032A0001500F6E7FFCF1700B815002000B0045056
:1032B00010B50C1E10461A460CDB084B9C4209D870
:1032C000C4F5BE1404F58054A24203D805F012FDE3
:1032D000002010BD6FF01500FBE700BFFFCF170007
:1032E0002DE9F04340F206354768D00648BF4FF05D
:1032F000030C3B7C02EA050558BFC2F3401C87B0B3
:1033000001F01F06B5F5837F144646EA43168DF893
:1033100003C045D00DD8062D44D005D8A5B1022D47
:1033200012D06FF0150038E0B5F5807FF9D1012596
:103330000AE040F20222954236D0B5F5407F35D002
:10334000B5F5007FEDD10425220331D501237A683C
:103350008B405360B86890BB5F2E06F01F034FEAA6
:10336000561175D83C4A52F82120C4F3004102EBB3
:103370008302D2F8803081F00101C4F3404423F489
:10338000706344EA410423F00F031C4344EA8C04B5
:1033900044EA0524C2F88040002007B0BDE8F0836D
:1033A0000925D1E70825CFE70625CDE70525CBE799
:1033B000630341BF01237A688B409360CAE73146BB
:1033C0000DF1020206F035F914F4403F80460CD1AD
:1033D0003146B86806F046F9B8F1000FDCD19DF827
:1033E0000210B86800F082FFD6E74FF0000901AB89
:1033F000CDE90199CDE90439CDF80C903146B86892
:1034000003AA06F05FF84845C6DB14F4003314D075
:103410009DF80330C4F3004484F001048DF80E30AD
:103420008DF80C508DF80D404B463146B86803AA14
:1034300000F0AEFE0028CFDAAEE7CDE904330DF19F
:10344000030303933146B86803AA06F03BF8F1E79B
:10345000203350F82330FFDE64B800004209022A0E
:10346000034670B503D0012A18D0CAB170BD0E4E04
:10347000326951680029F9D0012503F01F030C6857
:103480009D400029F2D08A682A4002D030464B681D
:1034900098473CB1236821461C46F2E7034EE7E714
:1034A000034EE5E72346F6E7F4AD0000D8AD000093
:1034B000BCAD000038B54568A868C0B106F0CCF8CE
:1034C0000146A0B9A86800F0D9FE044688B90246B2
:1034D0000949A86806F0AAF822460121DB20FFF777
:1034E00063F92246012140F20D10FFF75DF900203B
:1034F00038BD6FF00400FBE75D340000F0B54468B0
:103500001646A068227C01F01F0587B045EA4215E7
:1035100000286CD0B6F5001F04D1294606F0F4F857
:10352000002055E06268607CB6F5800F50624FF075
:10353000000001AA0190506039D1B3F1007F14BF9F
:10354000052304238DF804300023CDE904230393DD
:10355000E3680DF1030723FA01F111F0010139D1FC
:10356000B6F1A07F36D105F01F035F2D4FEA55104D
:1035700003F120033ED8214A52F8202052F823308C
:10358000DB0727D43A462946A06806F052F81630E1
:1035900018D002972946A06803AA05F093FF0028D7
:1035A00016DB01222946A06806F05EF8B8E7B3F101
:1035B000C06F05D0B3F1007F14BF01230223C1E720
:1035C0000323BFE73946A06800F09AFE0028E0DA3E
:1035D00007B0F0BD3A462946A06806F02AF8002850
:1035E000D8D19DF80310A06800F080FED2E76FF0FC
:1035F0008500EDE751F82330FFDE00BF64B800001E
:103600002DE9F04F002440F2FF188C46DFF80CA1A2
:103610004349E3B29C4501D800201EE050F82460E5
:10362000C6F3C325082DC6F308036CD83D4F4345A8
:1036300008BF4FF0FF33B6F1806F17F805904FEADF
:10364000166506D2013D022D09D8DFE805F0191FE5
:103650002200382D20D06FF08500BDE8F08FC2F831
:1036600004365E1C4DD05F2B4FEA53164ED82B4DBF
:1036700003F01F0755F826600125BD4075601EE068
:10368000C2F80C365D1C3CD0002619E0C2F810369A
:10369000E7E7C2F80836F5E75F2B03F01F054FEAAE
:1036A000531736D81D4E56F8276006EB8506D6F818
:1036B000805025F0E04545F08045C6F88050012651
:1036C00050F824704FEA531B3D0452BFB6464FF0EA
:1036D000010E00265F2B03F01F051AD85AF82B3075
:1036E000C7F3412703EB8505D5F880304FEA092B56
:1036F0004BEA87070B403B43334343EA4E03C5F88D
:103700008030013485E76FF01500A6E700235B6089
:10371000FFDE0023203553F82530F9E7ACB8000070
:10372000F0F0FCFFE0D600002DE9F04104460D4624
:10373000476806F046F888B12021EFF311831A4656
:1037400081F31288BFF36F8F60680068D0F8300192
:10375000D0B983F31188BFF36F8FEEE71E4B1B7850
:10376000002BE9D04FF02008642663681B68D3F86B
:103770003031FBB9012005F04AFD013EF5D10021B1
:10378000202006F092F8EFE77B6A00201D70636846
:10379000796A1B68C3F83C170121C3F84017C3F8C6
:1037A0003001D3F83001196582F31188BFF36F8FB0
:1037B000BDE8F081EFF311831A4688F31288BFF356
:1037C0006F8F61680968D1F830110029DCD183F36B
:1037D0001188BFF36F8FD2E75723002070B40F4CCE
:1037E000D4E90015501A63EB0506400940EAC660AB
:1037F0002026E0FB0615C4E9001500240025084931
:10380000C1E90023074BC3E90045EFF3118186F3BB
:103810001288BFF36F8F70BC01F044BFB00300206B
:1038200098030020A803002008B500220121E4200D
:10383000FEF7BAFF164A0020D2F8183723F44033B7
:10384000C2F8183700F0B0FE002820DB0120114933
:1038500000F036FF00281ADB00F080FE0E4B20F04F
:103860001F00C3E900010D4B0022C3E900014FF026
:10387000FF304FF0FF310A4BC3E90001094B0A4901
:10388000187A00F07BFE67220020084B1A6008BD02
:1038900000200E503C020020B003002090030020C6
:1038A0009803002034020020DD370000F4150020CA
:1038B00008B500F053FE064AD2E90032C01A054BA3
:1038C00061EB0201C3E90001400940EAC16008BDA3
:1038D000B0030020A803002010B500F041FF012034
:1038E000FFF7D8FB05F0B9F8BDE81040054B064AD4
:1038F0001B684FF47A70B3FBF2F35843034B43F069
:10390000010318474002002040420F0060B700004A
:10391000F7B5224B0146224F187A224BD7E90056C1
:10392000D3E900239E4208BF954211D1B1F1806FC7
:103930000ED24901012938BF012101224D1946F15A
:103940000006C7E9005603B0BDE8F04000F094BFA0
:10395000154BDFF858C0D3E90043DCE9002CA4186C
:1039600043EB0C0C4FF0200E22466346C1FB0E23A6
:10397000954276EB0301C7E900230DD2291B66EBC4
:103980000C04C82974F10004B4BF01210021009186
:1039900000F03CFF03B0F0BD0021F8E73402002046
:1039A000A003002098030020B0030020A8030020FB
:1039B00040EA0103C3F309033BBBB1F5784F24D8B8
:1039C000154BD3F874250F2A22D1B1F5F84F10D931
:1039D000D8B9D3F86C250F2A1AD1C3F868054FF46B
:1039E000F84002F5F91202F6F672C3F86C25A1F55B
:1039F000F84143F20503084A890A43EA0143C2F841
:103A000070050020C2F8743570476FF015007047DC
:103A10006FF01B00704700BF00B004504FF400610E
:103A2000014802F005B800BF571B002030B581687F
:103A300085B0103921F00F04054605F09DF81022DD
:103A40000146684605F061F910226846064905F00E
:103A500051F910236A462146284605F071F80038CE
:103A600018BF012005B030BDD6CE000030B50D46E0
:103A7000816887B0102302AA1039044605F04BF87C
:103A8000002802DA012007B030BD1022204602A92A
:103A900005F01BFB00283AD110221E4902A805F0B0
:103AA00019F900280CBF012302232B70204605F0D2
:103AB000F8FA012301460DF10702204605F02BF824
:103AC0000028DFDB9DF80730204603F00F021B09BA
:103AD0006A702B7101220DF1070105F0F6FA10B999
:103AE0006B78042B03D901236B7000232B71A26820
:103AF0002046203A22F00F02103AA91C05F0F8FAED
:103B00000028BFD12046E91C05F04BFBBBE703238F
:103B1000CBE700BFD6CE0000F0B5324F85B04600EF
:103B20000546694657F8260005F041FB044610B1EA
:103B3000FF2005B0F0BD013657F8260002A905F0B8
:103B400036FB012808D12A464921274804F0C8FF3E
:103B5000264B8DF80C40029300229DF800609DF8E2
:103B60000870234C3146207805F0A1FA48B3394655
:103B7000607805F09CFA20B3A378042B03D09DF85D
:103B8000031099421DD1E378042B03D09DF80B104C
:103B9000994216D12379042B0FD16379023BDBB212
:103BA000022B1AD9134B14482A46492104F098FFD6
:103BB0006079831E022BBCD9BAE79DF802109942A6
:103BC000EBD00132032A04F10604CBD10B482A467C
:103BD000492104F085FF0120ABE7094A52F8233060
:103BE000E1E700BF14B9000005D60000030103039C
:103BF000E9D60000F3D5000050D6000074D60000CE
:103C000008B90000064BD3F840231C2A05D1D3F88D
:103C10004403431E5842584170470020704700BF7C
:103C200000C0FF0003689A070CD50368DB070DD5B9
:103C30000922074BC3F80C250F22C3F804250122E3
:103C40001A60FEE7034B0360EF3B0360704700BF61
:103C500000801050F000FA5008B501233F4A404858
:103C6000C2F800383F4AD2F840231C2A04BF3E4A1B
:103C7000C2F80C34FFF7D6FF0830FFF7D3FF083047
:103C8000FFF7D0FF0830FFF7CDFF00F5F470FFF726
:103C9000C9FF364AD2F88C3043F44063C2F88C3006
:103CA0000022D30003F57F0303F54043D3F800144B
:103CB00001310AD0D3F8001439B1D3F8001401321D
:103CC000D3F80434402A0B60EBD1244BD3F84024C2
:103CD000002A3ED0FFF796FF48B1224BD3F8342399
:103CE000234B9A429EBF1D4B224AC3F84026FFF742
:103CF00089FF18B1204B214AC3F8AC27FFF782FF98
:103D000048B13422154BC3F82426D3F83C2622F4BC
:103D10000022C3F83C261A4BD3F80026D20744BF32
:103D20006FF00102C3F80026164BD3F8182522F0D5
:103D30000302C3F81825D3F8182542F00302C3F88C
:103D400018250A4AD2F88C3043F44063C2F88C300C
:103D500008BDC822C3F84024BCE700BF00001250D1
:103D600000C50D5000C0FF000030055000ED00E020
:103D7000001D0A1840E0A91E00A0085078000A049F
:103D800000E0105000B00450014B1B68184700BF02
:103D9000F815002010B50C4C237993B90123237139
:103DA0000A4B0028206018BF184600F0F3F850B9FD
:103DB00023680748002B08BF1846BDE8104000F0F4
:103DC00035B86FF0770010BDF8150020893D000070
:103DD0007992000008B5074B1B6853B140F20510FB
:103DE000FEF7D4FC28B9BDE8084040F20510FEF704
:103DF000ABBC08BDF815002038B504230A4C42F2CC
:103E00001075C4F80833012363610023C4F8083136
:103E1000D4F80831D4F84C34DB0304D5012005F084
:103E2000F6F9013DF6D138BD00E01050064A13798D
:103E30003BB9012110601171044A1846C2F84034A0
:103E400070476FF0770070470016002000E01050B8
:103E500010B51D4B1D4CD3F84C14D3F84C2411F461
:103E6000803F19D002F00302012A01D08AB9002252
:103E7000154BC3F840240022C3F80821D3F80821C9
:103E800001221A6122688AB9D3F80821002AFBD0DE
:103E900014E0FFF7B1FFEAE7D3F84824D107E6D5ED
:103EA000D3F850249207F4D422681AB10422C3F83C
:103EB000042310BDD3F80821002AFBD00022C3F848
:103EC0000821D3F80831F4E700E010500016002074
:103ED000F8B50125184C194ED4F80C3303F00C0337
:103EE00003B9F8BDB3FA83F30027C3F11F039A00A7
:103EF00002F5807292B202F1A04202F587121760B9
:103F000005FA03F1022B1268D8B2C4F8081310D1D5
:103F1000D4F84C34D4F84C349B070AD10423C4F8A9
:103F20004054C4F804332561D4F80C3303F00C0377
:103F3000D6E733689847F7E700E0105000160020F6
:103F4000712238B5104B0021C3F80823012242F238
:103F500010745A60C3F80011D3F800110B490A4DD0
:103F6000D1F840131C2908BFDA60D5F80C3413F4DB
:103F7000803305D0012005F04AF9013CF5D138BD68
:103F8000034A5371FBE700BF00E0105000C0FF0080
:103F900008160020054B0246187918B91A6001224C
:103FA0001A7170476FF07700704700BF0816002045
:103FB0000022164BC3F81021D3F81011C3F81821B2
:103FC000D3F81811C3F81421D3F814111049D1F8FB
:103FD00040131C2904BF01219960C3F80021D3F8C4
:103FE000002101221A600B4A126852B9074BD3F81C
:103FF0000021002AFBD00022C3F80021D3F80031B1
:1040000070477122C3F80423704700BF00E01050CE
:1040100000C0FF0008160020F8B50126194C1A4D03
:10402000D4F80C3303F0710303B9F8BDB3FA83F38A
:104030000021C3F11F039A0002F5807292B202F1CF
:10404000A04202F58712116006FA03F7042B1268EA
:10405000D8B2C4F8087308D0062B10D02B68984744
:10406000D4F80C3303F07103DEE702236B71C4F85C
:104070001411D4F814312023C4F80433EEE7697125
:10408000ECE700BF00E0105008160020036803F0C2
:104090001F025F2B02604FEA53129ABF024B53F884
:1040A00022000020704700BF1CB90000034A4309EA
:1040B000D35C00F01F001844C0B27047FBD600006C
:1040C000F0B50646002487B0114F019117F8012B77
:1040D00006AB03EBD20313F8143C02F00702D34003
:1040E00013F0010306D10134032CEFD1002318464D
:1040F00007B0F0BD074A03AD07CA85E8070055F8C9
:1041000024100A6A46F824200A62002AEBD0EEE75F
:104110000BD7000040B70000F7B504460846FFF78C
:10412000C5FF04EB4006B38A0D46DB072AD52046BF
:1041300005F0A6F92946204605F013F950B12046AE
:1041400005F025F90023276807EB8000C0F810353B
:10415000C0F810352946204605F042F9002101A893
:10416000B1820195FFF792FF019B00EB8300D0F82D
:104170008020064B134043F00203C0F8803008460D
:1041800003B0F0BD6FF01500FAE700BFF0F0FCFFE0
:104190002DE9F043044685B0084615461F46FFF753
:1041A00085FF0E46804625B3204605F0E5F818B990
:1041B000204605F0D6F818BB04EB4809B9F81430CE
:1041C00003F01C0313B16B78012B19D001238DF878
:1041D0000F3000233046CDE900536A1CAB1C0DF1B3
:1041E0000F0105F066F8B9F8143043F00303A9F89D
:1041F0001430002F3ED03146204605F0BDF820B9DE
:104200006FF0150005B0BDE8F0830022397823680F
:104210004FEA810C03EB8103C3F81025C3F8102586
:1042200004EB4802938A23F4604323F02003938233
:104230007D78FDB12468B8786444D4F810750E4BCD
:104240002D043B40C4F8103541F6F07305F44035B9
:1042500003EA06130005D4F810752B4300F4801010
:1042600003433B43C4F81035938A43EA413343F098
:10427000200393820020C5E70FE0ECFF70B590F8B3
:104280007440054690F8756044BB462221461430C0
:1042900004F03BFD2146134A2B6852F836608E42EB
:1042A00012D1002440F20D10C3F84441D3F8442148
:1042B0000D4A934208BFDB20FEF746FA0123204651
:1042C00085F874302B6670BDCAB2920002F580701A
:1042D000442A04BF1C501A580131E0E76FF0770000
:1042E000F1E700BF28B9000000A00D5090F875005C
:1042F000024B03EB800004F0A6BF00BF4402002085
:1043000010B5064B90F875000C4603EB800004F0E6
:1043100080FF0028A4BF2070002010BD44020020B0
:104320002DE9F04F804658F804BB90F87540DBF853
:1043300014136A4BC9B253F8342007468BB0584661
:1043400041F4003105F075F88203054639D50023A4
:10435000CDE907330993614BE60003EBC4046368BE
:1043600007A819460093FFF7ABFE331D03934FF0E8
:10437000000A5B4B0DF11C090293029A574912F88F
:10438000013B0292039A02EBD3028A5C03F007031B
:1043900022FA03F3DB071AD40AF1010ABAF1030F78
:1043A00009F10409E9D14FF400310022584605F023
:1043B00040F8009907A8FFF783FE0028D7D125F41D
:1043C00000350124002D73D10BB0BDE8F08F454BB3
:1043D00053440493D9F80060002EDDD096FAA6F677
:1043E000B6FA86F6049B1C7846EA44142046FFF78A
:1043F0005DFE07EB4000818AF208C1F3820305935A
:104400000193012319F8020006F0070603FA06F6E5
:1044100020EA060009F8020006A80694FFF736FE17
:10442000069A11F0100F02F1200250F82260059B4D
:10443000C6F3014623D04046019A214604F0B1FF5D
:1044400006A80694FFF722FE069BF6B2203350F82A
:104450002330C3F301439E4207D10021204604F0DC
:1044600071FF3146204604F06DFF06A80694FFF761
:104470000DFE0122069B02FA03F30362AAE7022E55
:1044800014BF022103212046059304F05BFF059B26
:10449000032B03D0022E07D1012BE6D12146404643
:1044A000019A04F07EFFE0E7032EDED1022BF4E751
:1044B00095FAA5F3B3FA83F304FA03F225EA0205A9
:1044C00003F5A2725BF8222007EB43034046B3F8E2
:1044D0006410C2F3014204F064FF73E728B90000DE
:1044E0000BD700000BD700000123034A03FA00F0AA
:1044F0009368034393607047A00000200123044A9F
:1045000003FA00F0936823EA00039360704700BF4A
:10451000A000002073B504460191EFF3118620231B
:1045200083F31288BFF36F8F0B4D019B6A6801A85C
:104530001340019304F06DFE002807DB01226B6835
:10454000824023EA02036B602070002086F311880A
:10455000BFF36F8F02B070BDA00000204FF0FF329C
:104560006FF0404330B5044CD4E90001824273EB54
:104570000105F9D330BD00BF40270E5030B50C25E2
:10458000074B1C1894F8544005FB0433C3E903128D
:1045900018750123034A8340C2F8243330BD00BF9D
:1045A000A000002000200E50F8B53E4C2278002AD2
:1045B00072D13D4BD3F8101521F00201C3F810154C
:1045C000D3F8101541F00101C3F810150521C3F807
:1045D000A4160421C3F8AC160723672101F00100DB
:1045E0000244013BD2B24FEA5101F7D1052A56D11C
:1045F00019464FF0010C2B4E00256720CFB204E086
:104600000CFA02F220EA0200013590FAA0F25FFAF9
:1046100085FEBE45B2FA82F2F2D301313275052928
:10462000224482F8547006F10C06E5D101210025E0
:104630001E489A0801FA02F212F0670F18BF1D50C7
:104640000433302BF5D1E420FEF77EF8164B1849E1
:10465000D3F8102503F5C07322F00202C3F89023AB
:1046600040F6FF72C3F8A82100221A60A3F58070FB
:1046700004338B420260F8D101250B4B0D4A1D66B5
:104680000D4B5D201B68B3FBF2F358430B4B2B43E0
:10469000984700202570F8BD6FF07700FBE76FF0BA
:1046A0008B00F8E7A000002000200E5000210E50E3
:1046B000B0210E5040420F004002002070B70000B1
:1046C00038B5244B0D46D3F8102594073CD4D3F8C5
:1046D000102542F00202C3F81025C0B1D3F84827D4
:1046E00012F0010202BFD3F8481741F00101C3F8EC
:1046F0004817184BD3F84017D3F844174800F9D49B
:104700002AB9D3F8482722F00102C3F84827124BF0
:10471000124A1B68B3FBF2F30E4A03EB4313B3B127
:10472000D2F84017D2F8441749000BD44FF0FF31AC
:104730002846FFF7EFFE044610B92878FFF7D4FEAD
:10474000204638BD013BEAE76FF07704F8E76FF0E9
:104750007304F5E700200E504002002040420F0095
:104760002DE9F047DFF89C9067234E4656F8044F3A
:104770000025E4434FF00108234F04F06704C7F815
:104780002833E9B2E4B9E420FDF7ECFF1E4BD3F87F
:10479000482722F00102C3F84827D3F8102522F059
:1047A0000102C3F81025D3F8102522F00202C3F845
:1047B000102501225A669A6689F80040BDE8F08704
:1047C000D9F8083008FA05FA0AEA030313F0670F6C
:1047D00002D00846FFF792FED9F80430DB4303F01D
:1047E000670313EA0A0F09D0002207EB0513C3F889
:1047F0002C25E30702D5304604F025FD6408013579
:10480000BFE700BFA000002000200E5070B51E467C
:104810001546174A9DF81010131893F854300C33AE
:1048200002EBC30442F833506660C6F3130204017E
:10483000A1B104F1A04404F56224C4F82055C4F8E1
:1048400024250C4C80000444236833B1FFF786FE16
:10485000A842B14101D20023236070BD04F1A043FE
:1048600003F56223C3F82055C3F82425F5E700BFFC
:10487000A000002000210E50F0B50E4D2B1893F82B
:10488000543000010C3355F8334005EBC3077E6804
:10489000641800F1A04021F0004146F1000641EA11
:1048A000C27100F5622045F833407E60C0F82815DB
:1048B000F0BD00BFA0000020F7B5284B284CD3F86E
:1048C0002C6304F188070EB903B0F0BD96FAA6F088
:1048D0000123B0FA80F08340DA43224926EA030636
:1048E000231893F85450830019440C2303FB054309
:1048F000DB6873B3D7E8EF3F03EA020CC7E8EECFFB
:10490000BEF1000FF6D1C340DB0719D5020102F159
:10491000A04202F56222D2F82435D2F82025D1F83F
:1049200000C0BCF1000FCED04FF0000CC1F800C0A9
:104930000C2101FB054529690091E9688847C2E718
:1049400005F10C0304EBC30C54F83320DCF80430FD
:10495000E5E70A68002AB6D00B60B4E700200E50E5
:10496000A000002000210E50044B40EA0120C3F8B3
:104970000005D3F80024D207FBD5704700B00450DF
:1049800038B5EFF31185202383F31288BFF36F8FBF
:10499000064B9C6804F0ECFE85F31188BFF36F8F23
:1049A0002046BDE83840FDF783BF00BF1016002049
:1049B00038B50A4B53F82040013053F82050A54237
:1049C00000D838BD606830B1037EDB0701D404F045
:1049D000A4FE0834F3E723689847FAE738B90000E3
:1049E000012270B5294B86B003201A70FFF7E0FF53
:1049F00005F028F80420FFF7DBFF254C254D26465F
:104A0000AE4204F130040FD300F0A6FB204CAC42C0
:104A100026D300F0B5FBFBF7DFFE1F4A938923F096
:104A20000103938106B070BD54F80C3C059354F813
:104A3000103C049354F8143C039354F8183C02932C
:104A400054F81C3C019354F8203C009354E90A2389
:104A500054E90C0100F0DAF954F8303C5E65CEE719
:104A6000D4E90A23B3F1FF3F08BFB2F1FF3F05D0FD
:104A700052EA0301206803D104F040FF3034C6E756
:104A80000649183000F07EFDF8E700BF57230020EC
:104A9000C0B60000C0B600004004002085980000A9
:104AA000882370B5134E012203FB0066002386B0F5
:104AB000CDE904230F220193CDE9023214234FF4F0
:104AC000A0720D4D0D4903FB0055044602FB001179
:104AD0000B4B3046009500F099F9337C2C7423F091
:104AE00004033374074B013403EBC423EE606B60A3
:104AF00006B070BDB803002010160020602B002007
:104B000077970000602300207FB50020FFF750FF5B
:104B1000284B03F5006282F3088883F30A88002497
:104B2000E023254D85F82230EC772C766C76AC7638
:104B300085F820406B6A43F4E0236B6285F82340DC
:104B4000FDF76EFDFDF79EFE4FF0FF33AB62EB62AB
:104B5000FEF776F8FDF710FF184800F087F90120FE
:104B6000FFF726FF0220164DFFF722FF00F032FB71
:104B7000144B4FF480425D61134B1449059301239C
:104B80002846CDE90343CDE90144114B009400F0E0
:104B90003DF906462B7C284623F004032B7404F0D1
:104BA0004EFE2046FFF77CFF31462846084AFDF7B7
:104BB0004FFE00BF6023002000ED00E0C80400208D
:104BC0004004002010160020ABD60000A02C0020CE
:104BD000E14900002DE9F341044617461E46EFF374
:104BE0001188202383F31288BFF36F8F304BC26884
:104BF0009B6872B18068984217D057EA060216D1B6
:104C000088F31188BFF36F8F6FF00F0002B0BDE81B
:104C1000F08193F90E1001322161C4E9023288F368
:104C20001188BFF36F8F0020F0E72169F3E793F954
:104C30000E1090F90E30994230DA9942A8BF194609
:104C400004F0A4FD054622464146CDE90076194808
:104C500000F0F4F90028E6D0EFF31186202383F367
:104C60001288BFF36F8FA068D0B1236821699C427E
:104C70000AD04BB193F90E309942A8BF19466FF094
:104C80007F039942B8BF194604F080FD40B1314618
:104C9000084804F007FE6FF00A00B7E70025D2E7E6
:104CA000002DF4D186F31188BFF36F8FF3E700BFB7
:104CB0001016002058230020F8B583680546002B05
:104CC00040D0234A926893423FD1C368012B03D955
:104CD000013BC3600020F8BDEFF31187202383F36D
:104CE0001288BFF36F8F0169806804F04FFD2C6854
:104CF000A54207D10023C5E9023387F31188BFF32A
:104D00006F8FE7E7002CF5D0D4E90032002613605E
:104D10005A60237CC4E9006623F002032374A66072
:104D200004F1180004F055FEAC6094F90E302046F2
:104D30002B61C4F8806004F082FD3946054804F018
:104D4000B1FDC7E76FF01500C5E74FF0FF30C2E7D0
:104D5000101600205823002070B5EFF31186202391
:104D600083F31288BFF36F8F0468A0421BD0D4B1C5
:104D7000D4E90032002513605A60237CC4E9005551
:104D800023F002032374A56004F1180004F021FE4F
:104D90002046C4F8805004F052FD3146BDE8704012
:104DA000064804F07FBDD0E902329A4218BF0133B1
:104DB000836086F31188BFF36F8F70BD5823002086
:104DC00013B5EFF31181202484F31288BFF36F8FA2
:104DD000846844B1013C846081F31188BFF36F8F14
:104DE000002002B010BD52EA030406D181F31188FD
:104DF000BFF36F8F6FF00F00F3E7CDE9002302469A
:104E0000014800F01BF9ECE7582300202DE9FF4191
:104E10000E9E00F1580586810426C0E9165500252E
:104E2000044606740D9EC0E906558673D61D0C9A7D
:104E300026F00706C0E91B168560C5734567029218
:104E40000B9A01EB060801920A9A00924246FDF77E
:104E5000E3FC054B65659B6803B19B6F4046A36708
:104E600004B0BDE8F08100BF1016002001230374D8
:104E700083810023C0E91B338367014B986070472F
:104E8000101600206FF00A01094A9368C3F88010D9
:104E90000849D8674B6843F080534B60002383F385
:104EA0001188BFF36F8F9368D3F88000704700BFFD
:104EB0001016002000ED00E070B590F91020037C82
:104EC000002A2FDBD9062DD11A4C63F07F0322462E
:104ED000037452F8183FE169934207D1C0E90021F9
:104EE0000860E0610FE09942F8D01B68002BF5D014
:104EF00093F90E6090F90E50AE42F4DD5968C0E9A6
:104F0000003108605860A569954200D005B9E56890
:104F1000A3681A7CD20606D1DA897F2A03D9AA6946
:104F20000AB9636170BDAB4202D0284600F0ACFA0A
:104F30006561F7E71016002038B590F9102001469A
:104F4000002A037C04DA03F07F03037404F03FFCBF
:104F50000D4D2A4652F8184FAB68944200D004B960
:104F6000EC688B4207D01A7CD20604D1DA897F2AFA
:104F700001D9A2692AB1A34202D0204600F084FAE6
:104F800023466B6138BD00BF10160020B3F1FF3F10
:104F900008BFB2F1FF3F03D00249183000F0F2BA67
:104FA000704700BF85980000034648B9EFF30582BB
:104FB00032B9064A51699268914201D0FFF762BF47
:104FC00083F31188BFF36F8F704700BF1016002066
:104FD00038B5184CA168E0690B68814214BF1A46C5
:104FE000002249680B605960A368E1692AB9124A36
:104FF000C3E900210B60E3610AE092F90E5093F9D6
:105000000E00854212DD5168C3E900210B60536038
:10501000A569094B9D4200D005B9E568A3689D428A
:1050200002D0284600F030FA656138BD8A42DED0F1
:105030001268DBE71016002028160020F8B5DDE91D
:1050400006670D4B0C46986811460C4A1060EFF34A
:105050001182202282F31288BFF36F8F9D68284649
:1050600004F0C7FB284632463B46FFF78FFF204639
:10507000BDE8F840FFF706BF1016002030160020EC
:10508000F8B50446EFF31187202383F31288BFF3AA
:105090006F8F037C49B203F01F02002A0CBF012668
:1050A000002635D103F07F032A4D037404F08FFBF3
:1050B0002A46037C817363F07F03037452F8183F20
:1050C000E869934207D1C4E900200460EC610DE077
:1050D0009842F8D01B68002BF5D093F90EC08C4590
:1050E000F6DD5968C4E900310C605C60AC6994423B
:1050F00000D004B9EC68AB689C4202D0204600F0B6
:10510000C3F96C6187F31188BFF36F8F3046F8BD28
:105110009B071CD5856804F05AFB81732B689D4260
:1051200009D16B68C4E900531C606C60EAE76A68E7
:105130009A42F6D01B68002BF3D093F90E208A42D6
:10514000F5DD5A68C4E9003214605C60DAE7817307
:10515000D8E700BF10160020EFF31181202383F35E
:105160001288BFF36F8F054B9A68D37B013BD373D3
:1051700081F31188BFF36F8F704700BF10160020B6
:1051800070B5EFF31186202383F31288BFF36F8F7E
:105190000F4DAB68DA7B0132DA732A4652F8184FAA
:1051A000944200D004B9EC681A7CD20604D1DA89A2
:1051B0007F2A01D9A2692AB19C4202D0204600F080
:1051C00063F923466B613046BDE87040FFF7ECBEE3
:1051D00010160020024B03F11802C3E906227047A3
:1051E0001016002070B5EFF31186202383F3128888
:1051F000BFF36F8F1A4CA168E0690B68814214BF3E
:105200001A46002249680B605960A368E1692AB90F
:10521000144AC3E900210B60E3610AE092F90E50E1
:1052200093F90E00854216DD5168C3E900210B6039
:105230005360A5690B4B9D4200D005B9E568A36892
:105240009D4202D0284600F01FF965613046BDE856
:105250007040FFF717BE8A42DAD01268D7E700BF66
:105260001016002028160020F8B550EA0103064663
:105270000C4603D1FFF7B6FF0020F8BDEFF311870E
:10528000202383F31288BFF36F8F124D124BA8684F
:105290001860FFF751FEA868234632460F491830C0
:1052A00000F070F9AA680446137C384643F0040302
:1052B0001374FFF7E7FDAB68D3E90A23B3F1004F9E
:1052C00008BF002AD8D104F0B9FB201A20EAE07008
:1052D000D3E700BF1016002030160020859800008C
:1052E000014B9868704700BF101600202DE9F84365
:1052F00004468789EFF31186202383F31288BFF3D6
:105300006F8F037C190705D586F31188BFF36F8F64
:10531000BDE8F883D90943F008026FD10274A3688D
:1053200013B1204604F05BFA04F1180004F051FBBD
:10533000A56D04F15808A84511D04FF0000975B1CA
:10534000284604F04CFA05F1180004F042FB284608
:10535000C5F88090FFF7B0FDA56DA845EFD1DFF847
:10536000BC80D8F808309C4250D1EFF30589B9F1E0
:10537000000918BF4FF00109D8F81850284A954283
:1053800000D00DB9D8F80C50AB4202D0284600F03E
:105390007BF82046C8F8145003F04DFCB9F1000F1B
:1053A00002D02048FFF762FDD8F808309C4230D187
:1053B000EFF305836BBBA289D20711D586F3118861
:1053C000BFF36F8F83F31188BFF36F8F04231846E9
:1053D00002DFEFF31186202383F31288BFF36F8F70
:1053E0003046FFF74FFDFB0792D5002383F311886A
:1053F000BFF36F8F0423184602DF89E703F07F03B2
:1054000043F00803037404F0E2F988E74FF0000961
:10541000B2E786F31188BFF36F8FE4E71016002020
:1054200028160020C8040020027C034612F01F0248
:1054300010D10A4988420DD00949086868B1D98954
:105440007F2909D893F90E20064B1B689A42B8BFF2
:10545000002070470020704710467047B8030020B6
:105460004C020020341600200122044BC01A044BC9
:10547000C0105843034B1A54704700BF500500201A
:10548000ABAAAAAA5823002070B50C4B0C4D1E7C69
:10549000FFF7CAFF182303FB06550446284604F00D
:1054A00098FA0022074B9A553CB1621E2846BDE887
:1054B00070400549D31700F065B870BD1016002084
:1054C00050050020582300206954000038B5EFF340
:1054D0001185202383F31288BFF36F8F0F4B104A7F
:1054E0009C681068A04206D1FFF7CEFF85F31188B3
:1054F000BFF36F8F38BD00211B7C1160094AD35C5C
:10550000002BF3D02046FFF78FFF0028EED0237C3E
:10551000DB0601D1FFF75CFD2046E5E71016002011
:105520003016002058230020024B1868984208BF0C
:105530000020704750020020034B1B680BB9FEF798
:10554000B7B90020704700BF3816002030B570B1E1
:105550000B4B5B6898420AD0036843B1D3E904213E
:10556000D0E90445121941EB0501C3E90421D0E952
:10557000003213605A600023C0E9003330BD00BF21
:1055800050020020B3F1FF3F08BFB2F1FF3F2DE909
:10559000F84F0446994615461F467AD08160EFF3CE
:1055A0001188202383F31288BFF36F8FB9F1000FA6
:1055B000DFF8E4A020DBFFF7BFFFDAE900270135C1
:1055C00049F100092D1849EBE07306464FF0010937
:1055D000C4E90453AD1843EB0707FFF7A5FF0346E3
:1055E000DFF8B8E0DEF804A0EBB9C4E900EACAF8D5
:1055F0000040CEF8044028E06FF00103DAE9001221
:105600005B1A4FF0FF3161EB02025B1B62EB090298
:10561000012B72F10001BCBF012300224FF00009F1
:10562000C0E90432D9E7D3E9041CD4E904208A4252
:1056300070EB0C0B24DA891A5A686CEB0000C3E992
:105640000410C4E9003214605C60FFF76DFF84420F
:105650000ED1134B1B685BB9B9F1000F02D1FFF7F4
:105660006BFF0646304604F09DF90021FEF750F925
:1056700088F31188BFF36F8F28463946BDE8F88F4D
:10568000521A60EB0C005345C4E90420ADD01B68EE
:10569000AAE700252F46EFE768050020500200200A
:1056A000381600202DE9F047DFF8A8900246C9F827
:1056B00000000D46FFF738FF00260027DFF898802E
:1056C0004FEAE27ED8E9001350B1D0E9044CA2427F
:1056D0007EEB0C0A1ADAA41A6CEB0E06C0E904463B
:1056E0000024521843EB0E032046C8E90023C9F8F2
:1056F000004004F057F92146FEF70AF985F31188B6
:10570000BFF36F8FBDE8F047FFF7E0BE611843EBD2
:10571000E473C0E90467C8E90013FFF717FF01222B
:105720004FF00043C0E9042385F31188BFF36F8F66
:1057300083689847EFF31185202383F31288BFF322
:105740006F8FD9F80020121BC9F80020FFF7ECFE7C
:10575000B6E700BF381600206805002010B5EFF34B
:105760001184202383F31288BFF36F8FFFF7E4FEC9
:105770000346054AD2E90001181841EBE37184F3AE
:105780001188BFF36F8F10BD6805002001680E4AB5
:105790000346914215D1C169A2F11022A2F1EF1284
:1057A00091420ED18268012A0BD8C26812B10169F8
:1057B0008A4206D0586928B19B691B1A5842584141
:1057C00070470120704700BF55AA00FF70B50E4B0F
:1057D0009E68B6B13046FFF7D9FF044618B9F368A2
:1057E0007BB935690DB9204670BD2846FFF7CEFF5D
:1057F00028B9EB68B34204D12E462D69F2E704467E
:10580000F1E70124EFE700BF3C1600202DE9F0414D
:10581000404D06466869884604F017F918B100241F
:105820002046BDE8F0812C68DCB1AC68CCB1002E1C
:105830006AD0B8F1000F69D008FB06F7B7FBF6F69F
:10584000B04565D1391D63D8BA0710D027F00302DF
:105850000432EC6803E0616891420AD2A469002C2A
:10586000F9D1686904F0F7F80028D9D0D7E73A46AB
:10587000EFE7D4F808C0BCF1000F02D00120FDF71B
:1058800091FA891A232904F120061CD80123A36068
:10589000D4E90523AAB19361A3690BB162695A6186
:1058A0000023C4E905332B69DB0703D5FFF78EFF1F
:1058B0000028E3D13A4600213046344603F025FA69
:1058C000CFE7EB60E8E702F1200023182039C3E9B5
:1058D000011CDC602169DFF840C0196144F800C098
:1058E0000E48D86101B1CB6061695961A0699861C6
:1058F00041B18B61996901B14B6101212361C4E917
:105900000121CDE7EB60F5E73446AAE74446A8E776
:105910000446A6E73C16002055AA00FF669911EE42
:1059200070B5424E0546706904F08FF800287BD1AF
:10593000002D5FD03368002B5CD0B268002A59D0AC
:105940009D4203D3726813449D4202D30120FDF7A8
:1059500029FAA5F120042046FFF718FF0028F5D109
:1059600055F8183C012BF1D155F8143C45F8180CAA
:10597000C3B19A68002A42D155F81C2C02F12001CB
:105980005A680A445A6055E905321A6155F8145CA0
:105990002B6903B1DD6020462022002103F0B5F918
:1059A00023462C462069002836D08268002A33D14D
:1059B0006368426820331344636003692361D4E958
:1059C0000523F2B923BB436963618269A2610BB30A
:1059D0009C61A36903B15C61236903B1DC6020228F
:1059E000002103F092F933699B0703D5FFF7EEFE20
:1059F0000028ABD17069BDE8704004F02CB80023DA
:105A0000D0E79361A369002BDDD062695A61DAE7C0
:105A1000F360F7E7F460DCE7002BE4D1F368A361FF
:105A200003B15C61F460DEE770BD00BF3C1600208E
:105A300070B50C46164E182200210546304603F07C
:105A400064F91448706103F0FEFF1349134800F035
:105A500035F8232C1BD915F003031FBF043CE418B1
:105A6000C3F10403ED1822460021284603F04DF946
:105A7000C6E90054203CB5606C60B368084A1A60FF
:105A8000B368A2F11022A2F1EF12DA61F36070BDE7
:105A90003C16002058020020215900000D5800003B
:105AA00055AA00FF014B1B68184700BFBC0200202D
:105AB000014B1B68184700BFB8020020024B18605A
:105AC000024B002019607047BC020020B802002081
:105AD00010B50A46044619B1024B00211B689847CD
:105AE00010BD00BF50B900000E4B0340B3F1607F02
:105AF00006D1B1F5885F0CBF00206FF086007047BB
:105B0000B3F1707F0BD101F4E043B3F5005F06D130
:105B100011F4E06F14BF00206FF0860070476FF043
:105B2000860070470000C07F8A42F8B506460D46E1
:105B300000F00A8101F0FE41B1F1C06F61D1884CE3
:105B400022F4FF7121F00101A14222F0FF0014D0E4
:105B500004F58854A04210D022F47F7626F0030684
:105B6000A4F57064A64208D004F5A064A04204D055
:105B700004F57454A14240F0EB80D1B2784E19B9CB
:105B800022F48061B14224D125F4FF7424F0010491
:105B9000B44225F0FF0112D0724EB1420FD025F46D
:105BA0007F7727F00307A6F57066B74207D006F5A2
:105BB000A066B14203D006F57456B44209D115F07F
:105BC000FF0406D0684E44F00074B44204BF02469D
:105BD0000D468BB122F4FF7323F00103B3F1062FBE
:105BE00006D0624B22F4FF6121F00701994203D1F4
:105BF00022F4807225F48075954214BF00200120A4
:105C0000F8BDB1F1A06F16D102F0FE43B3F1A06F61
:105C100040F0888082EA050333F47E1340F08280EE
:105C200028047FD5C5F30540C2F3054290428CBFDE
:105C300000200120E4E74E4B9D4209D1A3F500432B
:105C40009A4200F081804B4B22F47E109842D4E7B8
:105C5000B1F1407F60D102F0FE43B3F1407F5BD1F0
:105C600082EA050030F47E1456D131462846FFF70B
:105C70003BFF00286AD1404912F47C1701EA020177
:105C800013D0B1F1607FC2F3054333D1D1B241F0FB
:105C9000007101F17E410339122901D83748445C73
:105CA00015F47C1F2DD19C42A7E7B1F1607F0AD18A
:105CB000D3B243F0007303F17E43033B122B4BD866
:105CC0002F49CB5CE2E7B1F1707F17D106F4E043D6
:105CD000B3F5005F42D10123C6F302218B4006F4E5
:105CE000E041B1F5005FDBD10120C6F3022600FAE6
:105CF00006F4D5E7B1F1707FD2D1F0E70024234656
:105D0000CEE71FB9C5F30541A1421DD0290403D533
:105D1000C5F3054098428AE71A4B9D4202D1B2F181
:105D2000082F6AE725F0004323F47F03B3F1106FD7
:105D30000CD102F0FE43B3F1106F07D112481040AE
:105D400040F01060A84258E7012059E7002057E7CB
:105D5000002B7FF446AF4FE7002397E70023BEE711
:105D60000002000600130006FF00000200400006CB
:105D70000093C004000140050000C07F0ED7000062
:105D80000ED700000002C0030000FFF630B5A0B33C
:105D900001F0FE43B3F1C06F57D12D4A21F4806367
:105DA000934252D02B4821F4875323F01F038342A0
:105DB0001FD021F0FF03934209D1C8B2264B40F017
:105DC0000070984214BF6FF08600002014E0234A50
:105DD00021F47F7020F0030090420AD002F5A06207
:105DE000934206D01E4B21F4FF7222F001029A4228
:105DF00029D111F0FF00E1D130BD154A21F4FF7324
:105E000023F00103934213D0164C21F0FF02A2426B
:105E10000ED021F47F7525F00305A4F57064A5422A
:105E200006D004F5A064A24202D00D4A93420CD1E0
:105E3000CBB2002BE0D1064B21F48061994218BF10
:105E40006FF08600D8E70020D6E76FF08600D3E732
:105E500000020006000300060B000002000400061A
:105E6000004600060013000670B505460F480E46B2
:105E700003F0EBFD044618B16FF08F04204670BDAF
:105E80006B6933602B7F012B0ABF022330602B77B5
:105E9000064818BF6FF0960403F0DDFD0028EDD032
:105EA000002CE9D06FF09604E8E700BFA0020020C4
:105EB00038B50C4C0C4803F0C8FD65780A4803F06F
:105EC000CAFD0A4803F0C1FD022D08D12478E31F62
:105ED0005C425C41054803F0BEFD204638BD00240D
:105EE000F8E700BF5416002070020020880200204E
:105EF0002DE9F047894615461C4600F093FB0646FF
:105F0000002851D1D9F80070B7F800A00AF4E04396
:105F1000B3F5804FBB6808BF25F0010535EA0303E0
:105F20003AD1002C40D0B5F5006F40D0A5F5005215
:105F300055425541284A24F4FF7323F0010393424C
:105F400013D0264924F0FF028A420ED024F47F7039
:105F500020F00300A1F57061884206D001F5A06130
:105F60008A4202D01E4A934223D114F0FF0304D088
:105F70001C4A43F00073934222D02B4622465046DF
:105F8000F968FFF7D1FD804670B92B46224650468E
:105F90003969FFF7C9FDE0B96FF084060023384680
:105FA000C9F8003000F008FC3046BDE8F087012554
:105FB000C0E704F0FE43B3F1407F04D12304DCD5F5
:105FC0006FF08606EAE7B3F1A06FF7D0054B9C426D
:105FD000D2E74646E8E700BF0002000600130006CD
:105FE00000460006FF0000022DE9F3414768D0F8A3
:105FF0001480044638460E4603F0D6FE0546E8B93E
:10600000FFB22FB9B8F1000F05D06FF0860515E08B
:10601000B8F1000FF9D0A36823F0031323F47F43F2
:10602000002BF2D14FF6F87362889A4228D81648AE
:10603000277903F00AFD28B16FF08F05284602B0DA
:10604000BDE8F08107B901A8314600F0A1FA054684
:106050000D4803F000FD10B1002DEFD1ECE7002D4D
:10606000ECD10FCCD6F800C066460FC694E8070006
:1060700086E80700002FE1D1019BCCF81430DDE762
:106080006FF08505DAE700BFA002002010B50446D6
:1060900050B1064803F0D9FC204603F0E5FDBDE809
:1060A0001040024803F0D7BC10BD00BFA002002082
:1060B00013B5044610B301A900F0B4FA0446E8B9D8
:1060C0001D4803F0C2FC58B10024019803F057FEAC
:1060D000002818BF0446184803F0BDFC70B10AE060
:1060E0000198037F032B11D103F049FE04461248A7
:1060F00003F0B1FC28B10CB96FF08F04204602B058
:1061000010BD002C08BF6FF08704F7E7022B0DD1FC
:10611000032303774368DAB2FF2A0AD01B0AD3D0DD
:10612000D0E9091200F072FC0446CEE76FF0960445
:10613000CBE76FF08404C8E7A00200202DE9F0410E
:1061400090461E46002288B0038805460F460592F9
:10615000CDF81C803260B8F1000F65D0B8F1005F57
:1061600080F0A18023F0FF03B3F5E24F02D0B3F536
:10617000824F25D1284603F07DFC0446002840F0DC
:106180008680EB6883B16A8872B12B8803F44F4133
:10619000B1F5824F02D0B1F5884F05D1DBB2222B89
:1061A00036D02CD8122B38D03A46002308EB070102
:1061B00012F8010B8A4243EA0003F9D1002B33D0D5
:1061C000284605A9FFF710FF0446A0B9059B9B6A66
:1061D0006BB3059B39465A882846069206AA029256
:1061E00003F1280201929A6A00925B6A424600F02B
:1061F00089FB044680B30598FFF748FF47E0273B3B
:10620000DBB21B2BD0D8294921FA03F3DB07CBD50E
:106210000732B8EBD20FC7D206E040F209239A4208
:10622000F6D1B8F1400FBFD86FF086042FE06B684D
:106230001B0A07D10799059803F0D6FC04460028ED
:10624000C7D0D8E742463946284607AB00F02AFBBC
:1062500004460028EED0CEE70599069B4A88D2B9BD
:106260004B804FF6F873069A9A4219D82B880598F6
:1062700013B102889A4210D16B8813B142889A42B6
:106280000BD13146FFF7F0FD04460028B3D120467C
:1062900008B0BDE8F0819A42E3D06FF08604AAE727
:1062A0006FF08504A7E76FF08504F0E70102000CAA
:1062B0002DE9F04117461C46254A23F4FF7323F0CD
:1062C0000103934205460E4698B013D0214924F0AD
:1062D000FF028A420ED024F47F7020F00300A1F563
:1062E0007061884206D001F5A0618A4202D01A4A44
:1062F000934207D114F0FF0007D1154B24F48062BC
:106300009A4204D06FF085001EE040F0007007ABA9
:1063100001934023DDE91E120DF12008009343464E
:1063200000F054FB80B9239B3A460593229B3146EB
:106330000493219B28460393209B0293079BCDE95E
:106340000083234600F08CFA18B0BDE8F08100BF4E
:1063500000020006001300060046000610B51B4CA4
:106360001B4803F072FB2378590744BF03F0FB037B
:1063700023709A0705D500F0F1F8237823F0020383
:106380002370134803F067FB124803F05EFB637849
:1063900013B1114803F034FD002304210E4863704B
:1063A000FFF796FB0B4803F056FB094803F04DFB43
:1063B0002378DB0705D503F000FD237823F00103E4
:1063C00023700348BDE8104003F045BB541600207D
:1063D00088020020700200205816002070B5FFF7D8
:1063E00067FD10B10024204670BD344803F02DFB3A
:1063F000044620B16FF08F04FFF7B0FFF3E7304D94
:106400002B789E0706D400F0A1F804462B7843F0C1
:1064100002032B70294803F01EFB10B1002CE9D0B9
:10642000EAE7002CE8D1254803F00FFB04460028DA
:10643000E0D12B78D80706D403F0BDFC04462B78B6
:1064400043F001032B701D4803F005FB0028E5D144
:10645000002CD1D1194803F0F8FA0028CAD1174806
:106460002E7803F0F8FA0028C4D1164803F0EDFAAC
:1064700004460028BED16B783BB9F10705D5124818
:1064800003F0BCFC022304466B700E4803F0E3FAF1
:106490000028C3D1002CAFD1084803F0D6FA002859
:1064A000A8D12B7805485A075CBF43F004032B7032
:1064B00003F0D1FA002895D09CE700BF88020020A5
:1064C00054160020700200205816002038B500F144
:1064D00040430F2B0CD82C221A4C02FB0344237F81
:1064E000022B02D16369834224D06FF08B001AE043
:1064F0006FF04042441E94420ED2124B00221C46C2
:106500001D7F022D02D15D69854210D00132102A13
:1065100003F12C03F4D1E8E70B4AA3F5805393422F
:10652000EBD96FF0870038BD6FF09600FBE72C23A6
:1065300003FB0244204603F015FC0028F4D10C6054
:10654000F1E700BF5C160020FFDFFF3F0122024B96
:10655000002083F8C02270475C1600202DE9F0412E
:106560000A4C002526464FF0010803272046C4F8B0
:1065700020802777013503F077FB102D04F12C04E0
:10658000F4D1002386F8C032BDE8F0815C1600200B
:10659000F8B5214D064621480F4603F056FA95F806
:1065A000C0421E4803F057FA7CB300242B46224613
:1065B000197FD1B13CB9022905D1196A19B91979E4
:1065C000002918BF1C460132102A03F12C03EFD119
:1065D00014B96FF08C0006E0204603F0C3FB2046A0
:1065E00003F042FB10B100240DE01C46237F7BB971
:1065F0000123237736B10A4B651BAD105D4305F1CE
:106600008045356000203C60F8BD6FF08800EAE707
:106610006FF09600E7E700BF5C16002088020020BC
:10662000A38B2EBA0023F0B5054691B05E480B60EF
:106630000E4603F00AFA5D4B5B4893F8C04203F044
:106640000AFA002C00F0AC80594803F0FEF9074626
:1066500020B16FF08F04204611B0F0BD31462846BE
:10666000FFF734FF10F18C0F044607D0504803F0B9
:10667000F2F90028EFD0002CEDD1EAE73846FFF719
:1066800087FF074620B14A4803F0E5F93C46E2E7B8
:106690000122336801465D61336809A85A601C22F3
:1066A000356802F032FB002200236869CDE9062339
:1066B000404A00F14043A3F580539342CDE904776B
:1066C00003971DD806AA03A903F09CFB0446B8B99A
:1066D000039B6A690A93DBB2002B08BF00220346C2
:1066E000CDE90000DDE906010E9209AA00F052F999
:1066F00010F18A0F04460ED0002808BF6FF09604F0
:10670000306803F0B1FA14F18C0F08BF6FF0870402
:1067100000233360AAE704A909A800F0DBF80446C7
:106720000028EDD12846049903F05EFA04460028BB
:10673000E6D1DDE9060105AB0193AB6A09AA009336
:106740006B6A00F027F9044618B1284603F081FA75
:10675000D6E72C46059BAB6209AD0FCD0FC495E87B
:10676000070084E8070032689368D80414D49904B9
:1067700044BF43F40063936033681A7F012A04BF67
:1067800002221A77306803F0EDFA044600283FF43D
:106790006DAF6FF09604BBE743F480639360E6E768
:1067A0006FF0880457E700BF880200205C160020C5
:1067B000A0020020FFDFFF3F10B50446084803F0A9
:1067C00044F940B9204603F0DAFA0446044803F0DD
:1067D00042F910B10CB96FF08F04204610BD00BF14
:1067E000A00200202DE9F04F044687B00D46DDE9F8
:1067F0001078DDE913B9416817481646129AB0EBD4
:10680000112F0492DDF854A04FEA112203D013494E
:106810008A4200D06AB9324629462046CDE9029A1A
:10682000CDE90078059303F0C2FB10F1860F059BBC
:106830000FD1049A2946CDE9118220463246CDE98E
:10684000149ACDF84CB0109707B0BDE8F04FFFF7A1
:106850002FBD07B0BDE8F08F004E80004B4E80008A
:106860002DE9F041DFF834804568DDE90667B8EBD3
:10687000152F4FEA1524DDE90ACE03D0084DAC42AE
:1068800000D03CB9CDE908CECDE90667BDE8F041BE
:1068900003F0A9BB6FF08600BDE8F081004E8000D8
:1068A0004B4E800010B41946002443680C60074C1E
:1068B0001A0AB4EB132F02D0054B9A4202D110BC36
:1068C00000F000BA6FF0860010BC7047004E8000E8
:1068D0004B4E800010B4002443680C60074C1A0A29
:1068E000B4EB132F02D0064B9A4202D110BC00F039
:1068F000E9B96FF0860010BC704700BF004E800001
:106900004B4E80002DE9F04FDFF880B0D0F804E066
:1069100085B0BBEB1E2F0446DDE90E890D461646F9
:106920001F46DDF840A04FEA1E2C1CD0DFF860E0C7
:10693000F44518D0BCF1000F22D1CDE9019ACDF871
:10694000008003F068FC10F1860F1BD13B463246F5
:1069500029462046CDE90F9ACDF8388005B0BDE82C
:10696000F04F03F054B93B46324629462046CDE964
:106970000F9ACDF8388005B0BDE8F04F03F04BBC5E
:106980006FF0860005B0BDE8F08F00BF004E8000BC
:106990004B4E8000F0B4DFF82CC05468DDE904569B
:1069A000BCEB142F4FEA142702D0074CA74204D1A6
:1069B000CDE90456F0BC00F059BA6FF08B00F0BC82
:1069C000704700BF004E80004B4E800010B4054C55
:1069D000A04202D010BC03F037BB6FF0850010BCA2
:1069E000704700BF05000002074B10B599420446EE
:1069F00006D0043003F04AFB08B90523236010BD1C
:106A00006FF08500FBE700BF050000024268044B01
:106A1000B3EB122F01D103F01FBC6FF0850070475C
:106A20004B4E800010B50C4C206804F0C4F80B4AA3
:106A30001368591C11604BB9094A4820D2F8003438
:106A400043F00703C2F80034FBF77EFE2068BDE880
:106A5000104004F0B6B800BFC40200202019002086
:106A60000080045038B5164D286804F0A4F8154B82
:106A70001C68013C1C60ECB94820FBF773FE072240
:106A8000114BC3F80823D3F8002422F00702C3F8FF
:106A90000024C3F80041D3F80021C3F80441D3F81F
:106AA00004214FF48072C3F80841D3F80831074B32
:106AB000C3F888212868BDE8384004F082B800BFD8
:106AC000C4020020201900200080045000E100E0F2
:106AD00070B5154D154E2B68B34222D0FFF7A2FFBB
:106AE00000F022FE124A134B134952F8040B43F8EC
:106AF000040B8B42F9D100F067FE38B103F084F942
:106B00000446FFF7AFFF3CB92E6005E000F098FBAC
:106B1000044618B1FFF7A6FF204670BD03F03BFC0A
:106B2000EEE70024F8E700BFC00200201173650003
:106B300054B9000000C080511CD38051002310B50F
:106B40000B6010F0FF0314D043F0007303F17E4399
:106B5000053B102B0DD801220B4C9A40224203D149
:106B6000062B06D1094B0B600B6853B96FF08500FB
:106B700006E000F0FE40B0F1007FF7D06FF0860035
:106B800010BD0020FCE700BF397801008CCC00006C
:106B90000022074BC3F81021C3F80C21C3F80021D1
:106BA000C3F80421C3F80821C3F81421704700BFBB
:106BB0000050045008B5FFF7EBFF01230360104BB2
:106BC0000A6832B9D3F80C211AB9D3F80821002A7F
:106BD000F6D00B687BB90B4B99420ED0A3F58473AA
:106BE000D3F80831002B14BF6FF002004FF0FF30D4
:106BF000FFF7CEFF08BD0020FAE74FF0FF30F7E7C0
:106C0000005004500851045038B505460C4691B167
:106C10000021012002F07AFD08480949C0F800551A
:106C2000C0F80445FFF7C6FF00210446084602F0FD
:106C30006DFD204638BD6FF00104FAE700500450A6
:106C400000510450034B0449C3F800050348FFF703
:106C5000B1BF00BF00500450045104500450045010
:106C600010B504460021012002F050FD064B0749F3
:106C7000C3F800450648FFF79DFF0021044608467B
:106C800002F044FD204610BD00500450085104504D
:106C90000850045038B50C4659B1074D0749C5F89E
:106CA00000050748FFF786FF10B9D5F808352360BF
:106CB00038BD6FF00100FBE7005004501051045044
:106CC0000C50045070B51C4E44680288B6EB142F6B
:106CD00043884FEA142514D14069184B98420CD0D0
:106CE00003F5FF437D330344012B22D8B2F5105F37
:106CF0001FD1022300200B6070BD47F212139A428D
:106D0000F6E70F48854214D102F44F40B0F5824FA8
:106D100009D144F21210073382424FEAD303E9D17A
:106D20005B000133E6E7B2F5885FE2D10733DB08A9
:106D3000E0E76FF08600DFE7004E800001C0FF7FD4
:106D40004B4E80002DE9F04782B09A460B88914661
:106D500023F0FF0200AFB2F5824F0D46BC6AD7F8B0
:106D6000388008D0B2F5E24F05D06FF085000837C3
:106D7000BD46BDE8F08724F4FF7222F00102B2F1B3
:106D8000062F0ED0374A94420BD002F20B129442D7
:106D900007D00A32944204D024F0FF01153A914200
:106DA000E3D1AA6848B912F4005F55D0D8B242289E
:106DB000698805D1CB08013309E012F4006FF4E7CC
:106DC000CB1D41284FEAD30319D1002BCDD0073377
:106DD00023F00703ADEB030D00233A1D6E467B60E5
:106DE00000F0A4FD0028C2D16A681F4BB3EB122F3C
:106DF00007D16FF0020003F007F8A0B1B7E75B001E
:106E0000D9E7184B9C4203D003F20B139C42F0D1FC
:106E10002B8823F0FF03B3F5824F18D15246494621
:106E2000304601F067FF7B685B68B8EB430F16D113
:106E30000C4B9C4299D1B8F1400F96D1D7E90C2365
:106E4000F96A304603F07BFC02F0DEFF8FE7314643
:106E5000484600F0E9FFCEE76FF0860087E76FF065
:106E6000940084E700080006004E800030B4074C10
:106E7000041961F10005032C75F1000502D330BC43
:106E800000F03EBA6FF0850030BC7047FF3F0080D5
:106E90006029F8B505460E4618D80E4F386803F03D
:106EA0008AFE284603F05BFA02F0AEFF044640B9C2
:106EB00009493246284601F01DFF6021064803F0CB
:106EC000B4FE386803F07DFE2046F8BD6FF08904FB
:106ED000FAE700BFC80200200000002008B50378D0
:106EE0009B0705D00548602103F09FFE002008BDE8
:106EF00003F051FA0028F5D00220F8E70000002046
:106F0000F7B5244943680446B1EB132FDAB23DD1FB
:106F1000032A03D16FF0840003B0F0BD466901A9D4
:106F2000F5B2284603F0C5F90028F5D121466A4696
:106F3000019803F093F9044610BB009FA74218D8AC
:106F40009DF8043007F0070223F01F0343EA820391
:106F500001A88DF804308DF80560FFF7BFFF3946B2
:106F6000284603F0C1F970B903B0BDE8F04003F062
:106F7000D3B96019FFF766FE0028CBD10134DCE7F6
:106F80006FF09800C8E76FF09200C5E76FF08B00D4
:106F9000C2E700BF4B4E80002DE9F04F89B0054697
:106FA0000F4690461C4603F0B7F90646002840F00D
:106FB000228101460422684601F0A7FE9DF80030B8
:106FC0006A6966F30303C2F3013161F305138DF8B7
:106FD000003013F0300308D1A868800710D06FF09C
:106FE0008606304609B0BDE8F08F102B08D1BDF8F9
:106FF000023023F4F87343F4A873ADF8023079E05B
:10700000E86800F0FE46B6F1A06F51D0874EB0425E
:107010004ED12A8802F44F40B0F5824F05D0B0F52A
:10702000884F02D06FF08506DBE7D0B24228F9D155
:10703000A86810F4A05F04D122F0FF02B2F5E24F7D
:10704000F0D02820009A60F39332009200264FF08F
:10705000010B3046B4469DF80320D5F808E0DFF870
:10706000D091520859F804AB1EEA0A0F07D00BFA68
:107070000CF63243012602F07F0240EA0A000CF1CE
:10708000010CBCF1070FEDD12EB19DF8036062F346
:1070900047068DF803603EEA0000C3D16A88FF2AE4
:1070A0003CD009D8802A3BD0C02ABBD102220AE0BA
:1070B000D2B2F82ACAD0B5E7B2F5807F32D0B2F5A5
:1070C000C07FAFD106229DF8020062F306108DF852
:1070D000020013B91EF0030F81D12B79022B2ED0A1
:1070E00022D8012B7FF47BAFBDF8022063F3C812D6
:1070F000ADF8022001293BD0032925D000297FF4D7
:107100006EAF2B88B3F5105F8CD1182C04D0202CD7
:1071100002D0102C7FF463AF464D2DE00322D2E75E
:107120000122D0E70422CEE7032B02D0FF2B7FF40D
:1071300056AF0222BDF8023062F3C8135DE7BDF816
:10714000023043F4C07358E7202C05D006D8102C29
:1071500002D0182C7FF443AF374D0DE024F020030C
:10716000412B01D0302CF5E708F10108013CF3E791
:10717000302C7FF434AF314D00260F344FEA141910
:10718000B81902F00AFF00284DD00136B145F7D1F9
:107190001F2C2AD11C22002101A801F0B6FD4FF0BE
:1071A000000B4FF0FF3A05EB0B134FEA0B1606935B
:1071B000BBF1000F22D10422694607A801F09AFD15
:1071C000BDF8023008EB0601C3F3C113102201A879
:1071D000059301F08FFD01A907EB0B00FFF714FDEC
:1071E000064670B103F098F805E04946384603F0CA
:1071F0007BF80028CED06FF09206F2E6CDF81CA006
:10720000DEE71C2101A80BF1010B03F00EFDD945AF
:10721000C9D11F2C3FF4E5AEBA20FFF721FD0028AD
:107220003FF4DFAEE7E76FF08A06DAE60008000613
:1072300070CC0000400081510000002010840450F8
:1072400010B590B01C22002101A801F05EFDF820CD
:1072500002F0A3FE00B3202200200DEB020100F09B
:10726000FBFC0446F0B94FF48071104A104B01A8A2
:10727000CDE901230F4BCDE903130F4BF821069302
:1072800020230DEB0302FFF787FE202104460DEBC0
:10729000010003F0CAFC05E0F92002F07EFE0028A0
:1072A000D9D10446204610B010BD00BF0024000113
:1072B000014B4E800010C004F800FF7F73B5C5B2CB
:1072C0000E46284601A9144602F0F3FF88B9BDF81E
:1072D0000630C3F3C113013BDBB2022B8FBF6FF04B
:1072E0008600054AD25C054B9EBF13433360C4E958
:1072F000005002B070BD00BF21D70000004B4E808F
:107300002DE9FF41884601A9064614461D460A9FFD
:1073100002F0CFFF48B9B6F1F80348F1FF38022B6D
:1073200078F1000804D26FF0860004B0BDE8F08167
:1073300002F0F2FF10B16FF09200F6E7002CF2D0ED
:107340009DF8041011F00F0240F0A880BDF806303F
:10735000C3F3C113013BDBB2022B00F2A2805548FC
:1073600001F03008C05C544BB8F1100F43EA000341
:1073700063602AD1514B2360204602A9FFF7A2FC8B
:107380000028D2D1029BBB4200F2918044F212123B
:1073900021880198914204BF042205F8012B0B9A21
:1073A000214613609DF804302A78C3F3011363F378
:1073B00001022A7003AA08BF07F1FF3702F04EFF4F
:1073C000002855D06FF09800AFE713469DF807C02E
:1073D000DFF8ECE04FEA5C0070BBD90448BF43F42F
:1073E00080639A04019A48BF43F40063C2F3853274
:1073F000282AA3609FD144F2421213F4A05F47F2FF
:10740000421308BF134623802E4BE3609DF80630DD
:10741000C3F30213013B052BD4D801A252F823F089
:107420006D7400004D7400005D7400006174000014
:10743000C573000067740000C10704D5062A33D85D
:107440005EF822100B4340080132C5E7C023638079
:10745000B8F1000F90D16FF0960066E7FF23F6E7D2
:107460004FF48073F3E74FF4C073F0E78023EEE747
:107470002B78039A6E7062F384032B70238803F4D5
:107480004F42B2F5824F04D139462846FFF700FD3E
:107490004BE7B3F5885F7FF448AFF5E76FF08800FE
:1074A00043E76FF0910040E76FF083003DE76FF036
:1074B00089003AE721D70000004B4E80011080017F
:1074C00070CC000000080006C36870B57BB9C369C2
:1074D00000F128021A60C369474A9A604368C2698A
:1074E000DB6843F48063D360C3691033C361836A8C
:1074F0009B0532D40368C268DD6800F1EC04302DCE
:1075000034BF08261026082E0CBF092611261D6937
:107510006B1E1340EB1AB34238BF5B191C44D500F5
:1075200004F8015C03F1EB045209044400F1ED0599
:10753000A5425CD1802280F8EC20426AC469C43242
:107540002260C26993604468C269E468D460C26919
:107550001032C26102691A4402610269C469D31C13
:1075600023F003039B1A54F8042C42EA032244F844
:10757000042CC26952F8084C234443F0005342F8EB
:10758000083C026A0368DB6811600168026AC96826
:1075900003339160026A23F0030302F110010162D8
:1075A0000168C96899420BD0002111610168026A23
:1075B000C9685B1A43F080439360036A1033036227
:1075C000836A13F4806311D102685169D2689142D1
:1075D0000CD0026A13600268016A5369D2689B1A70
:1075E00043F080438B60036A1033036270BD04F87C
:1075F000012D120A9CE700BF04000020B1F5DE7FD8
:1076000038B5054615D30268146814F0400413D148
:107610000B4B00F17C01436012681323183000F01B
:1076200087FC084B20466B610123C5E90344AB602E
:1076300038BD6FF02200FBE76FF00200F8E700BFF3
:10764000ACCC0000C974000010B50446FFF7EAF99D
:10765000104B186803F0AFFA0CB101232370BFF38D
:107660005F8F4FF0A3430020D861BFF35F8FBFF35C
:107670005F8F4FF0FF321A63BFF35F8FBFF35F8FEF
:107680003422DA61BFF35F8F0122034BC3F8042376
:1076900010BD00BFC80200200080045010B5044691
:1076A00008B1037843B1FFF7DDF9044B186803F024
:1076B00088FA0CB10023237010BD00BFC80200205F
:1076C00038B5164CD4F80051C5B1BFF35F8F4FF0F9
:1076D000A343996ABFF35F8FBFF35F8F4FF0FF3211
:1076E0001A63BFF35F8F0023C4F80031D4F8003170
:1076F0000B4B1868BDE8384003F076BAD4F808316F
:1077000053B100F0A9F802F03DFFC4F80851D4F8D5
:1077100008310121034BECE738BD00BF0080045065
:10772000D0020020CC02002008B5074B186803F0F7
:107730004AFA064B186803F046FABDE808400022F2
:1077400048201146FBF730B8D0020020CC020020C0
:1077500038B5094B1C7864B1084B4FF0FF311D68F8
:10776000284603F032FA4FF0FF310446284603F072
:1077700039FA204638BD00BF57230020D002002030
:1077800038B5074B4FF0FF311D68284603F01DFA4E
:1077900004464FF0FF31284603F024FA204638BD56
:1077A000CC02002010B5064CE36C3BB9214651F8E1
:1077B0004C3B986902F003FF0123E364014810BDCC
:1077C000241900207019002010B50A4B0A4C2360C0
:1077D00003F5C04363602461FFF7E4FF236D0020DD
:1077E000B3F5007FCCBF4FF480634FF40073A36008
:1077F00010BD00BF002080512419002010B50446A0
:10780000114B186803F0D7F9104B1A6823612260F6
:107810005A6862609A68A2600D4A12689A660023EC
:10782000A364FFF7FFF804220A4BC3F804232046A1
:1078300002F099FE20B9204602F09AFE00B910BD70
:10784000FFF79EFFF3E700BFD402002024190020B9
:10785000BCCC000000800450004870472419002070
:10786000042210B50446084BC3F80823FFF7FAF8C2
:10787000064A236912689A6600236364044BBDE8D4
:107880001040186803F09DB900800450BCCC000083
:10789000D4020020244B0340B3F5806F30D016DCB7
:1078A000402B2FD008DC102B2ED0202B2ED0181ED2
:1078B00018BF012040007047B3F5807F28D0B3F592
:1078C000007F27D0802B14BF02200B207047B3F518
:1078D000804F21D00BDCB3F5805F1FD0B3F5005F84
:1078E0001ED0B3F5006F14BF022006207047B3F519
:1078F000004F17D0B3F5803F14BF0220032070471C
:10790000112070470A2070470C20704709207047EB
:1079100008207047072070471420704705207047E3
:10792000042070470F207047F0FF010041281FD04E
:1079300019D8222809D8112817D91238C3B21948E2
:10794000D84000F00100873870472738C3B2092BB0
:107950000BD81548184100F00100C0F1FF2000F5D8
:107960007F007A307047422810D06FF08600704751
:10797000FF2907D0B1F5E07F0CBF6FF085006FF0F5
:1079800086007047094B002013607047FF2907D01D
:10799000B1F5E07F14BF6FF086006FF0850070478F
:1079A000034BF0E721020100EEFDFFFF50CE000087
:1079B00060CE000070B50446A4B0466811A80D461C
:1079C000FFF71CFF174B11A8196802F0F2FD2146C2
:1079D0006B46002211A803F04FF8044680B911A8A5
:1079E00002F0F3FFDDE900120346284602F063FFD0
:1079F00011A803F0A4F811A802F0CCFD044648B188
:107A000011A8FFF72DFF204602F0FEF9044620469C
:107A100024B070BD11A8FFF723FF3146684603F07C
:107A200004F9F4E7A0CE000070B5D51D1C78ED0870
:107A30000646042C084611464FEA450286B002F17C
:107A400001021DD10A9C94421AD1104C104A3440B4
:107A500044F0106494424FF0000414D15A1CCDE954
:107A600002526A1C134401AACDE904530194FFF7A2
:107A70005DFF18B9019802A9FFF79CFF06B070BD21
:107A80006FF08600FAE72046F8E700BF0000FFF637
:107A9000000002092DE9F041038803F44F44B4F5D6
:107AA000824F02D0B4F5884F22D1DEB2C56803F40C
:107AB000E0401F4B00241F4693F800C0B4451BD183
:107AC000D2F80080B0F5804F0CBFD3F80CC0D3F8CB
:107AD00008C0D3F804E0B8F1000F0BD18C4509D1F0
:107AE000C2F800E08C450DD06FF08600BDE8F08153
:107AF0000026DBE7F045F5D00134132C03F1140325
:107B0000DAD1F1E7142303FB04773B7C13B96FF060
:107B10008500EBE7422E09D1064B9D4206D003F2C9
:107B20000B139D4202D00A339D42DDD10020DDE7D8
:107B3000D4CC00000008000600212DE9F0430746E0
:107B400095B00846FFF780FD0DF12706044626F0A4
:107B50001F0620B115B0BDE8F04302F055B94FF053
:107B60001009DFF87880012210211D4802F0B8F9D1
:107B70001B4A3319009320211023CDF80490A2F161
:107B8000200000F087F9054650B10020FFF786FD80
:107B9000284602F039F90546284615B0BDE8F083BD
:107BA000D8E90C321034013342F10002302CC8E91C
:107BB0000C32D8D1FFF772FD27B122463946304644
:107BC00002F081F931462022044801F093F8102296
:107BD00006F12001024801F08DF8DDE77005002074
:107BE00090050020F0B5194D194FAB6B8DB0BB421D
:107BF00029D0184E306802F0DEFF402300221946DB
:107C0000284603F007F83021684602F070FD04466C
:107C100078B96846FFF790FF044690B930230246D2
:107C20001946684602F0F6FF01220023C5E90C233D
:107C3000AF63306802F0C5FF204602F0E5F80DB0F2
:107C4000F0BD0E24F5E70020F9E700BF7005002025
:107C5000B4A5B4A5D80200202DE9F04F99B00DF1DC
:107C6000570902F10F0A04460E46154629F01F096E
:107C70004FEA1A1A32B1002900F08D80B2F5803F28
:107C800000F28980DFF81481454FD8F8000002F037
:107C900092FFD7E90C32134309D12046FFF7A2FF28
:107CA000044620B1D8F8000002F08BFF5CE0D7E971
:107CB0000C231AEB020243F10003B3F5803F14D307
:107CC000302102A802F013FDF8B902A8FFF734FF33
:107CD00004460028E6D130230246194602A802F0E5
:107CE00099FF00220023C7E90C2300210846FFF773
:107CF000ABFC044660B91024A5B92846FFF7CEFCBA
:107D00002846FFF719FF0446CCE76FF09204C9E755
:107D1000D8F8000002F055FF204619B0BDE8F04F3A
:107D200002F072B8102D4FF001024FF010011D4803
:107D3000AA4628BF4FF0100A02F0D2F8194A1023C1
:107D40002021CDE90094A2F1200000F0A3F88346A1
:107D500070B10020FFF7A2FCD8F8000002F031FF5C
:107D6000584602F051F80446204619B0BDE8F08F9D
:107D70004B4606EB0A0213F8011B06F8011B96425C
:107D8000F9D1D7E90C32013342F10002C7E90C32D4
:107D9000A5EB0A05B0E76FF08604E5E7D8020020FE
:107DA0007005002090050020F0B51D461B4BAFB0BC
:107DB000CDE90501CDE90335222120239DF8D040EE
:107DC000CDE9071384F0010406460BAF07A903A809
:107DD000CDE9093201EB8401C4F1040200EB840017
:107DE0000F4B009702F0AEF8044698B91BA8FFF7B6
:107DF00005FD0C4B1BA8196802F0DBFB3246394627
:107E0000009505F120031BA800F0BEF904461BA84D
:107E1000FFF726FD20462FB0F0BD00BFE002002096
:107E20008CCC000070CE000030B5A5B00D46174ACE
:107E3000202101AB02F0A4F8044618BB01A802F00F
:107E400099FE20232246194609A802F0E3FE11A854
:107E5000FFF7D4FC0E4B11A8196802F0AAFB09AA7F
:107E600001A911A800F05EF9044611A8FFF7F8FC7B
:107E700044B909A92022284600F03CFF402101A86E
:107E800002F0D3FE204625B030BD00BF8CCC0000F0
:107E900088CE000037B54FF480740194214C41F036
:107EA0000051A16140F6110143F00053A362212368
:107EB000E16104F12001616101212262E362069A1D
:107EC000194B01AD1A60079A256042F00052112546
:107ED000C3E901122022DFF854C02061C4E902C5C1
:107EE00004F1100565606162DA60BFF35F8F4FF0E7
:107EF000A3421460BFF35F8FBFF35F8F1361BFF3C3
:107F00005F8FBFF35F8F03235363BFF35F8FBFF3B5
:107F10005F8F9363BFF35F8F02F08CFC431CFBD039
:107F200003B030BDA01900209019002004000020EB
:107F3000026100F11402826000F110024160C2602F
:107F40000A604268034991604268D3604368103315
:107F50004360704704000020BFF35F8F094A136835
:107F6000BFF35F8F43F48071BFF35F8F1160BFF386
:107F70005F8F23F48073BFF35F8F1360BFF35F8F56
:107F8000704700BF0010805108B5FFF7E5FFBFF351
:107F90005F8F064A1368BFF35F8F43F00103BFF39F
:107FA0005F8F1360BFF35F8F08BD00BF001080516B
:107FB00070B50026C0E9006605460C46FEF732FDA6
:107FC00001232B70FFF7C8FFBFF35F8F204BDB68E7
:107FD000BFF35F8F9B08013BACB3226842B19A426A
:107FE00005D9FEF73FFD6FF03F002E7070BD1346C0
:107FF000D4E90115E068002908BF4FF4007100289A
:1080000008BFF1202469BFF35F8F114A9360BFF36B
:108010005F8FBFF35F8F1564BFF35F8FBFF35F8F19
:108020005064BFF35F8FBFF35F8F5163BFF35F8F08
:1080300044F4802444F00104BFF35F8F1460BFF365
:108040005F8F0020D2E74FF40071F1202546DAE778
:108050000010805170B503780D461446002B52D0A5
:10806000BFF35F8F2C4A136BBFF35F8F03F00E01DA
:108070000A294BD013F00C0F02D14FF0FF3070BD26
:108080004368D3B9BFF35F8F5368BFF35F8F032B90
:10809000F3D9224B2249BFF35F8FD2F88060BFF340
:1080A0005F8FBFF35F8F43F8046BBFF35F8F8B422B
:1080B000F1D1FFF769FF01234360BFF35F8F164BD8
:1080C0009A68BFF35F8F0132B4EB021F21D8BFF370
:1080D0005F8F5A68BFF35F8FB4EB820FCDD884B146
:1080E000BFF35F8FD3F88020BFF35F8F291D05F8A2
:1080F000012BA9424FEA122204F1FF34EFD0002CE9
:10810000F5D10020BBE76FF02000B8E76FF0510019
:10811000B5E76FF03F00B2E70010805110108051BA
:1081200020108051F7B50546154B0F4619681646C5
:1081300002F03FFA6B4600222846124902F09CFCEE
:108140000446C8B96946384602F0C4FB284602F026
:10815000F6FC284602F01EFA044668B9284602F0EA
:108160005FFC056820224168304602F0D9FB2A787E
:10817000F37F43EAC213F377204603B0F0BD00BF9C
:1081800088CE000060CE00002DE9F041154604467F
:108190001F461F4B86B00C9E8846196802F009FAEC
:1081A000EA7FF17FD209C909520742EA817220466B
:1081B000184901AB02F060FC38BB404601A902F04F
:1081C00089FBDDF80C8029464046202202F09DFB09
:1081D000EB7F394603F07F0388F81F300498202294
:1081E00002F093FB059D20223146284602F08DFBCC
:1081F000F37F204603F07F03EB7702F0A0FC2046DC
:1082000006B0BDE8F04102F0C5B906B0BDE8F081A6
:1082100070CE000060CE000070B50E4D0E4E0446CC
:10822000286802F0C8FC306828B980220B49FFF7A3
:1082300013FD60B92020094A013852F8202030602F
:1082400022600024286802F0BCFC204670BD022495
:10825000F8E700BFDC020020D0190020D41900206C
:1082600073B50446EFF31186202383F31288BFF31E
:108270006F8F8368594003EA02050A405340002289
:10828000009309496B46019201F058FBDDE9003289
:1082900023EA020304F10C003146A36001F002FB63
:1082A000284602B070BD00BFC9AC00007047002076
:1082B000704770472DE9F7430E4617469946044626
:1082C00028B94FF0FF38404603B0BDE8F0830029DD
:1082D000F7D0002AF5D0CB680D8938461D44042319
:1082E00029460DEB030200F016FC80460028E8D179
:1082F00046F60812BDF804107389914225D1BDF8E5
:1083000006109942DDD1042338460DEB03022944BF
:1083100000F001FC0028D4D146F60713BDF8042074
:108320009A42CED1C4E900679DF82830A4F808909D
:10833000A3727389BDF806202B44E360738913444C
:108340002B44043563612561BDE7002BE4D0B8E719
:108350002DE9F3410E4617461D46044620B94FF05D
:10836000FF3002B0BDE8F0810368002BF7D043680E
:10837000002BF4D04FF6FF78D4E90413994215D2BC
:1083800023685B8923B1E3688B4204BF0431216118
:10839000042360680DEB030200F0BDFB0028DED172
:1083A000A37A2BB1D4E903329A4201D30120D8E752
:1083B0002389BDF80610434501F1040203D0BDF83E
:1083C00004C09C450BD115B1BDF804302B80236946
:1083D000043333603980236913442361C1E723697F
:1083E00013442361C8E748B103683BB143682BB12C
:1083F000C068884294BF0020012070474FF0FF30D2
:10840000704700F067BC10B5044600F0AEFB00F00A
:1084100085F8A368181A10BD70B50D46044600F023
:1084200040FE2A46A0F1100104232046BDE870401A
:1084300000F071BB13B50446019100F032FE042335
:10844000A0F110010DEB0302204600F06DFE02B01A
:1084500010BD00F077B92C232DE9F34103FB010592
:10846000EB682E89D5F820801E4404231746314638
:1084700040460DEB030200F04EFB044620B1012400
:10848000204602B0BDE8F08146F60813BDF804208E
:108490006D899A421AD1BDF806309D4201D003245D
:1084A000EEE7042340460DEB0302A91900F033FB6D
:1084B0000028E4D146F60713BDF804209A42EED115
:1084C000BDF80610294431443960D9E7002DF1D0B8
:1084D000E5E7B22213B501290346019208460AD105
:1084E0005A6A03F1280401A900F06FFB08B9019B47
:1084F000236002B010BD022903D11A6D03F15404A8
:10850000F1E70120F5E710B528B1BDE81040602281
:10851000002100F0FABBF8F779FDF6E740F21623E8
:1085200058435030704770B50C460546164600F06B
:108530001CFBA04203D9284600F017FB044640F27A
:1085400016236343AA68644250332340D31A33602E
:10855000002070BD8068814206D2401A90424FF0E0
:10856000FF3028BF002070474FF0FF3070470023D6
:1085700082681946F8F726BC2C2303FB010104226C
:10858000086A00F0A2BDF8B513460F461646002152
:1085900002460546F8F756FF044650B93346012116
:1085A000284605F12C02F8F74DFF10B1002F18BF37
:1085B00004462046F8BD0020704710B50446C06C44
:1085C00008B100F0A7FA206A18B1BDE8104000F029
:1085D000A1BA10BD4379012B07D10368012B04D147
:1085E0000079431E58425841704700207047F0B54B
:1085F000056A85B0074628460E46FFF704FFF96D69
:108600000446304600F08AF80444284600F0ADFAEB
:108610000746284600F0B0FA10220146684600F0EE
:1086200074FB33796A468DF8003021463B46284674
:1086300000F086FA003818BF012005B0F0BD13B570
:108640000C4601AAC16D2046FFF76DFF002809DB2B
:108650000199A26801232046521AF8F7B3FBC00F14
:1086600002B010BD0120FBE737B515460C46C06CC3
:108670006946FBF7FBF9E979012903D0002220467E
:1086800000F0A9FD9DF80330012B02D1204600F037
:1086900081FDA9682046FFF7CDFE2046FBF7C6F90D
:1086A000002003B030BD73B50C460646F8F7FAFF5C
:1086B000E06010B3022823D1356A224631462846AD
:1086C000F8F716FFD0B9284600F0EBFC012301466D
:1086D0000DF10702284600F01EFA98B9012228463B
:1086E0000DF1070100F0F1FC10B101238DF8073006
:1086F0009DF8073003F00F03E371002002B070BD56
:108700000720FBE70120F9E7436A00205A68034687
:1087100013448B4200F10100FAD3704710B543793E
:108720000279012B13BFB22300230C464B4302F105
:10873000FF3201FB0233026818BF4C00013A04FB10
:10874000023010BD10B50446C06DFFF7E7FE636A46
:108750005B685A1E024459421140A26A013A5A43C8
:10876000501A626D53435B1A984228BF184610BDD9
:1087700070B504680D1B002D02DC6FF05F0070BD4A
:1087800094F900602378002E0ADB631C03602378D1
:1087900013600368C91A13688B42EED80020EEE715
:1087A00003F07F035C1E032C0ED89D42E5DD002400
:1087B00014600468013B013404605E1C1568E8D055
:1087C000247844EA0524F3E76FF06300D7E770B438
:1087D00004680E1B002E07DD26789E4208D1013466
:1087E000046070BCFFF7C4BF6FF05F0070BC7047DF
:1087F0006FF06100FAE738B503230446FFF7E7FF9F
:1088000018B9136813B96FF0670038BD013B1360E6
:1088100023681A78002AF6D101332360F5E72DE9A1
:10882000F34190461F4601AA302305460E46FFF746
:10883000CEFF0446F0B92B68F61A002E34DD42460E
:108840001B78284642F8043B2E68019B1E443146A3
:108850000623FFF7BCFF044660B92B68D8F8042054
:10886000C8F808309918B142296007D10C21384660
:10887000FDF72EF9204602B0BDE8F0819B5C3A4638
:1088800042F8043B2B683146013328462B60FFF742
:108890006FFF60B92B687A68BB601344B34218BF9E
:1088A0006FF065042B60E5E76FF05F04E2E70446D4
:1088B000E0E710B5036A0446D8688368DB68984728
:1088C000E36CD8688368DB689847012010BD0020FE
:1088D00070470FB407B504A951F8040B0191F9F7DB
:1088E000C3F903B05DF804EB04B07047044608B563
:1088F000084611461A46A047FCF7F2FCF9F7D8FFE4
:10890000038B13F0070306D10368002B18BF032065
:1089100008BF00207047022B05D1408BB0FA80F0D1
:10892000400980007047012B04D10368002B18BF59
:108930000520EDE70020704710B50C4600B111B9D5
:108940006FF0150010BD081D00F0ABF80028F9D13C
:10895000A368032BF6D9F3E72DE9F0410D4607464E
:108960001946281D90461E4600F0ACF8044638B162
:108970003346424629463846A446BDE8F0416047A2
:10898000BDE8F08110B4EFF31182202484F3128843
:10899000BFF36F8F416110BC0121F9F799BB38B566
:1089A0000C46054658B151B10B6843B14B6833B121
:1089B0001C22002100F0A9F900202C6138BD6FF0C5
:1089C0001500FBE7F8B504460E46FFF7B5FF051E98
:1089D0003BDBEFF31182202383F31288BFF36F8F09
:1089E0004FF6FF71638B278B8B4207F007072ED062
:1089F000062F2FD8DFE807F0182E082E18041800CD
:108A00006FF08505002303E0013363830225012312
:108A100082F31188BFF36F8FBBB100233A46314612
:108A20002046FFF799FF10E000233360636823B905
:108A3000C4E9006627B13D46E4E71E606660F9E7D9
:108A400002212046F9F744FB3D462846F8BD6FF069
:108A50000A05D7E76FF00405D4E710B5EFF31182EC
:108A6000202383F31288BFF36F8F048B04F0070475
:108A7000022C0AD0012C0CBF6FF004006FF08500AF
:108A800082F31188BFF36F8F08E0438B013B9BB2E9
:108A9000438323B92146F9F71BFB204610BD20462E
:108AA000EEE7034658B1426802F00302012A03D000
:108AB000032A04D1026812B10020986070476FF059
:108AC000150070474268034602F00302032A4FF084
:108AD0000002816014BF104600685A6070477047FA
:108AE0000FB407B504A951F8040B0191F9F7BCF8CC
:108AF00003B05DF804EB04B07047002908DB806820
:108B0000884205D9401A904234BF002001207047A6
:108B100000207047704770B516461A4605460C4649
:108B2000FFF7EBFF48B16968E86821448268146880
:108B30003246A446BDE8704060476FF0150070BD36
:108B400070B516461A4605460C46FFF7D6FF48B1E3
:108B50006968E8682144826854683246A446BDE8E2
:108B6000704060476FF0150070BD08B5C06883683D
:108B7000DB689847006808BD08B5C0688368DB6893
:108B80009847407908BD30B54C680368A34201D2CC
:108B9000012030BD8A682244934201D30020F8E7C7
:108BA000D1E90452954203D36FF00B038B61F5E7D3
:108BB000CA681B1B42F835304368086902EBC002E3
:108BC00053600B6901330B61E2E737B50C46C0B265
:108BD00001A91546F9F776FB00280CDB019850B186
:108BE00021462A46F9F794FB04460198FFF792FFC5
:108BF000204603B030BD6FF01504F9E700F085B8EA
:108C000000F078B8012801D1EFF30583FBF7B8BE77
:108C100001460068FFF7F6BF08B5F9F7CDFBBDE8E0
:108C20000840F9F735BE00210120FFF7EBBFC36E06
:108C300083F30B8870476FF08500704761B662B6AA
:108C400080F31188BFF36F8F704772B6002383F3F0
:108C50001188BFF36F8FBFF34F8F30BF62B6BFF382
:108C60006F8F704772B6002383F31188BFF36F8F45
:108C7000BFF34F8F20BF80F31188BFF36F8F62B6B1
:108C8000704740E800F313F4803FD8B208BF6FF09C
:108C90001500704730B50C684B6885B00A894D895E
:108CA0000094013B24F01F04234402F01F0242EA17
:108CB000451223F01F0369468DF808200393F9F746
:108CC00091FE05B030BD034600201A5C02B9704722
:108CD0000130FAE710B55AB10139841810F8012BA8
:108CE00011F8013FA04201D09A42F7D0D01A10BD2E
:108CF0001046FCE710B5431E0A44914200D110BD56
:108D000011F8014B03F8014FF7E70346C9B20244DB
:108D1000934200D1704703F8011BF9E74FF0FF3091
:108D200070476FF0850070470C220369C9B202FBDF
:108D30000133186C00F00700704770B50346C9B2E4
:108D40000069EFF31186202484F31288BFF36F8F3C
:108D50000C2505FB0104246C14F0C00401D0A242D0
:108D600011D1012205FB01000264002086F3118865
:108D7000BFF36F8F30B90C225B6802FB01335B6875
:108D80009847002070BD4FF0FF30EFE78022FFF7DB
:108D9000D4BFF8B5069F05460469C9B2EFF3118C3C
:108DA000202080F31288BFF36F8F0C2606FB01464C
:108DB000306C00F0070EBEF1010F10D137640026B1
:108DC0008CF31188BFF36F8F3EB90C2041430C44E4
:108DD000C4E90E236B685B5898473046F8BD00F035
:108DE000C00087420CBF6FF077064FF0FF36E7E711
:108DF00013B580240094FFF7CCFF02B010BD10B46F
:108E00001C240069CBB204FB0300002110BC1047F6
:108E10001046FBF7A1BF00F048BAFBF719B82DE9DF
:108E2000F0470024836886B0884691465B6902AAB1
:108E300001A99847A2462546029BAB4202D806B03C
:108E4000BDE8F0870026019F07EBC5077B68049308
:108E50003A680AEB0603B24202D89A460135EBE7BC
:108E600049460394059303A8C0470028E7D0049B14
:108E700001361C44ECE741EA02030846C3F30B0148
:108E800009B9FAF7D9B96FF01500704708461146CD
:108E90001A4621B103431B0701D1FAF7CDB96FF090
:108EA00015007047436800205B68DB680B60704703
:108EB000436802EA01005B6821EA02015860002071
:108EC00099607047436800205B6859607047436849
:108ED00000205B689960704743685B681A6821EA04
:108EE00002001140586000209960704730B5036956
:108EF000586800B30024884219D108688CB99C686E
:108F00005860A14200D19860002008602AB15A68D8
:108F10000A609A68596002B9996000200FE02846FB
:108F2000E9E720609868814208BF9C60ECE705682B
:108F30000446002DF3D1002AE9D16FF0150030BDB1
:108F4000FBF7EEB930B543681360057A446804EB6B
:108F5000C504A34202D36FF0010030BD5C79083331
:108F60008C42F1D10020F8E743681B68D3F8303118
:108F7000704743681B68D3F88004C3F880047047C7
:108F800042681368D3F84C0150B10020926A1278FD
:108F90000A70C3F84C01D3F84C2101229A62704741
:108FA0004FF0FF30704713B501AA0446FFF7CAFF20
:108FB000002805DB019B226819791868FAF720FB65
:108FC00002B010BD38B5054600220121C620F9F7D0
:108FD000EBFBC620F9F7B8FB6C680121E068FFF7EE
:108FE000E2FF6B6819686369C1F82435E28BA38BD3
:108FF000A07E1343228C1343628C1343627E9BB288
:109000000243207E02431343C1F86C3569680B6844
:10901000D3F8002242F48022C3F800220822C3F8C9
:1090200000254A6A0121C3F83C270022C3F84027E3
:109030001965D3F830110029FBD0C3F800256D68FD
:109040000021E8682C68FFF7AEFF0823C4F800355C
:109050002A7A52B9AB6AC4F804370123C4F8083736
:10906000C4F84C21D4F84C21A362002038BD08B5C7
:109070000220FAF717F8002008BD08B5FAF7CEFC71
:10908000002008BD08B5FDF7A9F948B1002383F316
:109090001188BFF36F8F0423184602DF6FF00400BE
:1090A00008BD8068203820F00F0020387047042861
:1090B00009D0052803D1481E18BF01207047431A64
:1090C0005842584170470120704738B515460C4644
:1090D00061B15AB1FFF750FD2146254411F8013B1B
:1090E000834203D1A942F9D1012038BD0020FCE719
:1090F00038B50C460123114622460546FFF70BFD05
:1091000000280FDB012221462846FFF7DEFF18B1B9
:1091100003230020237038BD2378012B14BF0223C2
:109120000123F6E70120F6E72DE9FF471D46064635
:109130000F469046FFF719FD6C1E04444042044060
:10914000102C1AD83046FFF717FD82462A464146B2
:109150006846FFF7CFFD5146621B0DEB0500FFF798
:10916000D4FD23466A4639463046FFF7E9FC00380D
:1091700018BF012004B0BDE8F0874FF0FF30F9E7D9
:1091800007B501238DF8042001AAFFF7CDFF03B036
:109190005DF804FB81680122203921F00F01FFF7FF
:1091A000EFBF8268203A22F00F02FFF7A1BF13B58C
:1091B0000C46C0B201A9F9F785F850B921460198CB
:1091C000FAF754FC04460198FFF7A4FC204602B0CD
:1091D00010BD0124FAE713B541EA021104468DF8E7
:1091E0000710FFF75EFF012301460DF1070220463D
:1091F000FFF79AFF02B010BD81680122203921F0EB
:109200000F011039FFF7BCBF03460020184700F0DC
:1092100080BA024610B5116891B1B1FA81F3C3F179
:109220001F000123834021EA0303D2E8EF4F8C4261
:1092300004D1C2E8EC3FBCF1000FF6D1EBD110BD78
:109240006FF00B00FBE710B50368CB40DB0710D4D1
:1092500001238B40026843EA0201D0E8EF4F9442B9
:1092600004D1C0E8EC1FBCF1000FF6D1F2D1002010
:1092700010BD6FF01500FBE7FAF786BD10B10128AD
:1092800002D07047FAF7E4BDFAF792BE18B1012890
:1092900003D100F00CB800F008B8704708B5FAF731
:1092A000BBFEBDE80840FAF713BEFAF7A5BDFAF712
:1092B00047BEF7B51646DDE90847019001A81D46EF
:1092C000FAF7E4FE019BB6F1000C18BF4FF0010C59
:1092D00000EB83000B1E18BF0123002D43EA4C0353
:1092E0000CBF4FF0000C4FF00C0C002C43EA0C03A9
:1092F0000CBF4FF0000C4FF4706C002F43EA0C03CE
:109300000CBF4FF0000C4FF4403CD0F8802043EAF3
:109310000C0322EA030301B109780EB13678760016
:1093200019430DB12D78AD0031430CB124782402DE
:1093300029430FB13F783F040C433C43C0F88040C1
:1093400003B0F0BD1FB50DF10F03019300238DF89D
:109350000F101A4619460093FFF7ABFF05B05DF8F2
:1093600004FB10B504460846FAF7A0FE04EB4004DF
:10937000207DC0F3401010BD10B504460846FAF732
:1093800095FE04EB4004207DC0F3400010BD10B5F5
:1093900004460846FAF78AFE04EB4004A08A400B14
:1093A00010BD70B5044608461646FAF77FFE083031
:1093B00034F810300D46DA0509D5C3F3432304EB26
:1093C000C3023146284654F8333052689847A368A0
:1093D0002BB131462846E268BDE87040184770BDA1
:1093E00010B504460846FAF761FE04EB4000838A94
:1093F000DA051DD5C3F3432123F4F853838204F126
:10940000120204F1580032F8023F13F4807F03D0B7
:10941000C3F3432399420BD08242F4D1002204EBE0
:10942000C1035A6004F16000BDE81040FFF70BBFB4
:1094300010BDF0B50446002001270546844695423C
:109440000AD1D4F8443133B10023C4F84431D4F8FC
:10945000443140F40030F0BDEBB29B0003F5807660
:109460009B0807FA03F3194208D054F806E0BEF14E
:10947000000F03D044F806C0A65918430135DEE7B3
:1094800038B504460D46FFF76CFFA8B12046FFF73C
:1094900073FF88B92046FFF77AFF012322688340D3
:1094A000C2F81833236803EB8000D0F8103523F09E
:1094B0000303C0F8103538BD2846BDE83840002108
:1094C000FFF740BF2DE9F0431746044685B0084634
:1094D000FAF7ECFDD7F800800E460546B8F1000F0C
:1094E0001ED02046FFF748FF18B12046FFF739FF8E
:1094F00020BB00230DF10F02CDE900338DF80E30B3
:109500008DF80F30304643460DF10E01FFF7D1FEC6
:1095100004EB4502938A23F0020343F00103938294
:109520007B689BB33146204693F80080D3F80490C3
:10953000FFF722FF28B1B9F1000F1FD06FF015001F
:1095400027E004EB4500838A23F4604323F02003E3
:109550008382B9F1000F11D0B8F1030FEED87B6808
:1095600021685B6893F800C04FEA8C031944B8F196
:10957000000F11D1C1F81085C1F8108504EB450228
:10958000938A23F01C0343EA88039382BB684BBB96
:10959000002005B0BDE8F083D1F8102522F00302C9
:1095A000C1F8102522681344D3F8102522F447325D
:1095B00022F47C72C3F8102541F6F072D3F810152E
:1095C00002EA061242EA08420A43C3F8102504EBF5
:1095D0004C03A3F86460838A43EA4C3343F02003CE
:1095E0008382CBE73146D3E900782046FFF7F8FEC7
:1095F000002FCDD063689F4206D004F16000FFF7D2
:1096000008FE002804DAC4E7A3689845F5D10020D5
:1096100004EBC003C3E9017804EB4505AB8AC0B293
:1096200043EA402343F48073AB82B1E7C0E90312FD
:10963000704770B504461546FFF793FE48B10846DB
:10964000FAF734FD04EB40040020A38A5B0B2B7077
:1096500070BD6FF01500FBE790F87400003818BF7C
:1096600001207047FAF758BD2DE9F341044617462B
:10967000FFF777FE0D462668F0B12046FFF77CFE27
:109680008046C8B92046FFF782FE820002F580734B
:1096900046F80380F35823681344D3F8102542F0AA
:1096A0000102C3F8102527B1012322688340C2F8C4
:1096B000143302B0BDE8F081D6F8143328469B037A
:1096C0005CBF4FF40033C6F81433FAF7EFFC04EB39
:1096D0004004A38AC3F38203042B11D0052B11D0BD
:1096E00001A80195FAF7D2FC019BC168D94001F0AD
:1096F00001010231284602B0BDE8F041FFF722BE69
:109700000321F7E70221F5E7FFF7BABEC9B2FBF77D
:109710002BB908B1F9F78ABB704710B54369044605
:109720003BB90020E2684042537843F00103537094
:1097300010BD98470028F4D00028B8BF4042FF2849
:10974000A8BFFF20E3681870ECE740B1C368587801
:1097500010F001001EBF1878B0FA80F04009704781
:10976000EFF31183202383F31288BFF36F8FFEE79B
:1097700008B5FFF7F5FF202408B5EFF3118384F354
:109780001288BFF36F8FFFF760FAF6E790F90E309B
:109790008B4201D0FBF774BC0020704703460020C9
:1097A000C3E90033C3E9020070473AB18A4205D3E6
:1097B000C0E90212C0E90000002070476FF01500F8
:1097C0007047EFF30580003818BF01207047D0E9DB
:1097D000003213605A600023C0E90033704708B5B7
:1097E000FFF7F5FF037C23F002030374002383607B
:1097F00008BD38B504460D46FBF79EFB237C43F0BD
:1098000002032374D5B1A5602B689D4209D16B6812
:10981000C4E900531C606C6010E06A689A42F6D09C
:109820001B68002BF3D093F90E1094F90E2091428F
:10983000F3DD5A68C4E9003214605C6038BD10B5CD
:10984000EFF31184202383F31288BFF36F8FFBF7AC
:1098500033FB84F31188BFF36F8F10BD08B5037C11
:10986000014613F0280F0CD183680BB1FFF7B7FF47
:109870000B7C084623F004030B74BDE80840FBF79B
:109880001BBB08BD10B5EFF31184202383F31288AE
:10989000BFF36F8F1838FFF7E1FF84F31188BFF330
:1098A0006F8F10BD0846FBF77FBB70B506460D46AF
:1098B000FBF7DAFCB5F1FF3F08BFB6F1FF3F044606
:1098C0000CD047F6112000214FF47A7547F612228A
:1098D0000023E4FB0501F6F7D3FD70BD4FF0FF3028
:1098E000FBE708B5C3171F3043F10003400940EA06
:1098F000C360C117FBF7B8FC400108BD38B504468A
:10990000EFF31185202383F31288BFF36F8F037C5D
:109910005B070ED5183000F05CF8237C204623F05E
:1099200004032374FBF7C8FA2846BDE83840FBF768
:109930003BBB85F31188BFF36F8F38BD2DE9F0472E
:1099400006460F4691469A46EFF31188202383F38B
:109950001288BFF36F8F0068864206D028B1736803
:1099600098420CBF0025056868B90024B9F1000FC2
:1099700002D051462046C84788F31188BFF36F8F45
:109980002046BDE8F0875146B84704460028EDD18F
:1099900035B17368AB4200D02C6828462546E3E712
:1099A0002C46FAE708B50246FBF7BEFD70B1D0E9D8
:1099B00004319B1A61EBE272B3F1004F72F10001C6
:1099C00004DA002AACBF1846002008BD6FF0004042
:1099D000FBE7024638B5EFF31185202383F31288A5
:1099E000BFF36F8F0368D3B1FBF79EFD04461046AB
:1099F000FBF7ACFD00224FF000438442C0E9042392
:109A000005D0002085F31188BFF36F8F38BDFBF7B9
:109A100093FDFFF7C7FF0021F9F77AFFF1E7D0E9DF
:109A20000413B3F1004F08BF012904D100204FF007
:109A30000041C2E904016FF01500E3E708B5FBF748
:109A40008DFE08BD7047FFF7A9BE4FF0FF324FF003
:109A5000FF33FBF7BFB8FBF72FB900207047704703
:109A600010B5044608B1FCF733F82046BDE81040B5
:109A7000FCF71EB80346C068F8B15888E8B11B88E7
:109A800003F44F42B2F5824F02D0B2F5884F09D1AC
:109A9000DBB2272B2AD008D8172B0FD0222B34D09B
:109AA000122B16D06FF085007047302B2FD0413B22
:109AB000012BF7D8FF2839D100207047C028FBD0F0
:109AC000E128F9D0B0F5807F14BF6FF08600002048
:109AD000704720F02003C02BEED020F08003B3F5B8
:109AE000807FE9D040F209239842EDE7E928E3D0EE
:109AF000EF28E1D040F21B139842DDD040F29913D9
:109B00009842D9D040F23B23EEE7E928F1E720F074
:109B10002003C02BD0D020F04003B3F5807FCBD002
:109B2000B0F5C07FC8D0B0F5007FCDE7B0F5E07FDD
:109B3000CAE72DE9F04F0D4689B00746DDE91389E4
:109B4000DDE915AB1146284614461E46FCF71EF902
:109B500040BB002D384623460CBF4FF400524FF453
:109B6000006207A9FCF7C4F90746A0B9129B079841
:109B7000D0E90912CDE90063CDE904AB2346CDE974
:109B8000028965B1FCF72EFE07460798FCF714FE24
:109B9000002F08BF0746384609B0BDE8F08FFCF734
:109BA0005FFEF1E76FF08607F5E741F20623984282
:109BB00009D8B0F5905F09D241F2010398420CD068
:109BC000B0F5885F09D06FF0850070476923A0F574
:109BD000905080B2C340DB07F5D511F0070F14BFDA
:109BE0006FF086000020704770B5446A05460E4647
:109BF0003CB90120FBF756FF686228B12046AE62EF
:109C000070BD6FF08A00FBE76FF08C00F8E7F8B5E5
:109C10001E460F4615460388C2B103F4E043B3F570
:109C2000805F02D0B3F5005F10D1089BE900196096
:109C30000088FFF7BAFF044630B92A463946304655
:109C4000FFF758F8079B1D602046F8BD6FF08504AC
:109C5000FAE710B50446406A10B1A16AFFF700FFA9
:109C60000020C4E9090010BD38B50446FFF7F1FF34
:109C7000237F012B0FD0023B012B0FD8236A012B2E
:109C800014BF6FF0960500252C2200212046FFF717
:109C90003CF8284638BD236A002BF1E76FF09605A3
:109CA000F2E710B50368044623B100F09CF80023E6
:109CB000236010BD1846FCE738B50C460168054620
:109CC000A1B904F0FE43B3F1007F12D14FF4127238
:109CD0000430FFF71AF821462846FCF785FE0446B3
:109CE00010B12846FFF7DDFF204638BD6FF088042D
:109CF000F7E76FF08604F4E738B50468054664B109
:109D000012B90024204638BD00F058F80446002857
:109D1000F7D02846FFF7C5FFF4E76FF08804F8E7AF
:109D200070B500261E60046805463CB100F04FF88F
:109D300004462846FFF7B5FF204670BD6FF0880443
:109D4000FAE710B586B0099C00930494089C13466A
:109D5000039400240A46CDE901440121FFF7E9FEFE
:109D600006B010BD037F022B06D1036A5A1C03D034
:109D700001330362002070476FF09600704703467E
:109D800068B1017F8A1E012A0BD80329026A03D118
:109D9000012A01D1FFF768BF1AB1013A1A62002007
:109DA00070476FF096007047C0B2FF280CBF6FF08D
:109DB000860000207047FCF78BBE70470368052BB8
:109DC00002D1043000F077B96FF08800704710B40A
:109DD0000468052C03D110BC043000F0DAB96FF030
:109DE000880010BC704708B50368052B04D14FF4F8
:109DF0001271043000F019FF002008BD00207047E8
:109E000000207047F6F7B4BC0A2842DCC31C1FDAF6
:109E100010F1400F45D010F13F0F2BDA10F1410F38
:109E200042D010F1550F42D010F1490F14BF6FF01E
:109E300086006FF08400704709282DD8DFE800F015
:109E4000052C2C2F172C372C2C3A6FF098007047CC
:109E500003300D2820D8DFE800F00A331F221F1F2F
:109E60001F1F1F1F071F1F076FF0940070476FF021
:109E70008500704710F1210F1FD00DDB10F1200F6E
:109E80001ED010F1100F14BF6FF086006FF0940019
:109E9000704764380928CFD96FF0860070470020DA
:109EA00070476FF0840070476FF0890070476FF063
:109EB000930070476FF08C0070476FF08800704718
:109EC0006FF09200704710B501380A44914200D1FA
:109ED00010BD10F8013F11F8014B63400370F5E726
:109EE0000144814200D1704711F8013D1A440A70C3
:109EF000120AF6E72DE9F8430E46174608994FF483
:109F0000DE7204461D46DDF8248000F05BFAB8B925
:109F100081464D4509D14146204600F0F4FA78B912
:109F20002046BDE8F84300F012BB204657F8292030
:109F300056F8291000F073FA10B909F10109E8E7A1
:109F4000BDE8F8832DE9F041F2B005460E4609A8B8
:109F5000002117469846FDF777FB044660B9789BC9
:109F60003246CDE9008329463B4603A8FFF7C2FFEE
:109F7000044609A8FDF792FB204672B0BDE8F081C7
:109F80001FB5CDE90210009302A9134603A80122D0
:109F9000FFF7D8FF05B05DF804FB07B501A9FCF792
:109FA00079FE003818BF012003B05DF804FB10B53E
:109FB000048886B004F44F44B4F5824F10D10B9C52
:109FC00004940A9C0394099C0294089CCDE90034F3
:109FD00013460A4601460120FCF7B4FE06B010BD48
:109FE0006FF08500FAE710B5048886B004F44F449A
:109FF000B4F5824F10D10B9C04940A9C0394099CE5
:10A000000294089CCDE9003413460A46014600201C
:10A01000FCF798FE06B010BD6FF08500FAE710B5AA
:10A0200090F84432044604301BB1BDE8104000F003
:10A03000CDB94FF4DE72216800F0C4F9B0FA80F3B4
:10A040005B0984F8443210BD73B51E4600230C46EC
:10A0500001A915460193FCF771FD90B9019800F034
:10A060007EFA069B98420ED8019800F078FA079B7A
:10A0700029461860019A33462046FFF781FFFFF713
:10A08000C3FE02B070BD6FF08900FAE738B5044630
:10A0900008462146FCF752FD054658B984F84402AB
:10A0A000206800F05EFAC4F8C0012846BDE83840D8
:10A0B000FFF7AABE38BD2DE9F74F0446884615467E
:10A0C000A2B1006800F04DFAD4F8C0310746AB42A7
:10A0D00010D9FB1A04F5E27018442A464146FEF7EF
:10A0E00009FED4F8C0315B1BC4F8C031002003B0B6
:10A0F000BDE8F08F04F11C03002118460193FDF721
:10A10000A3FA20B103B0BDE8F04FFFF77DBE2046B3
:10A11000FFF785FF8346B8BBD4F8C02104F10409DA
:10A1200004F5E27A51464846BA1A00F078F98346B7
:10A1300050BBD4F8C0614146AE1BB6FBF7F307FB3A
:10A140001366AD1B2A46484600F069F98346D8B924
:10A15000484600F08CF98346B0B9484600F0F7F95C
:10A16000834688B980215046C4F8C07100F05DFD77
:10A1700056B13246504608EB0501FEF7BBFDD4F858
:10A18000C021921BC4F8C0210198FDF787FA5846F8
:10A19000B8E72DE9F84305460068144689461E468F
:10A1A00000F0DDF9A04232D805F11C070021384645
:10A1B000FDF74AFA18B1BDE8F843FFF725BE284677
:10A1C000FFF72DFF0446E8B9A84658F8040B00F045
:10A1D000C8F9D5F8C02105F5E271821A404600F0B1
:10A1E0001EF9044670B94946404600F08CF9044611
:10A1F00040B9404600F0ABF9044618B9286800F0B1
:10A20000AEF930603846FDF749FA2046D3E76FF0E3
:10A210008900BDE8F883F0B40026069F04883E60FC
:10A22000059F3E60049E86B145682D0A11D124F039
:10A23000FF04B4F5E24F02D1F0BC00F0E6B9B4F58A
:10A24000824F06D1F0BC00F007BA6FF08600F0BC78
:10A2500070476FF08500FAE7FCF752BEC0F3025377
:10A26000013B10B5052B21D8DFE803F01B0B0B0BCE
:10A270000313032300F030002028136013D00020C4
:10A2800010BD0B8844F212118B420CBF0423022331
:10A29000F0E70B8844F212118B420CBF0623032314
:10A2A000E8E70123E6E702331360E8E76FF0980080
:10A2B000E6E713B50C46FCF7EDFCC31C0FD00130EC
:10A2C00009D004224FF0FF3321460DEB0200019329
:10A2D000FEF700FD30B96FF08B0002B010BD6FF0DB
:10A2E0008400FAE70020F8E730B589B00546182267
:10A2F0000C4601A80021FEF708FD012344EA0524CD
:10A3000001A9BA2007940593FCF77EFC002818BF2A
:10A310006FF0920009B030BDF7B5BA2001A9FCF783
:10A32000B9FC044610B1002003B0F0BD019D2F0A16
:10A33000EDB2AC4205D1BA20FCF792FC0028F2D075
:10A3400008E0E6193046FCF78BFC30B13046FFF7E9
:10A3500024FE10B96FF09200E6E70134E9E738B562
:10A3600003780446033303F00303012B0FD86FF087
:10A37000210038BD60782844FCF764FC48B90135F9
:10A380002378C3F382039D42F4D30020F1E7002534
:10A39000F6E70220EDE708B5F820FFF7FEFD18B953
:10A3A000F920FFF7FAFD10B16FF0920008BDF82018
:10A3B000FCF748FC0028F7D1F920FCF743FC002803
:10A3C000F4D0F1E70160CB691146184738B503684E
:10A3D00004460BB3027EFAB14FF4DE71DB69C56847
:10A3E0009847C0B92368E5605A69636AE169C2F5B4
:10A3F000CA7213440B602368E2695B6943F000533F
:10A4000093606268E3695268DA60E3691033E3617C
:10A41000A3680233A36038BD6FF02000FBE7037E22
:10A42000E3B1CAB18368062B1BD8B2F1807F1BD27F
:10A43000C3691960C3699A604168C369C968D96012
:10A44000C3691033C361036913440361C3681344D0
:10A45000C360836801338360002070476FF0200081
:10A4600070476FF0440070476FF03F00704738B599
:10A47000037E002B3ED00368C2681969B2FBF1F479
:10A4800001FB1422002A38D1D3E905142144D02934
:10A4900036D89C68816A056A614081625C684C407C
:10A4A00084625969446ACB1CC1F5CA710C442C60A2
:10A4B0000468016A646923F003038C60016A01F196
:10A4C00010040462046864699C420AD00A6101684D
:10A4D000026A49695B1A43F080439360036A103350
:10A4E000036200F17C024FF4A071183000F02EF9E5
:10A4F000002038BD6FF02000FBE76FF04500F8E763
:10A500006FF02200F5E710B5037E0446ABB1D0E949
:10A5100003239A4204D00268836A526853408362DC
:10A5200020466369984704F118004FF4A07104F1C4
:10A530007C0200F00BF9002010BD6FF02000FBE75B
:10A54000037E0BB100F076B96FF02000704710B5B4
:10A5500004462046FFF7F4FF431CFAD010BDC06844
:10A560007047006970470368D868C0F300407047BF
:10A57000036803F58053586A00F4A020003818BF20
:10A5800001207047022203689A6070470368D86808
:10A59000FDF780B9024608B51046FFF7E4FF002832
:10A5A000FAD1BDE808401046FFF7F0BF03685A50E3
:10A5B00070470369996670470369986E7047C0F3E6
:10A5C0000B03482B4B6028BF482310F4003F8B60DF
:10A5D00008BF0023CB6010F4803308BFC1E901330A
:10A5E00000F47003B3F5700F14BF00238B680028CC
:10A5F0004FF0010C4FF008028B60B8BF0023C1E997
:10A6000005C2B8BFC1E9053370472DE9F341DDF854
:10A6100020801E46438842450F461546019315D8B3
:10A62000294601AAFDF736FA044658B92B463A46A0
:10A630004146304600F0DCFA58B10A9B019A1A6094
:10A64000099B1D60204602B0BDE8F0816FF08904CF
:10A65000F8E76FF08604F5E72DE9F0431F4606881A
:10A66000438895B0029306F44F43B3F5824F0546F5
:10A67000144602D0B3F5884F2FD1F6B20A462346CE
:10A68000412103A8D5F80C9000F0B2FA38B31C9B16
:10A690009C4227D82846214602AAFDF7FBF9054629
:10A6A000B8B9122EDDF8088001D0302E07D142460D
:10A6B00031464846009403ABFDF7B6F9A8B92246E7
:10A6C000384603A9FEF716FB1E9BC3F800801D9BAE
:10A6D0001C60284615B0BDE8F0830026CEE76FF079
:10A6E0008605F6E76FF08905F3E70546F1E7F7B56C
:10A6F00006460D46202D2F46A8BF2027002168467C
:10A70000FDF756FC044670B93A4631466846FDF7F7
:10A71000A1FC10F1520F044608D0431CF4D0684647
:10A7200000F0AFF834B1204603B0F0BD684600F049
:10A73000A8F8E3E7EC1B3E44F5D02546DAE713B56D
:10A7400000240094FDF730FB02B010BD4368A3F174
:10A750001001914241D8012243F80C2C53F8042CEB
:10A7600042F0200243F8042C53F8082C42F0005227
:10A7700043F8082C836800F11402A3F11001914200
:10A780002FD8012243F80C2C53F8042C42F020025D
:10A7900043F8042C53F8082C42F0005243F8082CDC
:10A7A000C36803F15402BFF35F8F4FF0A3431A60F5
:10A7B000BFF35F8FC2680432BFF35F8F1A61BFF3CC
:10A7C0005F8FBFF35F8F03225A63BFF35F8FBFF3C7
:10A7D0005F8F9A63BFF35F8F7047103242F80C2C83
:10A7E000B7E7103242F80C2CC9E738B5BFF35F8FDA
:10A7F0004FF0A344E569BFF35F8FBFF35F8F102372
:10A800006363BFF35F8F012000F0F0F9BFF35F8F48
:10A8100000236363BFF35F8FBFF35F8FE36BBFF30F
:10A820005F8F5B06F8D425B1BFF35F8FE561BFF39F
:10A830005F8F38BD08B5FCF78BFF30B9BFF35F8F72
:10A840004FF0A343986ABFF35F8FBFF35F8F4FF062
:10A85000A342D36BBFF35F8F10F0240F03F02303E9
:10A8600004D0FFF7C2FF6FF01F0008BD4FF0FF30AC
:10A87000002BFAD1BFF35F8F1063BFF35F8F1846D1
:10A88000F3E710B5037804461BB1FCF7EBF800239F
:10A890002370002010BDF8B50D460646076828460F
:10A8A000D41B214600F025F83A4671682819BDE806
:10A8B000F84000F02AB870B5054616461C461A4600
:10A8C000FFF7E9FF2246314605F10800BDE8704078
:10A8D000FFF7E1BF38B50C46054601462022206847
:10A8E00000F013F820226068A918BDE8384000F095
:10A8F0000CB80A4600230AB1810702D10021FEF7F5
:10A9000004BA00F8013B013AF5E70AB1830701D127
:10A91000FEF7F0B911F8013B013A00F8013BF4E70A
:10A920000AB18B0701D1FEF7E5B911F8013B013AF5
:10A9300000F8013BF4E773B50546D0E90146CDE9DF
:10A940000023FFF739FE0068ED68C0009DF8002085
:10A950009DF8073004EB0614A5F1080114D502F0A8
:10A960003F0242F0200243F00103601B8DF80020FB
:10A970008DF80730FFF7BDFF083C082269462046E6
:10A98000FFF7C3FF02B070BDA41B03F03F0342F00A
:10A99000010243F0200304F108008DF800208DF837
:10A9A0000730FFF7A6FFE8E710B50446FFF704FEFF
:10A9B000C2684AB142F420222046BDE8104000217E
:10A9C00042F40062FFF7F2BD10BDC06870472DE988
:10A9D000F8430A680C4612F4700F15D1D0E90159FA
:10A9E000D1F80880FFF7E8FD03682046DB0048BF88
:10A9F00063684FF0000744BFA9EB0303ED1800F0B4
:10AA0000ABF80646B74201DBBDE8F883414628466D
:10AA10006268FFF77AFF63684D4498440137F1E7B5
:10AA200038B50446FFF7C8FDD4E90135016842682E
:10AA3000C90042BFE168691A5B18002112B904F12C
:10AA4000140038BDD00742BF04EB810043610131DF
:10AA50002B445210F2E770B506460D461446FFF738
:10AA6000ABFD013D026844EA05243046224304213F
:10AA7000BDE87040FFF79ABD2DE9F04F044685B060
:10AA80000E4691460193FFF797FDD4F848A005467E
:10AA9000BAF1000F07D02046FCF7E2FE1025284649
:10AAA00005B0BDE8F08F8768D4E9018BFCF77AFE2A
:10AAB000326811064CBFC26842687168914204DD79
:10AAC0002046FCF7CDFE0D25E9E7E160326820461F
:10AAD00049EA02092A6949EA0202FFF7BCFF2A682B
:10AAE000D20003D5E268ABEB020290443FB9314695
:10AAF0002046FFF76CFF2B696BB90025CFE7FB07FA
:10AB000048BF019B4FEA670744BF43F82A800AF118
:10AB1000010AD844EAE702A800F037F8054618B160
:10AB20002046FCF79DFEBAE72046DDE90223FFF749
:10AB300002FF08210DEB010000F077F8DDE710B50A
:10AB40000446FFF731FFBFF35F8F03222046BDE8C5
:10AB500010400821FFF72ABD0368024613F4700F66
:10AB600006D1806828B1D368506893FBF0F0704735
:10AB700000207047037823F007030370C37F03F0BE
:10AB80007F0343F04003C377704710B50446FCF7DA
:10AB900009FE436963B12046FDF73EFB50B9D4E995
:10ABA00000321343F7D0201DBDE81040FDF734BB41
:10ABB0006FF0020010BD4FF0FF324FF0FF33FAF795
:10ABC00009B8FAF779B800F09FB807B54FF0FF332E
:10ABD0004FF0FF32CDE90023002200F0A2F803B0CD
:10ABE0005DF804FB00F099B800F093B8FEF779BE69
:10ABF0008B4230B50CD8002421469C4203D1081E5C
:10AC000018BF012030BD155D055529430134F4E717
:10AC10000020F7E710B58B4294BFC4184418A04237
:10AC200000D110BD00F8012BF9E700231A4682B0CD
:10AC300001908B4201D102B070470198C254013398
:10AC4000F7E72DE9F3470446DDE90A9815460E4675
:10AC500059B302F0010AFAF743FB0746EFF31181FB
:10AC6000202383F31288BFF36F8FA80744BF00230C
:10AC7000A360A36803EA0600BAF1000F0CD0864275
:10AC80000CD16A0744BF8343A36081F31188BFF3EB
:10AC90006F8F02B0BDE8F0870028F2D159EA0803AF
:10ACA00005D181F31188BFF36F8F0020F1E7C7E969
:10ACB00018652246CDE9009804F10C00FAF7BEF9B8
:10ACC0000028F2D1386EE4E710B50B680446D0E9ED
:10ACD000180212F0010F03EA000301D0984211D1CB
:10ACE00083B12366520748BF4A6804F1180044BF85
:10ACF0001A434A60FEF76DFE00232046C4F88030F8
:10AD0000FEF7ACFD002010BD0023C0E90000836009
:10AD100070474FF0FF32FDF7A3BA0A460021FDF756
:10AD20009FBA5200FFF78DBF8C57FF7F01000000D4
:10AD3000C12D0000000000002938000000000000C4
:10AD4000512E00000000000000000000A0AD000037
:10AD500000000000F4AD000000000000D8AD0000CD
:10AD600000000000BCAD00000000000010AE0000BC
:10AD70009D310000000000006F9000000000000006
:10AD8000000000002CAE00007B90000000000000DE
:10AD90008590000000000000452300000000000036
:10ADA00094D500003CB80000FCB60000040300206D
:10ADB00064150020F52E000000000000C6D500003C
:10ADC00070B80000D8B6000008030020C8150020A5
:10ADD000B534000000000000D2D5000084B80000A7
:10ADE000D8B600000A030020D4150020B5340000B6
:10ADF00000000000DDD5000098B80000D8B60000C3
:10AE00000C030020E0150020B53400000000000015
:10AE1000E8D50000B8B8000018B700000E03002005
:10AE2000EC150020C58F000000000000ADD500002B
:10AE300000000000C0B60000060300200000000073
:10AE4000153200000000000000000000278C000008
:10AE500000000000278C000000000000278C00008C
:10AE600000000000278C000000000000278C00007C
:10AE700000000000278C000000000000278C00006C
:10AE800000000000278C000000000000278C00005C
:10AE900000000000278C000000000000278C00004C
:10AEA00000000000278C000000000000278C00003C
:10AEB00000000000278C000000000000278C00002C
:10AEC00000000000278C000000000000278C00001C
:10AED00000000000278C000000000000278C00000C
:10AEE00000000000278C000000000000278C0000FC
:10AEF00000000000278C000000000000278C0000EC
:10AF000000000000278C000000000000278C0000DB
:10AF100000000000278C000000000000278C0000CB
:10AF200000000000278C000000000000278C0000BB
:10AF300000000000278C000000000000278C0000AB
:10AF400000000000278C000000000000278C00009B
:10AF500000000000278C000000000000278C00008B
:10AF600000000000278C000000000000278C00007B
:10AF700000000000278C000000000000278C00006B
:10AF800000000000278C000000000000278C00005B
:10AF900000000000278C000000000000278C00004B
:10AFA00000000000278C000000000000278C00003B
:10AFB00000000000278C000000000000278C00002B
:10AFC00000000000278C000000000000278C00001B
:10AFD00000000000278C000000000000278C00000B
:10AFE00000000000278C000000000000278C0000FB
:10AFF00000000000278C000000000000278C0000EB
:10B0000000000000278C000000000000278C0000DA
:10B0100000000000278C000000000000278C0000CA
:10B0200000000000278C000000000000278C0000BA
:10B0300000000000278C000000000000278C0000AA
:10B0400000000000278C000000000000278C00009A
:10B0500000000000278C000000000000278C00008A
:10B0600000000000278C000000000000278C00007A
:10B0700000000000278C000000000000278C00006A
:10B0800000000000278C000000000000C1760000D6
:10B0900000000000278C000000000000278C00004A
:10B0A00000000000278C000000000000278C00003A
:10B0B00000000000278C000000000000278C00002A
:10B0C00000000000278C000000000000278C00001A
:10B0D00000000000278C000000000000278C00000A
:10B0E00000000000278C000000000000278C0000FA
:10B0F00000000000278C000000000000278C0000EA
:10B1000000000000278C000000000000278C0000D9
:10B1100000000000278C000000000000278C0000C9
:10B1200000000000278C000000000000278C0000B9
:10B1300000000000278C000000000000278C0000A9
:10B1400000000000278C000000000000278C000099
:10B1500000000000278C000000000000278C000089
:10B1600000000000278C000000000000278C000079
:10B1700000000000278C000000000000278C000069
:10B1800000000000278C000000000000278C000059
:10B1900000000000278C000000000000278C000049
:10B1A00000000000278C000000000000278C000039
:10B1B00000000000278C000000000000278C000029
:10B1C00000000000278C000000000000278C000019
:10B1D00000000000278C000000000000278C000009
:10B1E00000000000278C000000000000278C0000F9
:10B1F00000000000278C000000000000278C0000E9
:10B2000000000000278C000000000000278C0000D8
:10B2100000000000278C000000000000278C0000C8
:10B2200000000000278C000000000000278C0000B8
:10B2300000000000278C000000000000278C0000A8
:10B2400000000000278C000000000000278C000098
:10B2500000000000278C000000000000278C000088
:10B2600000000000278C000000000000278C000078
:10B2700000000000278C000000000000278C000068
:10B2800000000000278C000000000000278C000058
:10B2900000000000278C000000000000278C000048
:10B2A00000000000278C000000000000278C000038
:10B2B00000000000278C000000000000278C000028
:10B2C00000000000278C000000000000278C000018
:10B2D00000000000278C000000000000278C000008
:10B2E00000000000278C000000000000278C0000F8
:10B2F00000000000278C000000000000278C0000E8
:10B3000000000000278C000000000000278C0000D7
:10B3100000000000278C000000000000278C0000C7
:10B3200000000000278C000000000000278C0000B7
:10B3300000000000278C000000000000278C0000A7
:10B3400000000000278C000000000000278C000097
:10B3500000000000278C000000000000278C000087
:10B3600000000000278C000000000000278C000077
:10B3700000000000278C000000000000278C000067
:10B3800000000000278C000000000000278C000057
:10B3900000000000278C000000000000278C000047
:10B3A00000000000278C000000000000278C000037
:10B3B00000000000278C000000000000278C000027
:10B3C00000000000278C000000000000278C000017
:10B3D00000000000278C000000000000278C000007
:10B3E00000000000278C000000000000278C0000F7
:10B3F00000000000278C000000000000278C0000E7
:10B4000000000000278C000000000000278C0000D6
:10B4100000000000278C000000000000278C0000C6
:10B4200000000000278C000000000000278C0000B6
:10B4300000000000278C000000000000278C0000A6
:10B4400000000000278C000000000000278C000096
:10B4500000000000278C000000000000278C000086
:10B4600000000000278C000000000000278C000076
:10B4700000000000278C000010AE0000698F000063
:10B4800000000000278C000000000000278C000056
:10B4900000000000278C000000000000278C000046
:10B4A00000000000278C000000000000278C000036
:10B4B00000000000278C000000000000278C000026
:10B4C00000000000278C000000000000278C000016
:10B4D00000000000278C000000000000278C000006
:10B4E00000000000278C000000000000278C0000F6
:10B4F00000000000278C000000000000278C0000E6
:10B5000000000000278C000000000000278C0000D5
:10B5100000000000278C000000000000278C0000C5
:10B52000BC010020418F000000000000278C0000BB
:10B5300000000000278C000000000000278C0000A5
:10B5400000000000278C000000000000278C000095
:10B5500000000000278C000000000000278C000085
:10B5600000000000278C0000B9480000099200008C
:10B5700000000000278C000000000000278C000065
:10B5800000000000278C000000000000278C000055
:10B5900000000000278C000000000000278C000045
:10B5A00000000000278C000000000000278C000035
:10B5B00000000000278C000000000000278C000025
:10B5C00000000000278C000000000000278C000015
:10B5D00000000000278C000000000000278C000005
:10B5E00000000000278C000000000000278C0000F5
:10B5F00000000000278C000000000000278C0000E5
:10B6000000000000278C000000000000278C0000D4
:10B6100000000000278C000000000000278C0000C4
:10B6200000000000278C000000000000278C0000B4
:10B6300000000000278C000000000000278C0000A4
:10B6400000000000278C000000000000278C000094
:10B6500000000000278C000000000000278C000084
:10B6600000000000278C000000000000278C000074
:10B670009D9200000992000000000000278C00004D
:10B6800000000000278C000000000000278C000054
:10B6900000000000278C000000000000278C000044
:10B6A00000000000278C000000000000278C000034
:10B6B00044010020418F000000000000278C0000A2
:10B6C000B13200008D8E0000778E0000FD31000049
:10B6D000ED31000005320000E1320000A58E0000CF
:10B6E000B18E0000C58E0000CF8E0000D98E000004
:10B6F000FD340000ED8E0000000000004D2F000022
:10B700008D8D0000F18D000000000000298D0000EB
:10B710000000000000000000818F000029370000B9
:10B72000738F0000D0D400000300000012D000008E
:04B730000300000012
:10B7400000A0105000820D500004055000000000C1
:10B750000338FDD870470000000000000000000022
:10B760000338FDD870470000000000000000000012
:10B770000338FDD8704700000100000002000000FF
:10B7800001000000B4D600009CB7000001000000DA
:10B790000200000001000000020000002C00000078
:10B7A00000A0105000820D500004055000A004506D
:10B7B00000600C5000401050040000000000000029
:10B7C0000000000000F800002CAE000001000000A6
:10B7D0000000010000200B002CAE00000200000061
:10B7E00000200C0000200B002CAE00000300000025
:10B7F00000401700009000002CAE00006000002008
:10B8000040000000060001000200000010B8000027
:10B81000000000007FD5000002000000E0CF17000C
:10B820000000002087D5000021000000E0EF032089
:10B83000B12E0000812E000000000000FD2F00004E
:10B840007D2F0000A1D500001B8E0000178E000088
:10B85000A7D500001000000001FF00007D010000DE
:10B860000010000000A0105000820D500004055090
:10B870007F00000000A010504401002010000000D4
:10B8800000000000FFFF010000820D50BC010020FD
:10B890000023000001000000FF0700000004055025
:10B8A00000000000000000000200000000A0105096
:10B8B00000820D500004055000600C500000000094
:10B8C00000000000E4B8000000C201000000D60142
:10B8D000000000000000004000100000561B002087
:10B8E000551B002000600C50F0B800000100000063
:10B8F000F8B8000004000000240000002600000248
:10B9000025060001270600039AD600009FD60000F6
:10B91000A4D60000010000000200000000A01050AA
:10B9200000820D50000405500800000002000000D5
:10B93000040000000100000030AD000040AD000038
:10B9400078AD000080AD000098AD0000A0AD000013
:10B950000B8D000000388A408F409440A140A640E3
:10B96000AC401548CB40AE40A3400038003800380A
:10B970000038CE40ED409D4149415641324137416A
:10B980003C414141B941BE41D7410E42FA418D414E
:10B990001B42804162426A42774274436E4366436F
:10B9A0007F432E4824460038003800380038AF481E
:10B9B000D548F34863457D4585439D45A845BB452E
:10B9C000E345ED45CF45FC4515468C466E4695460C
:10B9D0008E460038003800382842003800380038D9
:10B9E0000038003800380038003800380038003897
:10B9F000003800381949194919491949194919498B
:10BA000019491949194919490038003800380038CE
:10BA10000038003800380038003800380038003866
:10BA20000038003800380038003800380038003856
:10BA30000038003800380038003800380038003846
:10BA40000038003800380038003800380038003836
:10BA5000003800388C090038FFFFFF0000000000AC
:10BA600010270081878A001A7B627AA678797A8DFE
:10BA700000307B627AA778797A8D003078207B62FB
:10BA800079217A220C10865082A2808182A282873C
:10BA9000828D001A0030722095407AAC797B00309C
:10BAA00078247B627AA884797A8D00307224A7404A
:10BAB0007B2479257A26856286A87284868D11A6D4
:10BAC0008584116286A785868420862186228650F9
:10BAD0009A5086A6867286A88685868D8462868D13
:10BAE000781086A67270001A00307ABB7879003020
:10BAF00000830030001C001C001C001C001B7C226A
:10BB0000001D1310D040001A001C001C001C001B5C
:10BB10007C22001D001B7C22001D1310DA40001A3D
:10BB2000000C016A3427001A006E1027001A7B628D
:10BB3000782479257A260C1086500E1022590E1082
:10BB40001A59848FC50811B885850410295911A286
:10BB500084871AA211111120071890A2801A902030
:10BB6000001919A272871AA61970001B7C201AA24C
:10BB70001A8013100B410E101D590410335986A260
:10BB80001A72868D001A0030870811B8858211A2BA
:10BB900084871AA211111120031890A2801A9020F4
:10BBA000001915A281871AA215151520031890A255
:10BBB000801A902000190741865005240825042684
:10BBC000F5408650042406250526F54086500C24B1
:10BBD00006250B26F54086500B2408251A26F5501D
:10BBE00000AB0C1A00300DA702720AAC060D0EA7AE
:10BBF00003720BAC060E02620CA872030C8D0030AF
:10BC00007DBB0203048F05A670700362865004207A
:10BC100072210E229A500070108A0E240B250E26D7
:10BC2000F35002728650042072210D229A50027243
:10BC30001027108A0D240A250D26F35005A70D0E96
:10BC400005200C2105229A50007005BB030505A6AE
:10BC50000E05003002628650042072210D229A5097
:10BC60000070108A0D240A250D26F35000300DA710
:10BC70000D0E05A67070027286500C200D21052253
:10BC80009A50007005BB030505A60E050030026240
:10BC90000DA7027203620EA7037201BB0D0E00BB5B
:10BCA00002030D200E21802282AC8081812082211E
:10BCB0003910A941006201A80180018D01240825E5
:10BCC0000626B15000300324062508268650F3408E
:10BCD000032405250A268650F350026286500A2066
:10BCE00072210A229A503810003906200A210B22AC
:10BCF0009A500BA60B0C0BA80B050B8D38100039B6
:10BD0000003002620A8E0A8F0B8E0B8F0727875036
:10BD10000EA8720B0C200E210D229A500A200E2123
:10BD20000E229A500062865003240D251A260821FF
:10BD30000E221A510262008107271A2072211A224C
:10BD40009A5000AB0A1A003086500DBB08060DA6AB
:10BD5000040D032406250E26F3500E2007210E2283
:10BD60009A500EA7050E0E8D0E240D250B26F340BE
:10BD700086500A2408250D26F35002200D210E229C
:10BD80009A500E240C250B26F340865007200A21DA
:10BD90000D229A5003240C250E26F35005A60D0EF5
:10BDA000058D0030865001A700720AB901000624F3
:10BDB0000A250426F55077A70472381000300118C0
:10BDC00077A70401381000300420042104229A507F
:10BDD00077A704723810003C001977A704013910C6
:10BDE000003C0030A0A27210685380A2811090A283
:10BDF00091100210965308105B541410FB54391024
:10BE00008134001A000C865033A2041002102D4415
:10BE10000810D74414105B45585226207821485208
:10BE20002621001C7A20CC425852262078214852E4
:10BE30001D2079214A52262026211D22001E7A200B
:10BE4000CC425852782479257D527A20CC42112058
:10BE500084214852112010107A590E1036490121C0
:10BE60008526006886AC86012EA67070C1522E22EF
:10BE700036102C2235A78682006CC80811B835818F
:10BE8000EA5026201121001C2620021012541121F4
:10BE900026220718B120021015540810C754141098
:10BEA000515580210019E35226202621D05011221D
:10BEB000BC520068C152006C2320361026201B2281
:10BEC0000318001E802100192621001A001B0B10E8
:10BED0002320001F001A2CBA73742CBA2C2C2CA708
:10BEE0002C742DA7018677A72D2C001AA122DC52D5
:10BEF00002108D53081054541410F65480A280720E
:10BF000090A29072808D908D001A003082A28210D3
:10BF100082A2827282A81082001A2C20132116227B
:10BF2000071880A2818280219020B222001932223B
:10BF3000DC5229A2322828A2323131A2292525A299
:10BF4000293030A2312222A2312F2FA2301F1FA26E
:10BF5000302E2EA22F1C1CA22F2D2DA22E1919A27D
:10BF60002E2C2CA22D1616A22D132FA6117030A642
:10BF7000127031A6137013A62C701120112108180D
:10BF800002108D53081054541410F654A020B121FF
:10BF9000001926A62F7027A6307028A63170001A27
:10BFA0001120842148521D20822148528A0811B84C
:10BFB0008583142011211122001C05188024B12032
:10BFC0008421001E001920201D211D22001C05189F
:10BFD0008024B1208421001E0019E352262026214E
:10BFE0001922001EDA501122BC5219222620BC52FE
:10BFF00077A22872F810821077A785017710862023
:10C00000CC4285A6850183A6830183A6830113A262
:10C0100072101DA619701EA61A701FA613702C434D
:10C02000585278210810E044818F918F001A003017
:10C0300077A701003810013A001A00305852042145
:10C040006853021039540810F0543810053A001A99
:10C0500000305852262078214A52001A0030585297
:10C06000151075536E53262002214A5200302DA21E
:10C07000A1A12EA2A12D80A2812D90A2912E001A05
:10C080002FA205102EA280802CA280332EA22E80FB
:10C090002DA290902EA62E2C2EA62F2E2CA72D2E24
:10C0A0002CA22C722C8D001A30A691912CA6818185
:10C0B0002DA230911A10E24331A2A1A11810C5435C
:10C0C0002EA2818131A231312CA22C2D31A231330B
:10C0D0002FBA2E742EA62F3131A62C2CD1432EA68A
:10C0E00081312FA781312CA22C2D2EA22E2F31A6EB
:10C0F0002C2C2EBA2E742DA22D2D2FA22E2E2DA635
:10C100002D2D80A72F3131A72C80A0A230A12FA2E6
:10C110002E3190A72F2D001A2EA281812CA22C2D1A
:10C12000CD4331A67092ED4331A77092ED4330A21A
:10C13000A1A12FA231A131A230822FA22F3031A78D
:10C1400031812FA72F9130A23131A0A231A12CA291
:10C15000813030A231302EA62C2C31A22F2F2EA6CA
:10C16000302E80A7312E2CA72C802EA2913031A208
:10C170002F2C90A7312E001AB0A2A0A0001A2EA634
:10C1800070921B442EA770921B442DA2A2B231A222
:10C19000A1A12CA281B22FA2A13131A282312DA264
:10C1A000912D2FA22E2F2EA2A1A22C21F543AAC39E
:10C1B000E7D3EAE32CA6047477A72C00381477A6FB
:10C1C00004707814001A2DA205102EA633332FA662
:10C1D0002D2D2EA22E2E2FA62F2D2EA22E332FA2A6
:10C1E0002F2F30A62F2F2EA62E2F2FA62E3077A240
:10C1F0002F72001A90A77090908D001A2DA2A1A105
:10C2000080A281A190A2912D001A2FA205102EA22A
:10C2100080802CA280332EA22E802CA22C802DA2D6
:10C22000909030A280902EA62E2C2DA62D302EA6DA
:10C230002F2E2CA72D2E001A2CA281A12DA2818198
:10C240002EA62D912DA22D2DA0A22C2C2CA22C2E71
:10C250002EA22E2E181085442FA2A03387442FBA69
:10C26000A0042EA62E2C80A62E2F2CA6A02C2DA20C
:10C270002DA02CA22C8090A62C2D001A702398445F
:10C280008223984431A683922FA282A130A2A1A139
:10C2900030A2313031A2818132A22F2F29A6313232
:10C2A00031A63191A0A229A131A22F312EA6812F32
:10C2B00032A630322FA6913032A281322FA22F2EF9
:10C2C0002CA2812F2DA2299180A632312CA62C2DB3
:10C2D00032A62FA031A22C2929A2328090A6312982
:10C2E000001A30A2A1A12DA2A2A22CA281A22FA24B
:10C2F00082A12DA2912D30A292302EA2A1A22C219A
:10C30000A04472C494D496E4006877A772043714EA
:10C31000006C001A2DA272872CA22D8177A7812C88
:10C32000391081362CA22D9177A7912C3910913696
:10C33000001A003077A60570001A90A68090001AA7
:10C3400080A281A190A291A1001A31A272102CA208
:10C3500080802DA290902EA62C2D2FA22C2D2FA2C6
:10C36000332F2FA62F312EA72E2F2E8D001A2CA65D
:10C37000819130A281812DA291912EA2A1A12CA206
:10C380002C2C2EA62E2E2FA6302D2DA7302D2CA7EF
:10C390002C2F2EA72F2E90A22D2F80A22C2EA0A2C4
:10C3A0002E2F001A2EA670822E452EA770822E45A3
:10C3B0002FA2A1922EA2A12E30A2819131A22E2FC6
:10C3C00032A6912E2EA7812E2CA6812F2FA6912F3B
:10C3D00032A22C322CA22E2F2EA630312FA7303194
:10C3E00030A72C2F31A7322E80A22E3090A22F31D1
:10C3F000A0A23031001A2CA2A2812DA2A2912FA2BC
:10C40000A1922EA2A1822C2132450DC528D52BE563
:10C41000001A80A77080808D001A585202240725C8
:10C420007D522620CC52E6508750262072210A22C7
:10C430009A503810003906200A210B229A500BA678
:10C440000C0B0BA80B070B8D381000390030E65091
:10C4500087500A8E0A8F0B8E0B8F0DA8720B0C2043
:10C460000D2135229A500A202B229A50EA50585218
:10C4700008222B230224352526262653E650008148
:10C48000262072212C229A5000AB0A2C0030E65054
:10C490002BA872062B8DEA50585202242B257D5270
:10C4A0000820CC42000C006435A60A0CE6508750E8
:10C4B0003520722135229A500BA7073506200B2113
:10C4C0000B229A50381000390030000C006435A659
:10C4D0000A0CE65087500B8F3520722135229A5076
:10C4E000EA50585208220B23022435250D262653E4
:10C4F0000030585226200B2148521D2006214A5256
:10C50000262026211D22001E1D2008214A522620F9
:10C5100026211D22001E0D20CC42E65087500B2004
:10C520000C210A229A5082A70882828D003058522C
:10C5300008220C2378240A25262626530068262064
:10C54000062100AB818000AB91900030585206204C
:10C55000021050540810F35414105F5506240B2594
:10C560007D521D2008214A52262026211D22001E10
:10C570001120CC5211240A257D520D20CC42E650C8
:10C5800087500A200D212B229A50EA50CF550BA636
:10C590002B700D240B257D520820CC4286500008BC
:10C5A00000B8797917A70173179E179E0BA2781010
:10C5B00017A217100C200E2280A60B7090A27210EA
:10C5C00082A6907092A6707068460E227AA8829217
:10C5D0007A8D00300E210C2211A6819112A7819133
:10C5E00013A2111114A2121215A6829216A78292FA
:10C5F00015A2151216A2111611A7131481A2131455
:10C6000012A2171114A6151615A7151682A2141436
:10C6100016A2151513A6131292A2160B91A21113AE
:10C6200012103B46001B0A1040460C210E224246C7
:10C6300006217A5608217C5636A2060B36A236878A
:10C640000AA608360A8D0030E650875091A29187DD
:10C6500036A2768736A2913681A2818781A636815D
:10C6600081A28172818D91A67070001A02248F467A
:10C67000062408217A56EA501410C447F3460621CE
:10C680007A560A8FEA501410C9471C4735A2811008
:10C6900034A2911031A2353536A2343433A20410BD
:10C6A00035A2313634A2721033A2333531A7363178
:10C6B00036A6343331A73136318D39108134001A22
:10C6C00031A2911036A2041031A2313133A272107E
:10C6D00036A2363131A7313336A6363333A2363659
:10C6E00033A2333634A2333335A2343635A2353152
:10C6F00034A2313335A23572358D33A7007333A799
:10C700003374339E339E339E352433253526F550BE
:10C7100035A2351034A2343533A2343433A2333643
:10C7200033A63331338D72203810052081A2348036
:10C73000818D7D1081A70081001A000C8650D008E1
:10C7400011B8080132A2041032A6323284210C2022
:10C75000A5570C212D2088571120AE57071880228D
:10C760002D21C0205D578021AE5700190C210C20CF
:10C7700088C75DD768E7D050112217570A20B957EC
:10C780000030001B0C200B102D206847000C865039
:10C790000821B6569C5632A2041032A632329208B4
:10C7A00011B80A0602210C20A5570C212D2088570C
:10C7B0001120AE57031880222D21C0205D57802103
:10C7C000AE57001908212120A55721212D20885777
:10C7D0002120AE57031880222D21C0205D578021D3
:10C7E000AE5700190C2121220C205D5788C75DD758
:10C7F00068E7DA5011221757212217570C20B95732
:10C8000077A680703E10003900AB0B90003031A647
:10C81000918136A7918131A2318236A2369233A618
:10C8200070B2734731A6918136A7918131A23192BE
:10C8300036A2368233A770B2734734A2A1A233A2C4
:10C84000B13335A6313631A7313636A7343333A666
:10C85000343380A2313690A23533A0A23633B0A251
:10C860003531001A31A6918136A7918134A2313138
:10C8700033A2313631A2A1B136A2A1A131A6313104
:10C8800036A6363636A7363334A7343180A2313651
:10C89000A0A2363390A23334B0A23134001A80A261
:10C8A000811090A29110A0A27210B0A28090001AE4
:10C8B00031A6918190A7918180A63170A0A6A1A1F7
:10C8C000B0A2B132001A35A2721035A835A180A2EB
:10C8D000813590A29135808D908D001A082558528F
:10C8E0007D520A20CC4258520821DB5708205F5560
:10C8F0000822062302240A252626265377A6267018
:10C900003E100B3900AB0B270030918F2CA2918782
:10C910002DA272872CA22C2C2EA72C2D2CA22C33CE
:10C920002CA72C2D2DA22E2E2FA22E2C2DA22D2F5A
:10C930002FA22F2F2FA22D2F2FA22F722F8D30A796
:10C940000074309E309E2F2430252F26F5502FA2C4
:10C950002F872DA22F2D2FA22D2D2FA22F2C2FA7C9
:10C960002F2E2F8D3910913481A22D72818D7C1044
:10C9700081A7008177A7810037109134001A000C3D
:10C980007B62865078231BA67D721B9E3410434821
:10C990001B9E83241B257A26F5507A207A211B22A0
:10C9A0009A501BA71B831B8D3910003D001A0030C5
:10C9B0005852782078211C229A501CA61C041C2056
:10C9C0009A501CA61C051C8D1C23195877A67A703A
:10C9D0003D1000307AA7007A00301DA77D721EA698
:10C9E0001D701E9E83241E257A26F55038100030B7
:10C9F0001EA77A723910003D1FA283101DB91D00B9
:10CA000020A6757021A2721022A6212122239E58F1
:10CA100024A6287025A67570A85823A72821238D41
:10CA200039106B4822A622215C481DA71D721D9E4D
:10CA30001F239E5826A21F2827A2262828A7272181
:10CA4000288D381099482AA6727029A2272728A76E
:10CA50002921288D3810874829A229292AA62A7237
:10CA60007D481EA7202A28A6247025A61E70A85837
:10CA70002BA6287024A22B2B20A62A7026A22B26B8
:10CA800027A2272474487AA226727A8D001A0030D1
:10CA900023A28372238D23241D252326F55028A24B
:10CAA0002310001A25A725723810001A28A228285A
:10CAB000A848061000385852022407257D52262027
:10CAC000CC5200680AA60C800AAC0A013810003962
:10CAD0002AA67206E6502BA8722A2AAC2B01875090
:10CAE0000A2006212B229A502BA7072B2BAC2B01B7
:10CAF0002A202B210B229A503810003900300610C2
:10CB00000038E65087500A8E0A8F0B8E0B8F2AA6AC
:10CB10000A0B2AAC2A0138100039EA505852082270
:10CB20002A2302240B2523262653E6502AA60C236B
:10CB30002AAC2A0100AB0A2A0030061000385852ED
:10CB4000E65087502AAC0D0F2AA62A0F2A2007216B
:10CB50002A229A502AA6062A2AAC2A012BAC0A0FAE
:10CB60002BA62B0F2B202A212B229A502BBB2B0CD0
:10CB70002ABB2A0CEA50585208222A230A242B25C1
:10CB80000D2626530030003885A9010F001A11BA6E
:10CB9000010F85A78511001A007001A67070007042
:10CBA00001A77D72001A007009A67070007009BBA1
:10CBB0007D0F7D2109620081001A81620081001AC7
:10CBC0000F210F260068868EC15236108636006C03
:10CBD000021050590310875211A6267012A6277012
:10CBE00013A62870E65036A8850F368D012136260B
:10CBF000EA508742900811B8868615D418E41120AF
:10CC000012541D201121001C125411211D22031841
:10CC1000C120001E12548021001926A6117027A6DB
:10CC2000127028A6137026202621001C001C001C50
:10CC3000001B7C22001D262113106B491122BC52BF
:10CC40002621E7D3EAE3001A00680F8E006C2CA2BD
:10CC50000F10875902108759A0A2A02C15108959CE
:10CC6000001A80A2802C90A2902C001AFA1ED65F87
:10CC70000001010000020200001400000028000072
:10CC8000004000000100000002000000200600003B
:10CC900000020000000400004000000080000000CE
:10CCA0004000000090000000FD750000130000002F
:10CCB00063000000A300000003000000C0CC0000DF
:10CCC0000000000000000000000000000000000064
:10CCD0000000000030000000C0000000180000004C
:10CCE000310000000000000030000000E000000003
:10CCF0001C000000390000000000000030000000AF
:10CD000000010000200000004100000000000000C1
:10CD10003000000040010000280000005100000029
:10CD20000000000030000000800100003000000022
:10CD30006100000000000000300000000002000060
:10CD4000400000008100000000000000170000000B
:10CD5000C0000000180000003100000000000000CA
:10CD600017000000E10000001D0000003B00000073
:10CD7000000000001700000000010000200000007B
:10CD8000410000000000000012000000C000000090
:10CD90001800000031000000000000001200000038
:10CDA000E00000001C00000039000000000000004E
:10CDB00012000000000100002000000041000000FF
:10CDC00000000000120000004001000028000000E8
:10CDD000510000000000000012000000800100006F
:10CDE00030000000610000000000000012000000A0
:10CDF0000902000042000000850000000000000061
:10CE000041000000FF0000002000000020000000A2
:10CE10000100000041000000C001000038000000D7
:10CE2000380000000100000042000000FF00000088
:10CE3000200000002000000001000000420000006F
:10CE4000C0010000390000003900000001000000AE
:10CE5000000050002000000024D700004100000026
:10CE6000000060002000000065D70000C100000045
:10CE700074CE00003D00000000000000C00E000065
:10CE800000000000000000008CCE00003B0000000D
:10CE9000000C000000030000000000000000000083
:10CEA000A4CE0000260000100000000000300000AA
:10CEB0000C00000000000000010002001000110042
:10CEC0001200200021002200230024003000310045
:10CED00032003300FFFF10002DE15D29410B8D77FB
:10CEE000679C110F1F8A25633A205374617274691D
:10CEF0006E6720626F6F746C6F616465720A0025E3
:10CF0000633A204C43532D61776172656E6573738C
:10CF10002064697361626C65642C20736B69707046
:10CF2000696E67204C435320636865636B0A002574
:10CF3000633A20556E61626C6520746F2066696E7D
:10CF40006420626F6F7461626C6520696D616765F2
:10CF50000A0025633A20426F6F746C6F61646572DA
:10CF600020636861696E6C6F6164206164647265DE
:10CF70007373206F66667365743A20307825780A7B
:10CF80000025633A20496D61676520766572736993
:10CF90006F6E3A207625642E25642E25640A0025BE
:10CFA000633A204A756D70696E6720746F207468EB
:10CFB0006520666972737420696D61676520736CA2
:10CFC0006F740A0025633A2050726F746563742091
:10CFD0006D6375626F6F7420666C61736820666143
:10CFE000696C65642C2063616E63656C2073746189
:10CFF000727475702E0A0025633A204E657665724C
:10D000002073686F756C642067657420686572654D
:10D010000A006D6375626F6F740025633A20696E54
:10D0200076616C696420666C6173682049442025D0
:10D03000643B2065787065637465642025640A002C
:10D0400025633A204661696C656420746F207265BF
:10D050006164207374617475732066726F6D20252E
:10D06000642C206572722025640A0A0025633A2028
:10D070004661696C656420746F206F70656E206610
:10D080006C617368206172656120494420256420C9
:10D0900028696D61676520256420736C6F74202595
:10D0A0007A75293A2025640A007072696D61727977
:10D0B000007365636F6E646172790025633A204383
:10D0C0006C656172656420696D6167652025642007
:10D0D0007072696D61727920736C6F742074726103
:10D0E000696C65722064756520746F207374756354
:10D0F0006B207265766572740A0025633A20496D6B
:10D1000061676520696E2074686520257320736CE3
:10D110006F74206973206E6F742076616C6964216E
:10D120000A0025633A2025642073746174757320A6
:10D130007772697465206661696C732070657266C8
:10D140006F726D696E672074686520737761700A0D
:10D150000025633A204661696C656420746F206F16
:10D1600070656E20666C6173682061726561732CF6
:10D170002063616E6E6F7420636F6E74696E756587
:10D180000A0025633A204661696C65642072656116
:10D1900064696E6720736563746F72733B20424FDE
:10D1A0004F545F4D41585F494D475F534543544F7E
:10D1B00052533D2564202D20746F6F20736D616C78
:10D1C0006C3F0A0025633A204661696C65642072F1
:10D1D000656164696E6720696D6167652068656176
:10D1E000646572733B20496D6167653D25750A0072
:10D1F00025633A204661696C6564207265616469E3
:10D200006E6720626F6F74207374617475733B2056
:10D21000496D6167653D25750A0025633A20706197
:10D220006E6963210A0025633A204465746563745E
:10D23000656420696E636F6E73697374656E7420C4
:10D24000737461747573210A0025633A2043616E1B
:10D250006E6F7420757067726164653A206E6F74CA
:10D26000206120636F6D70617469626C6520616D0F
:10D270006F756E74206F6620736563746F72730AC6
:10D280000025633A2043616E6E6F7420757067727B
:10D290006164653A206D6F726520736563746F72A7
:10D2A00073207468616E20616C6C6F7765640A002E
:10D2B00025633A2043616E6E6F74207570677261EA
:10D2C00064653A206E6F742073616D6520736563C9
:10D2D000746F72206C61796F75740A0025633A204F
:10D2E00043616E6E6F7420757067726164653A2079
:10D2F000736C6F742077726974652073697A6573D3
:10D3000020617265206E6F7420636F6D7061746947
:10D31000626C650A0062616400676F6F6400756E1D
:10D32000736574005072696D61727920696D61670F
:10D33000650025633A2025733A206D616769633D76
:10D3400025732C20737761705F747970653D307838
:10D3500025782C20636F70795F646F6E653D30783F
:10D3600025782C20696D6167655F6F6B3D3078258E
:10D37000780A005365636F6E6461727920696D612C
:10D3800067650025633A20426F6F7420736F757272
:10D3900063653A207072696D61727920736C6F7485
:10D3A0000A0025633A20426F6F7420736F757263B1
:10D3B000653A206E6F6E650A0025633A20537461EA
:10D3C0007274696E672073776170207573696E6718
:10D3D000206D6F766520616C676F726974686D2E61
:10D3E0000A0025633A204E6F7420656E6F7567687A
:10D3F000206672656520737061636520746F2072AA
:10D40000756E207377617020757067726164650A4C
:10D410000025633A20726571756972656420256420
:10D4200020627974657320627574206F6E6C792048
:10D4300025642061726520617661696C61626C654A
:10D440000A0025633A205053412063727970746F4B
:10D4500020696E6974206661696C65642025640AC0
:10D460000A0025633A2045443235353139206B6551
:10D470007920696D706F7274206661696C656420D3
:10D4800025640A0025633A20454432353531392078
:10D490007369676E61747572652076657269666915
:10D4A000636174696F6E206661696C6564202564D0
:10D4B0000A0025633A204661696C656420746F2018
:10D4C00064657374726F79206B65792025640A0036
:10D4D000656432353531395F707361002D0020008D
:10D4E0002B00307800305800286E696C29002A2AF9
:10D4F0002A20426F6F74696E67204D4355626F6FCB
:10D50000742076322E332E302D6465762D383132EC
:10D51000326265306465303032202A2A2A0A002AB5
:10D520002A2A205573696E67206E524620436F6E1B
:10D530006E6563742053444B2076332E342E312D88
:10D54000623230663836313962613961202A2A2ADE
:10D550000A002A2A2A205573696E67205A65706866
:10D560007972204F532076342E342E322D33336689
:10D57000613661376161633661202A2A2A0A0046D2
:10D580004C4153485F30005352414D5F3000657845
:10D5900069740A00636C6F636B4031306530303002
:10D5A000006866636C6B006C66636C6B0072726122
:10D5B0006D2D636F6E74726F6C6C657240353030B8
:10D5C0003462303030006770696F40313061303024
:10D5D00030006770696F40643832303000677069BE
:10D5E0006F403530343030007561727440633630CE
:10D5F0003030004255473B2063616E2774206861DC
:10D600007070656E0025633A205365636F6E6461C8
:10D61000727920696D616765206F6620696D616749
:10D62000652070616972202825642E292069732085
:10D63000756E726561636861626C652E20547265F7
:10D64000617420697420617320656D7074790A00BB
:10D6500025633A20496D61676520696E6465783A93
:10D660002025642C205377617020747970653A20EE
:10D6700025730A0025633A20496D61676520696E4C
:10D680006465783A2025642C205377617020747982
:10D6900070653A206E6F6E650A0074657374007071
:10D6A00065726D00726576657274006D61696E00F9
:10D6B0002B657000302A300506032B6570032100AE
:10D6C000B744D6C039B7D95B4D932EF27B9D251751
:10D6D00018731502D19BDDC271E3781EAEC9F5DD6A
:10D6E00000010405020608090F04010403040204F2
:10D6F00001040104030104030401040007182323A7
:10D700002323232323232323232323000102101471
:10D710001400001C2030401C2000001C2030400061
:10D7200040010302EDFFFFFFFFFFFFFFFFFFFFFFD1
:10D73000FFFFFFFFFFFFFFFFFFFFFFFFFFFFFFFFF9
:10D74000FFFFFF7F066D07000000000000000000E3
:10D7500000000000000000000000000000000000C9
:10D760000000000000EDFFFFFFFFFFFFFFFFFFFFD6
:10D77000FFFFFFFFFFFFFFFFFFFFFFFFFFFFFFFFB9
:10D78000FFFFFFFF7FEDD3F55C1A631258D69CF7BD
:10D79000A2DEF9DE1400000000000000000000001E
:10D7A00000000000101AD5258F602D56C9B2A7259C
:10D7B0009560C72C695CDCD6FD31E2A4C0FE536ED7
:10D7C000CDD33669215866666666666666666666A5
:10D7D00066666666666666666666666666666666E9
:10D7E0006666666666A3785913CA4DEB75ABD84179
:10D7F000414D0A700098E879777940C78C73FE6FC5
:10D800002BEE6C0352B0A00E4A271BEEC478E42F17
:10D81000AD0618432FA7D7FB3D99004D2B0BDFC159
:10D820004F8024832B0000002DE9F041036883F32F
:10D830000888002383F31488BFF36F8FBFF36F8FC3
:10D84000DFF818C0064F4FF00058D0F804E0A7EBFF
:10D850000C0770460047BDE8F08100BF6000002063
:10D86000A000002000000000000000006700000091
:10D8700000000000000000000000000000000000A8
:10D880000000000000000000000000000000000098
:10D890000000000000000000000000000000000088
:10D8A0000000000000000000000000000000000078
:10D8B0000000000000000000000000000000000068
:10D8C0000000000000000000000000000000000058
:10D8D0000000000000000000000000000000000048
:10D8E0000000000000000000000000000000000038
:10D8F000000000000000000001000000FFFFFFFF2B
:10D90000CF880000BCB700001D8D000000C0105083
:10D910000000000000000000000000000000000007
:10D9200000000000000000000000000000000000F7
:10D9300000000000000000000000000000000000E7
:10D9400000000000000000000000000000000000D7
:10D9500000000000000000000000000000000000C7
:10D9600000000000000000000000000000000000B7
:10D9700000000000000000000000000000000000A7
:10D980000001000000A00D50000000000000000099
:10D990000000000000000000000000000000000087
:10D9A0000000000000000000000000000000000077
:10D9B0000000000000000000000000000000000067
:10D9C0000000000000000000000000000000000057
:10D9D0000000000000000000000000000000000047
:10D9E0000000000000000000000000000000000037
:10D9F000000000000000000000000000DD37000013
:10DA000000000000FF0000000090D003FF000000B5
:10DA10000F000000710200005002002050020020A0
:10DA20005802002058020020000000000000000002
:10DA30000E000000000000007002002070020020B4
:10DA400000000000000000000E00000000000000C8
:10DA50008802002088020020000000000000000072
:10DA60000E00000000000000A0020020A002002024
:10DA700000000000000000000E0000000000000098
:10DA80005F9A00005B9A000067742000100300207A
:10DA900038030020800300207403002024030020AA
:10DAA000600300204C03002053696745643235351C
:10DAB0003139206E6F204564323535313920636F3E
:10DAC0006C6C6973696F6E730100000000000000E8
:10DAD00000000000000000001003002010030020E0
:10DAE00000000000000000000E00000024030020E1
:10DAF0002403002000000000000000000E000000D1
:10DB0000380300203803002000000000000000005F
:10DB10000E0000004C0300204C0300200000000019
:10DB2000000000000E0000006003002060030020E1
:10DB300000000000000000000E0000007403002040
:10DB400074030020000000008003002080030020F8
:08DB50000000000015E015E0E3
:020000040001F9
:100000003DB8F396000001000008000068DA030024
:100010000001000001000A000000000000000000D4
:1000200000000000000000000000000000000000D0
:1000300000000000000000000000000000000000C0
:1000400000000000000000000000000000000000B0
:1000500000000000000000000000000000000000A0
:100060000000000000000000000000000000000090
:100070000000000000000000000000000000000080
:100080000000000000000000000000000000000070
:100090000000000000000000000000000000000060
:1000A0000000000000000000000000000000000050
:1000B0000000000000000000000000000000000040
:1000C0000000000000000000000000000000000030
:1000D0000000000000000000000000000000000020
:1000E0000000000000000000000000000000000010
:1000F0000000000000000000000000000000000000
:1001000000000000000000000000000000000000EF
:1001100000000000000000000000000000000000DF
:1001200000000000000000000000000000000000CF
:1001300000000000000000000000000000000000BF
:1001400000000000000000000000000000000000AF
:10015000000000000000000000000000000000009F
:10016000000000000000000000000000000000008F
:10017000000000000000000000000000000000007F
:10018000000000000000000000000000000000006F
:10019000000000000000000000000000000000005F
:1001A000000000000000000000000000000000004F
:1001B000000000000000000000000000000000003F
:1001C000000000000000000000000000000000002F
:1001D000000000000000000000000000000000001F
:1001E000000000000000000000000000000000000F
:1001F00000000000000000000000000000000000FF
:1002000000000000000000000000000000000000EE
:1002100000000000000000000000000000000000DE
:1002200000000000000000000000000000000000CE
:1002300000000000000000000000000000000000BE
:1002400000000000000000000000000000000000AE
:10025000000000000000000000000000000000009E
:10026000000000000000000000000000000000008E
:10027000000000000000000000000000000000007E
:10028000000000000000000000000000000000006E
:10029000000000000000000000000000000000005E
:1002A000000000000000000000000000000000004E
:1002B000000000000000000000000000000000003E
:1002C000000000000000000000000000000000002E
:1002D000000000000000000000000000000000001E
:1002E000000000000000000000000000000000000E
:1002F00000000000000000000000000000000000FE
:1003000000000000000000000000000000000000ED
:1003100000000000000000000000000000000000DD
:1003200000000000000000000000000000000000CD
:1003300000000000000000000000000000000000BD
:1003400000000000000000000000000000000000AD
:10035000000000000000000000000000000000009D
:10036000000000000000000000000000000000008D
:10037000000000000000000000000000000000007D
:10038000000000000000000000000000000000006D
:10039000000000000000000000000000000000005D
:1003A000000000000000000000000000000000004D
:1003B000000000000000000000000000000000003D
:1003C000000000000000000000000000000000002D
:1003D000000000000000000000000000000000001D
:1003E000000000000000000000000000000000000D
:1003F00000000000000000000000000000000000FD
:1004000000000000000000000000000000000000EC
:1004100000000000000000000000000000000000DC
:1004200000000000000000000000000000000000CC
:1004300000000000000000000000000000000000BC
:1004400000000000000000000000000000000000AC
:10045000000000000000000000000000000000009C
:10046000000000000000000000000000000000008C
:10047000000000000000000000000000000000007C
:10048000000000000000000000000000000000006C
:10049000000000000000000000000000000000005C
:1004A000000000000000000000000000000000004C
:1004B000000000000000000000000000000000003C
:1004C000000000000000000000000000000000002C
:1004D000000000000000000000000000000000001C
:1004E000000000000000000000000000000000000C
:1004F00000000000000000000000000000000000FC
:1005000000000000000000000000000000000000EB
:1005100000000000000000000000000000000000DB
:1005200000000000000000000000000000000000CB
:1005300000000000000000000000000000000000BB
:1005400000000000000000000000000000000000AB
:10055000000000000000000000000000000000009B
:10056000000000000000000000000000000000008B
:10057000000000000000000000000000000000007B
:10058000000000000000000000000000000000006B
:10059000000000000000000000000000000000005B
:1005A000000000000000000000000000000000004B
:1005B000000000000000000000000000000000003B
:1005C000000000000000000000000000000000002B
:1005D000000000000000000000000000000000001B
:1005E000000000000000000000000000000000000B
:1005F00000000000000000000000000000000000FB
:1006000000000000000000000000000000000000EA
:1006100000000000000000000000000000000000DA
:1006200000000000000000000000000000000000CA
:1006300000000000000000000000000000000000BA
:1006400000000000000000000000000000000000AA
:10065000000000000000000000000000000000009A
:10066000000000000000000000000000000000008A
:10067000000000000000000000000000000000007A
:10068000000000000000000000000000000000006A
:10069000000000000000000000000000000000005A
:1006A000000000000000000000000000000000004A
:1006B000000000000000000000000000000000003A
:1006C000000000000000000000000000000000002A
:1006D000000000000000000000000000000000001A
:1006E000000000000000000000000000000000000A
:1006F00000000000000000000000000000000000FA
:1007000000000000000000000000000000000000E9
:1007100000000000000000000000000000000000D9
:1007200000000000000000000000000000000000C9
:1007300000000000000000000000000000000000B9
:1007400000000000000000000000000000000000A9
:100750000000000000000000000000000000000099
:100760000000000000000000000000000000000089
:100770000000000000000000000000000000000079
:100780000000000000000000000000000000000069
:100790000000000000000000000000000000000059
:1007A0000000000000000000000000000000000049
:1007B0000000000000000000000000000000000039
:1007C0000000000000000000000000000000000029
:1007D0000000000000000000000000000000000019
:1007E0000000000000000000000000000000000009
:1007F00000000000000000000000000000000000F9
:1008000030D10020ED45020043A10300D94502008C
:10081000D9450200D9450200D9450200D945020058
:10082000000000000000000000000000E14602009F
:10083000D94502000000000099480200D945020095
:1008400035490200354902003549020035490200A8
:100850003549020035490200354902003549020098
:100860003549020035490200354902003549020088
:100870003549020035490200354902003549020078
:100880003549020035490200354902003549020068
:100890003549020035490200354902003549020058
:1008A0003549020035490200354902003549020048
:1008B0003549020035490200354902003549020038
:1008C0003549020035490200354902003549020028
:1008D0003549020035490200354902003549020018
:1008E0003549020035490200354902003549020008
:1008F00035490200354902003549020035490200F8
:1009000035490200354902003549020035490200E7
:1009100035490200354902003549020035490200D7
:1009200035490200354902003549020035490200C7
:1009300035490200354902003549020035490200B7
:1009400035490200354902003549020035490200A7
:100950003549020035490200354902003549020097
:100960003549020035490200354902003549020087
:100970003549020035490200354902003549020077
:100980003549020035490200354902003549020067
:100990003549020035490200354902003549020057
:1009A0003549020035490200354902003549020047
:1009B0003549020035490200354902003549020037
:1009C0003549020035490200354902003549020027
:1009D0003549020035490200354902003549020017
:1009E0003549020035490200354902003549020007
:1009F00035490200354902003549020035490200F7
:100A000035490200354902003549020035490200E6
:100A100035490200354902003549020035490200D6
:100A200035490200354902003549020035490200C6
:100A300035490200354902003549020035490200B6
:100A400035490200354902003549020035490200A6
:100A50003549020083270400354902003549020068
:100A60003549020035490200AF270400354902002C
:100A70003549020035490200354902003549020076
:100A80003549020035490200354902003549020066
:100A90003549020035490200354902003549020056
:100AA0003549020035490200354902003549020046
:100AB0003549020035490200354902003549020036
:100AC0003549020035490200354902003549020026
:100AD0003549020035490200354902003549020016
:100AE0003549020035490200354902003549020006
:100AF00035490200354902003549020035490200F6
:100B000035490200354902003549020035490200E5
:100B100035490200354902003549020035490200D5
:100B200035490200354902003549020035490200C5
:100B300035490200354902003549020035490200B5
:100B400035490200354902003549020035490200A5
:100B50003549020035490200354902003549020095
:100B60003549020035490200354902003549020085
:100B70003549020035490200354902003549020075
:100B80003549020035490200354902003549020065
:100B90003549020035490200354902003549020055
:100BA0003549020035490200354902003549020045
:100BB0003549020035490200354902003549020035
:100BC0003549020035490200354902003549020025
:100BD00035490200992704003549020035490200D1
:100BE0003549020035490200354902003549020005
:100BF00035490200354902003549020035490200F5
:100C000035490200354902003549020035490200E4
:100C100035490200354902003549020035490200D4
:100C200035490200354902003549020035490200C4
:100C300035490200354902003549020035490200B4
:100C400035490200354902003549020035490200A4
:100C50003549020035490200354902003549020094
:100C60003549020035490200354902003549020084
:100C7000354902003549020035490200FFFFFFFFF8
:100C8000064A074B02604FF426725B788280082286
:100C9000C371002382710372704700BFCBCB010088
:100CA000401E0020064A074B02604FF49C725B7A9C
:100CB00082800822C371FF2382710372704700BFD4
:100CC00009C70100401E0020F8B5C41D00280546D4
:100CD00024F007040CBF0020204600F051FA071E44
:100CE00002DA6FF00B00F8BD254EB1887088033131
:100CF000F3790330B27989B280B209F0EFFB0028B2
:100D0000EFDB3C4473783178002D04F1030419447F
:100D100024F0030400FB01F10CBF0020204600F08A
:100D2000B3FB23180DB9002BDBDB717A184679B1C0
:100D30000333002D728923F003040CBF00202046EA
:100D400000F014FC0028CCDB20440DB90028C8DBDF
:100D5000317A91B1737A83B1C41D002D24F0070458
:100D60000CBF0020204602F0EBFF0028B9DB0DB1DC
:100D70000020B8E72018B6D5B3E7002DF8D1B2E7C8
:100D8000401E00201FB572B6194BDC68ECB9BFF3EA
:100D90004F8F1849184BCA6802F4E0621343CB60C6
:100DA000BFF34F8F00BFFDE7B2FBF6F22B465D1C91
:100DB000002AF9D1DBB203F110056D4405F80C2CC3
:100DC0000A2233B901A8A047E1E7024600230A2618
:100DD000EDE7013BDBB203F110050DEB0506B0FBBF
:100DE000F2F502FB1500303006F80C0C2846E8E757
:100DF000401E002000ED00E00400FA050A4B07B594
:100E0000DA886846ADF800209A885B88ADF804203F
:100E1000ADF8023001F0B8FC18B1FB219C20FFF7BF
:100E2000B1FF03B05DF804FB401E002010B504467E
:100E300028B308F0CDFB10B94FF0FF3010BD06F01D
:100E400011FFB0F5FA7FF7D80E4B00221A744FF459
:100E50008072DC601A801B225A809A8040F2032242
:100E6000DA804FF484721A811F225A81EFF31084C2
:100E700072B600F0D7FB04B962B60020DEE76FF06F
:100E80001500DBE7401E002010B5002840D1234CA0
:100E9000237C032B39D059B1002A3CD002390529D3
:100EA00036D8DFE801F0031227352A2D1378637056
:100EB0000020FFF709FF0028B7BF012302236FF0CE
:100EC0000B002374A8BF237410BD13791BB353798F
:100ED0000BB31188FB291ED853881B3B9BB2E02B18
:100EE00019D81A2917D913689288C4F802300C4B04
:100EF0009A80DDE713786372DAE713886381D7E7B6
:100F00001388FF2B07D82372D2E74FF0FF30DBE7BF
:100F10006FF02C00D8E76FF01500D5E7401E0020D9
:100F2000421E0020F8B50D46064620B319B311F055
:100F3000070420D1114F3B7C012B02D16FF00B0035
:100F4000F8BD032B02D14FF0FF30F9E700F0A0FB12
:100F50000028F8D02846FFF7B7FE0028EEDB0BF09C
:100F60008BFE3046214601F091FCFFF747FF03233B
:100F700020463B74E4E76FF01500E1E7401E0020D7
:100F800010B5064C237C032B03D101F095FC02F035
:100F900081F909F0A5FB0020207410BD401E00203F
:100FA00008B501F03FFC03490120BDE8084000F00E
:100FB000DFB800BFA50C010008B501F047FC0349EC
:100FC0000020BDE8084000F0D3B800BF810C01004C
:100FD000074B4FF0FF3141F6FF72C3E9001205499C
:100FE0000022C1E900221F21C3E90212704700BF9D
:100FF00060000020541E00203F280CD801380B4B05
:10100000C0F3421200F01F0053F8223023FA00F020
:1010100000F001007047FF2806D04038044BC0F3B1
:10102000421200F01F00EFE701207047600000202F
:10103000541E0020074B0146006849681A4603C247
:1010400040F48C2200201A6041F0107242F4FF62DA
:101050005A607047600000200246034B00685168E8
:1010600003C30020704700BF541E00200246034BFC
:101070000068516803C30020704700BF680000206B
:101080000138064BC0F3421200F01F0003EB82034D
:101090009B6823FA00F000F0010070476000002018
:1010A0000A8870B595B2C67CC2F30E020488023677
:1010B00002F118033444C35AA4B233442344013B1D
:1010C000B3FBF4F303FB0422438892B29342044B34
:1010D0008BBF2B40AB4313439BB20B8070BD00BF53
:1010E0000080FFFF4A1E062A08B50346084604D8BA
:1010F0004FF4D1711520FFF745FE094A914202D9FC
:1011000040F2A311F6E711B903B1196008BD2BB184
:101110001B680022C3E901211A1D1A600430F5E79B
:10112000FAFFFF7F10B5114B00EB41041A78638979
:10113000B3FBF2F303FB0223013A1A44B2F5706FDA
:101140000279807828BF00231A440B18B2FBF0F113
:1011500000FB11215B1AB3FBF0F100FB11331344C8
:101160006FEA43436FEA5343638110BD5C1E002066
:10117000024B03EB80035960704700BF5C1E0020E8
:101180002DE9F04F10F0070A85B0054604D040F273
:101190006F111720FFF7F6FD524F044607F10C06BA
:1011A000B146B04657F8043B8DF80BA03BB101A8FF
:1011B00098479DF80A30082B01D9F521E9E79DF8F9
:1011C0000B1041BB05B131604F4506F10406E9D172
:1011D000002D6FD00022DFF810910227964689F883
:1011E000002058F827A0013FBAF1000F55D09AF817
:1011F00004609AF802C0FF2E60D039460023481CD4
:1012000038D19C44BCF1FF0F3FD90AB189F800E006
:101210004FF49A71BDE79DF80AC04B1D60465A0015
:1012200004EB4303022838BF0220441E40422344FB
:10123000BDF808406444CCF1000C0340013C04EAD2
:101240000C04B4F5803F02D340F20511A1E775B15B
:101250009A1A0120326091701480D0709DF80C00B1
:10126000107101984FEA104C1081A2F806C004FBDF
:101270000134A9E758F8210028B190F804B0B3452B
:1012800004BF80781B180139B9E7DBB2E6458AF85C
:1012900004303CBF5FFA8CFE01227B1CA1D10AB155
:1012A00089F800E0022640F6FF6A58F82670B7B9C0
:1012B000013EFAD2601B05B0BDE8F08F0023E5E7E0
:1012C00007EB410309F101093846A3F80AA0FFF72B
:1012D00029FF5FFA89F1BB788B42F1D8E8E74FF03C
:1012E0000009F6E7601E00205C1E002038B54FF6AE
:1012F000FF7302460380184B03EB81031869A8B102
:1013000084780379B3FBF4F104FB1133DBB21946A3
:1013100000EB4105B5F90A50002D0EDB0131B1FBA0
:10132000F4F504FB1511C9B28B42F1D1002038BD90
:101330006381BDE8384009F0ADB800EB4104638932
:10134000C3F30E031380C278002AF1D14FF4E57184
:101350001720FFF717FD00BF5C1E00201C4B03EB9E
:10136000810370B51C69054644B3030404D54FF4EA
:10137000EC711720FFF706FD0146204609F06DF8D5
:10138000FF28014604D02046BDE8704009F082B82D
:10139000A078B5FBF0F300FB1353DBB219460A1D2E
:1013A00004EB4206B6F90260002E09DB0131B1FB05
:1013B000F0F200FB1211C9B28B42F0D1002070BDD7
:1013C0008B4201D00023E37004EB42025580DAE740
:1013D0005C1E0020094B03EB8103014610B51C691C
:1013E000204609F03AF8FF28014604D02046BDE81F
:1013F000104009F04FB8002010BD00BF5C1E002057
:10140000F8B5104B074603EB810301461C692046E3
:1014100009F023F8FF28054611D0E288238953EA12
:10142000024606D00146204609F034F80146384607
:10143000B04720462946FFF775FE0020F8BD05207D
:10144000FCE700BF5C1E002038B50E4B04468279D5
:1014500003EB8203186908B9052038BD8278E17969
:101460009142F9D24B1CE37100EB41035D89B3F962
:101470000A30002BF3DBA58009F00CF82060002077
:10148000EBE700BF5C1E002070B5044610F00300BF
:101490000E4603D04E211820FFF774FCFFF722FE02
:1014A000054624B1034831460460FFF71BFE284679
:1014B00070BD00BF781E00202DE9F14FDFF870B03D
:1014C0001E4607460D46DBF8003090469DF828A0E2
:1014D0009DF82C901BB960211820FFF753FC524651
:1014E0000921404608F041FE4A4684B209213046AF
:1014F00008F03BFE81B2DBF80000214408F081FFD8
:10150000386018B9286001B0BDE8F08F0444534634
:10151000414609222C60386808F0EAFD4B46092252
:101520003146286801B0BDE8F04F08F0E1BD00BFCA
:10153000781E002070B50E46044608F029FE0546C8
:10154000304608F025FE044B2A1821461868BDE8ED
:10155000704008F07BBF00BF781E0020024B186867
:1015600008B108F042BF7047781E00201F2AF8B566
:10157000044624D89200134D033250B1830703D0A0
:1015800068210920FFF7FEFB22F003032970686041
:101590002B8122F0030228230127120403FB01F010
:1015A0006B680025120CEEB2B14200D8F8BD14B140
:1015B00026181F705E60104401352833F3E74FF0A2
:1015C000FF30F3E77C1E0020154A002170B55368F8
:1015D0001578C8B2854203D8BA210920FFF7D2FB9B
:1015E0001C461846013114F8286B0EB92346F0E763
:1015F0000021997001241289996103F126055C701C
:101600009208D96103F11E04596824F8022FAC42F4
:1016100043F8041F1144F8D100234361037070BDE7
:101620007C1E0020114B01224FF0FF3000215A6038
:10163000C3F80803C3F80015C3F804255A6040F640
:10164000FE72C3F808034020C3F8001503F5703399
:101650000749C3F80825C1F88800BFF34F8FBFF3CF
:101660006F8FC1F88801C3F80825704700600450E7
:1016700000E100E002680020014B1A60704700BFE3
:10168000881E0020014B1B68184700BF881E0020E1
:10169000024B1868003818BF01207047881E0020D0
:1016A0000A4606488F2302F8033BC368C1F803309B
:1016B0000369536043699360704700BF8C1E00202C
:1016C000024B5A8C02435A845B6A18478C1E0020D6
:1016D000014B00215B6A18478C1E002010B5154C89
:1016E00005F01EFA05F000FD208DFFF7F1FF237EC7
:1016F00063B12246104904F1190052F80C3BE36033
:1017000063685360A36893600AF024F9218DE06A4E
:1017100002F04AFBE36AB3F8AA0002F0C7FA636B6F
:1017200094F8301094F831009847002384F838304A
:1017300010BD00BF8C1E0020A1160100034B93F8C2
:1017400038300BB1FFF7CABF704700BF8C1E0020B6
:1017500070B5184C0546E36CE66AE3634FF4817399
:1017600094F85000A4F84030337D96F8151100EB42
:1017700083002DB9FF2803D196F814318B4201D094
:1017800004F030FF337D73B1606D05F031F9616DA8
:10179000E06B05F02FFC15B9284605F077F9022318
:1017A00084F8383070BDE06B05F022F905F09CFC40
:1017B000F1E700BF8C1E002008B5094B93F83820D4
:1017C000022A04D040F257312720FFF7DBFADA7AF9
:1017D00042F00102DA72BDE80840FFF77FBF00BFA8
:1017E0008C1E002070B50F4DC900920000F0030060
:1017F000AE6D01F0080102F004021B01347803F021
:10180000100304F0F3040C43144304F0EC041C43F1
:1018100004433470B5F8643073700223A5F85C306B
:1018200070BD00BF8C1E00207FB50022012300F197
:1018300080010392CDE90423074A92F850200292D6
:1018400000F19002CDE90032D0E91E23022005F01C
:101850000BFB07B05DF804FB8C1E0020F7B5184C9D
:101860000646A56E0DB1636C23B940F6C60127206C
:10187000FFF788FAB4F8483001F003012F466B7087
:101880002B7823F003030B4307F8033B3846B4F8E7
:101890004820616C08F006F80DF1020201A9E06E23
:1018A000E563676408F097FD019808F082FD012266
:1018B000B4F848103060E06E08F02AFD03B0F0BDC7
:1018C0008C1E00202DE9F0412B4C06460F4694F863
:1018D0003830012B5FFA83F804D040F60E11272030
:1018E000FFF750FAE56A2B7933B100210420297102
:1018F000FFF7E6FE85F805802B7A052B0AD11F49F4
:101900000220FFF7DDFE236E1B78991E4B424B41F0
:1019100084F870301EB1BDE8F041FFF7DFBE002F44
:10192000F9D0636F304698470028F4D094F83030EF
:10193000002BF0D1638C9A0714D594F87030002BEB
:10194000E9D02B7DE46A13B12846FFF76DFF94F8C8
:101950001521012096210BF0B7F90020BDE8F041D8
:10196000FFF7F6BE002BD6D194F87830002BE8D1E3
:1019700094F87930E3E700BF8C1E0020EC1E0020B5
:101980002DE9F04FA94C91B0E56A069005F1A80346
:10199000089109930023CDE90D3394F83830022BD8
:1019A000DFB204D040F6AF112720FFF7EBF9E36B6D
:1019B00003221E785978134406F00309A4F8402046
:1019C0006364069BA4F84810002B00F0338119B122
:1019D000E06E08F07DFC01466A7A238D0132A16633
:1019E00043F40073D2B2238582EA9603D80753D416
:1019F0002B7AD3B1032B6A7211D8012B18BF0223A3
:101A0000B5F84420022BA5F8462012D10DA9D4F830
:101A1000800008F006FCC0B940F2D671C4E7053B6F
:101A2000012B04D940F2B471BEE70423E8E7032395
:101A3000E6E7032B10D100F0E1FF10B94FF4FC6191
:101A4000B2E700210820FFF73BFED5E91C32013345
:101A500042F10002C5E91C3200216B7929721BB1E9
:101A600010206971FFF72CFE238D43F4006323855A
:101A700000230793C6F3C0082B7DCBB1B4F84830E0
:101A8000B3B105F04FFB0328FBD0022806D1FFF7C6
:101A900025FE11B0BDE8F08F069BEAE740B9AB7AAE
:101AA00003F00103434503D1012384F83130EEE70D
:101AB000AA7A02F0010398456BD04FF0000AA36E9A
:101AC000002B40F0C980B4F84830B3FA83F35B09C7
:101AD00003EA161384F87930089B002B40F0BE808F
:101AE000628C94F88630110704D594F87020002A8F
:101AF00040F0B480012B00F2B180636F0120984761
:101B0000002800F0AB8094F83060002E40F0A680F2
:101B1000EB7C83B10123039605F180010420CDE91C
:101B20000463FB23029305F19003CDE90063D5E93B
:101B30001C2305F099F995F81421962100200BF04B
:101B4000C3F8D4F82CB094F850309BF814209BF8CC
:101B5000141103EB8203FF2B03D19BF815318B4249
:101B600002D0FF2004F03EFDD4F82C80002398F82A
:101B700008208DF83130ADF83230062A00F280812D
:101B8000DFE812F0C3005C015F015F017E017101BB
:101B90007101B4F84830EBB109F1FF31012919D8CE
:101BA000218D41F48051218594F88410994206D208
:101BB00094F8303043F0100384F830307DE7A16EA4
:101BC00000293FF47AAF94F8851019B12020FFF76F
:101BD0007FFD72E70132B9F1030FAA7210D1238D94
:101BE0000120134943F4805328712385FFF768FDD2
:101BF000D5E91E32013342F10002C5E91E325CE72D
:101C000009F1FF32012A0CD8002B3FF456AFDDF862
:101C100018A0D5E91E32013342F10002C5E91E3297
:101C20004DE7002B3FF449AFE2E700BF8C1E0020D8
:101C3000D01E00202B7D0BB105F08EFA94F8863073
:101C40004FF0000A0133CDF81CA084F88630238DB4
:101C500043F48063238532E7012339E704F060FF12
:101C6000BAF1000F4CD101230893944E338D5A06DC
:101C700006D44020FFF72CFD338D43F0400333851D
:101C8000079B63B1B4F80720B4F805301343EA8822
:101C900013431EBFB4F809300133A4F80930069B82
:101CA000002B00F00581B6F805300133A6F80530A9
:101CB000002386F88630824801F0E6FF0D9830B1A7
:101CC00008F077FB00220272099901F0EBFB0E9BF2
:101CD00033B100221A720C2209990E9801F0B0FB60
:101CE000089B002B7FF4D3AE338D1B063FF5D1AE9E
:101CF0008020FFF7EDFC338D43F080033385C8E689
:101D000049460EA8FFF7AAFDADE7A8F844300DF14B
:101D1000320194F887300FA8A8F80431ADF83230BA
:101D200000F05EFE38B10F9828B1052388F808301E
:101D3000BDF8323015E0E36A93F85530002B77D1C7
:101D40000DF131020DF13201D4F8800008F047FAAC
:101D500000286DD0BDF83230002B59D1012288F80F
:101D60000820A065A4F8643003B1C31C236698F86A
:101D700009200A9298F80A2098F808800B92B8F186
:101D8000020F09D0A8F10508B8F1010F7BD81B7824
:101D90004FF00308022B0DD0D4F8800008F077FA3A
:101DA000002873D1B8F1030F04D000F033FE80F0A7
:101DB0000106F6B206F00103404F87F878309BF831
:101DC0001330002B64D0B7F86430002B60D033465A
:101DD0004046DDE90A12FFF705FD786D04F008FEC4
:101DE0000022D7E9151004F04BFF18B9D7E9150107
:101DF00005F09EF8012387F8883087F83830BAF16B
:101E0000000F3FF432AF49460EA8FFF727FD2CE73D
:101E10009DF831201AB903230280827086E7027888
:101E200002F00302012A08BF032788F8087098E728
:101E30000023ADF83230012388F808302148002310
:101E40008FE7B8F804310DF131020DF13201D4F809
:101E50008000ADF8323008F0C2F900287FF468AF96
:101E600040F2C451A0E50DF132010FA800F0B8FD19
:101E700008B10F9810B940F2D35195E5062355E704
:101E800040F2DD5190E54FF0010885E7012691E72A
:101E9000DDE90A1233464046FFF7A4FCB86D04F0B2
:101EA000A7FD05F021F90021B86D0AF019FFA1E79F
:101EB000B6F807300133A6F80730FCE68C1E002088
:101EC000B81E0020061F0020064B10B593F83820DE
:101ED00002F0FF0422B91C7601F05EFF204610BD1F
:101EE0000C24FBE78C1E0020094B0A4A10B51A602F
:101EF000FFF7EAFF20B14FF4B1712720FEF742FF50
:101F0000054C00F0E9FCE06400F0EAFC606510BDFF
:101F10005C270020B02001008C1E0020F8B5584C32
:101F2000054694F8386006F0FF0016B909B102B111
:101F300023B94FF420712720FEF724FF63639DF837
:101F40001830616284F88530626784F8300084F864
:101F5000860084F8310084F888006084208584F845
:101F6000780084F8790084F87000A0652066A4F8F1
:101F70006400E0636064A4F84800E56204F05EFB7E
:101F800005F0B2F895F91C0104F0B2FBD5F8D06069
:101F9000D5F8C80004F0B2FB304604F01BFD95F8FC
:101FA000240004F0B5FB0AF064F895F8152100F15F
:101FB0007101012004F02AFC324B186804F010FD76
:101FC000D5F8BC30C4F88030D5F8C030E366AB7BC0
:101FD000233B072B52D9EB7B233B072B4ED9B5F87C
:101FE000E630B5F8EC0095F81411984228BF184671
:101FF00009F01FFA95F8E830834228BF034698B2EB
:1020000095F8E430984200D3C3B295F8151105F164
:10201000DC0084F8873009F014FD2F7D95F8151148
:10202000B5F8F06009F005FA0FB9043080B28642C5
:1020300028BF0646F3B284F8843084F850302B7DF4
:1020400013B12846FFF7F0FB0120FFF781FBE36A9D
:10205000D3F8C00104F0E8FC002323606360A360B0
:10206000EB886380B5F8AA30238095F8243023717B
:10207000D5F818310BB101221A60F8BD1B23C4E753
:102080008C1E00205C270020014B93F888007047CD
:102090008C1E0020024B93F82900C0F3C00070474B
:1020A0008C1E0020014B93F8860070478C1E002088
:1020B000B917010081190100C51801003D17010081
:1020C000304BF0B55A8985B0B0F860700C46B0F866
:1020D0005E6097429D8928BF1746964228BF1646E4
:1020E0001B2E2ED0B5F5A47F2DD040F6480301A9B4
:1020F0009D4228BF1D4608F00FFBBDF80A30BB42C9
:1021000028BF3B46E380BDF80C30AB4228BF2B46CE
:102110002381BDF80630B34228BF33466380BDF843
:102120000830AB4228BF2B46A380FF232370E388EF
:102130001B3B9BB2E02B08D940F202513920FEF73D
:1021400021FE1B2FCED105B0F0BD63881B3B9BB297
:10215000E02B02D940F20451F0E72389A3F5A473E0
:102160009BB2B3F5E06F02D940F20651E6E7A388CF
:10217000A3F5A4739BB2B3F5E06FE4D94FF4A1616A
:10218000DCE700BF181F002010B501210020FFF779
:1021900021F9044670B90121FFF7E0F8044620B99F
:1021A00040F21E313920FEF7EDFD034B93F9181074
:1021B0000AF07CFA204610BD181F0020014BD88879
:1021C000704700BF181F0020044BD87CC0F34000AC
:1021D00080F0010000F00100704700BF181F0020D0
:1021E00008B509F09DF800F0B3FD00F099FB09F087
:1021F00089FB01F0B7FD03F0F3FE0022074B4FF01F
:102200001B1107481A60074BC3E901014FF4A47181
:102210001A801A82D960DA7408BD00BF60270020D6
:1022200003021B00181F0020034B41F64C525A6159
:102230001B229A74FFF7D4BF181F0020F7B5274D53
:1022400000F1A80704466B69C0F8DC30244BC0F8E5
:10225000C43038460AF0A1F8064600F051FB830668
:10226000A97C53BF1B23EB882A891A46A4F80631A0
:102270001C4BA4F808211B6884F8E410A4F8E6605D
:1022800023B194F91C11B4F8AA00984716493846AE
:1022900008F031FE0123EA8804F1BC006979A4F852
:1022A000DA3003322B89019192B2297903330091FC
:1022B0009BB204F1C001FFF7FFF8D4F8BC3023B99A
:1022C00040F2DB413920FEF75DFDD4F8C03013B990
:1022D00040F2DC41F6E703B0F0BD00BF181F00205C
:1022E00000093D0064270020261F0020024B1B68C8
:1022F00003B118470C20704760270020034BDA8891
:1023000002801B7983700020704700BF181F0020D7
:1023100037B5837805461A2B08D8042B04D9144AFC
:1023200022FA03F3DB0705D412241AE0292B01D08B
:102330003B2BF9D12888B0F5706FF5D201A909F0CF
:102340009CF888B9019B93F8202102F0FF046AB938
:10235000AA7883F82121FF2283F8202101A808F020
:10236000AEFA204603B030BD0224FAE70C24F8E7A9
:10237000200038040188A1F11B039BB2E02B0CD88C
:10238000428844F24810A2F5A4739BB2834204D859
:10239000034B002059819A8170471220704700BF7B
:1023A000181F002038B50278447802F0010302F0CB
:1023B000020254EA030101D1112038BDBAB985786F
:1023C000002DF9D0002B18BF002400E01D46204648
:1023D00008F095F90028EFD0284608F090F9002879
:1023E000EAD0054B00209C73DD731882E5E7002BD3
:1023F000ECD000242546EAE7181F002013B500881A
:1024000001A909F053F8044620B9019890F8323137
:102410001BB13A24204602B010BD90F8603003F0A2
:10242000FF04002BF5D190F857309B0706D1FF230E
:1024300080F8323101A808F042FAEBE7024958303F
:1024400009F088FAE6E700BFC9BF0100F7B50778D1
:1024500005460C46EF2F0FD890F901204378002A4B
:102460000ADB8278900707D113F010001DD199067E
:1024700003F0030202D51AB1122442E0032AFBD072
:102480001E07F9D42979EA78EE7942EA01226979BE
:1024900042EA0142A97941EA06212E7A41EA06413F
:1024A0008A42E9D81F2A0FD8E6E713F0600FE3D17C
:1024B00003F00702052A05D003F00F010D22CA40E0
:1024C000D107D9D51A07DDD56A7A013A062AD3D8B9
:1024D000AA7A032AD0D813F0040102D1023A012AC1
:1024E00003D8EA7A012AC7D811B9AA7C032AC3D82B
:1024F0002A7D48B1012ABFD12A7E012ABCD830B931
:102500001124204603B0F0BD022AF5D1B4E7DB0761
:1025100012D46B782A7D03F01803082B11D1022AFC
:10252000EED101213846FEF755FF064678B10AF094
:1025300071F8B8B10C24E4E700F0A2F90028E8D162
:10254000DEE7022AEDD02B7F002BEAD0D8E701216D
:102550003846FEF703FF064640B3154B93F91810B3
:102560000AF0A4F830460AF091F929462070E87480
:1025700030460AF0E1F8EB7E0446002BC1D000287B
:10258000BFD10246B16A684607F0BFFF2246B06A73
:10259000012108F005F8B16A6846042207F0B5FF8A
:1025A00022462146B06A07F0FBFFAAE70724A8E706
:1025B000181F002030B502798BB00346042A4FD88B
:1025C0004088B0F5804F4BD8264900248D5C1144DB
:1025D000ADF800404A798DF8084042F010028DF8BD
:1025E000244042EA45028D7AC97B42EA850242EAEA
:1025F000C102694602F01F028DF80020BDF80020DC
:10260000ADF809201A888DF80E00000A8DF80B200D
:10261000120A8DF80D408DF80C208DF80F008DF802
:1026200010405A7BD3F807008DF811205A79059095
:1026300002A88DF812209A798DF81320B3F80B2098
:102640009B7BADF818208DF81A307F238DF81B3056
:102650004FF00113CDE90734FFF7F8FE0BB030BDA2
:102660001220FBE79C89040073B50646FFF78CFD3A
:1026700004460AF016F933780546012B5FD120464F
:102680000AF047F800287AD020460AF00AF918B173
:1026900015B9122002B070BD204609F0BBFF08B189
:1026A0000C20F7E7204609F0F2FF06460028F7D194
:1026B000204602F027FC0028EBD0ED0142F2107317
:1026C00031462046ADB25D430AF0D7F820460AF005
:1026D000E0F8014658B92A46204601F06DFE08B9D7
:1026E0000020D7E741F69A213920FEF74BFB31460F
:1026F0000DF10600FEF7FAFD064608B90D20C9E700
:10270000BDF8061008F0E1FE314620460AF0CDF88B
:102710003046FFF793FD2A463146204601F04CFE35
:10272000024610B141F6B621DEE7164BDB69002BFD
:10273000D6D006F5917106F1A8009847D0E7002B96
:10274000A7D1204609F0E5FFC8B1204609F062FF95
:102750000028C5D0204609F0F0FD0546204609F0C6
:10276000EFFD014600289BD1002DB9D0B5F8AA0095
:10277000FEF746FE0028B3D041F6D821B4E7422048
:1027800088E700BF181F00200278034672B1427824
:1027900062B142881A2A09D982881A2A06D90068A1
:1027A000034A506000209B881381704712207047B5
:1027B000181F002002680020014B5A61704700BFBB
:1027C000181F00200378A3F10A02112A9BBF024AB6
:1027D0000020122093747047181F002008B50520B0
:1027E00000F082F803F0BCFB014B024ADA6108BD3D
:1027F000181F0020C120010008B50122084B1A70E3
:1028000002F070FB0AF0FAF908F088FDFFF76CFBA4
:10281000002007F047FEBDE8084000F04BBD00BFB8
:10282000381F002010B5064C0649201D08F012FB89
:1028300004F108000449BDE8104008F00BBB00BFDC
:10284000381F0020A8000020B000002010B5084C60
:102850000849201D08F0FEFA04F10800064908F0B6
:10286000F9FA04F10C000549BDE8104008F0F2BA8D
:10287000381F0020B8000020C0000020C800002041
:10288000014B1878704700BF381F002010B5064C68
:1028900000F0ECFC606808F0D5FAFFF7C5FC00F02A
:1028A0007FFE0123237410BD381F0020014B187CCC
:1028B000704700BF381F002010B5064CA06808F014
:1028C000C1FAE06808F0BEFAFFF78AFC002323741F
:1028D00010BD00BF381F002000487047491F00206E
:1028E000004870474B200020C208044900F0070050
:1028F00001238340885C03438B54704770000020A1
:10290000014BD3E90001704770000020034B1868A9
:10291000C0F30020400040F001007047700000202C
:1029200008B505F09FF90023074A32F823108142C9
:1029300005D302EB83029378044A137008BD013378
:102940000C2BF2D10023F7E7B08904004D210020C1
:10295000006808B5B0F8AA3080F86411A0F86531B5
:1029600090F81431012B06D0022B04D04FF43F71A4
:102970000620FEF707FA80F8673190F81531012B31
:1029800001D0022BF2D180F8683100F25B100249CD
:10299000BDE8084008F0DEBFE1AE0100024B0022B6
:1029A00083F822209A8470474E210020044B93F82C
:1029B0002220012A1ABF036001200020704700BFB7
:1029C0004E210020054B024693F8221001291BBF1F
:1029D00001209A84002083F8220070474E210020B5
:1029E000054B024693F8220020B1136009B19B8C7D
:1029F0000B800120704700BF4E210020044B0022B5
:102A000093F822009A8410B1012083F822207047A5
:102A10004E210020034B93F82200B0FA80F04009C9
:102A2000704700BF4E21002050B90A4A01201346CA
:102A300003F8010B0868C2F801008A889A80704781
:102A4000012805D1034B0A68D8719A608A889A8157
:102A5000704700BF7421002050B90B4B187888B123
:102A6000D3F80120B3F805300A6001208B8070474D
:102A7000012806D1044BD87920B19A689B890A6055
:102A8000F3E70020704700BF7421002010B9044B09
:102A900018787047012806BF014BD879002070478D
:102AA00074210020F7B58A8800238DF80600ADF860
:102AB000042008680B4A8DF807300146147802F5A7
:102AC000A872019DD8B2844201D8082007E052F8CC
:102AD000087F01335668AE4208BF8F42F2D103B07F
:102AE000F0BD00BF88210020084B0146002230B510
:102AF0001C7903F20713D0B2844201D8082004E005
:102B000013F8015F01328D42F5D130BD88210020DC
:102B10002DE9F8432B4C0746257904EB000E013DC7
:102B20009EF80861EDB2854225712BD04FEA051859
:102B30004FEA001C08F108030CF108090CF1880C9D
:102B40002344A144A4440FCB89E80F0008F1880373
:102B500023440FCB8CE80F00631993F808218EF8FB
:102B6000082106225543574305F5887507F58877F0
:102B700060596219E119E05192888A8093F84031D6
:102B80008EF840313046FFF7AFFF082818D1237880
:102B9000013BDBB29E42237012D02B3306F12B0295
:102BA00004EBC30304EBC20293E8030082E80300D2
:102BB0002078FFF799FF08281CBF241884F80861C3
:102BC000BDE8F88388210020F0B5254D89B095F83F
:102BD000984105F299116846224606F063FE2146A7
:102BE000684608F0BCFB0446B8B300EB400102A8FD
:102BF000C9B2FEF747FD631E95F8A1610124DBB25F
:102C000095F8981105E0721CB2FBF1F001FB10225F
:102C1000D6B206F120020DEB020010F8202C002A9B
:102C2000F1D103EB430100F8204C06EB46022031C2
:102C30002A44694411F8187C82F8A27111F8177CB3
:102C400011F8161C82F8A37182F8A411013BAA198D
:102C5000DBB282F89941FF2BD2D109B0F0BD00BFA1
:102C60008821002070B5064688B00C46002A4ED058
:102C7000294A92F8A131D01890F8991119B9FF2179
:102C80002820FEF77FF803EB43010133114491F84C
:102C9000A251E57091F8A35191F8A41125716171C9
:102CA000002180F8991192F89811B3FBF1F001FB23
:102CB000103382F8A13192F8C23123B9174902F5D5
:102CC000DD7008F044FE65790D220021684605F0AC
:102CD0003F0545F0400565710AF096FCE37804AACB
:102CE00069468DF80F30304623798DF80D508DF8F8
:102CF0000E3004230AF0F2FB9DF81F3023709DF87C
:102D00001E3063709DF81D30A37008B070BD0321A4
:102D10006018FEF7B7FCD6E788210020C92B010018
:102D2000044B1A79824286BF1B1893F85001002089
:102D3000704700BF88210020044B1A79824286BF69
:102D40001B1893F848010020704700BF882100201D
:102D5000074B00224FF461711A701A7183F8C32176
:102D600083F8C421A3F8C61183F8C221704700BFBD
:102D7000882100202DE9F04782468946174698466B
:102D8000FFF790FE08280546064603D0FFF7ACFE85
:102D9000082860D1324C2379072B5ED8082D15D135
:102DA0002678731C072E237003D96C212820FDF789
:102DB000E9FF06F12B02D9F8000004EBC20344F846
:102DC0003200B9F8042083F806A09A80257907F12B
:102DD00010026B1C29012371CB1D234412F8010D35
:102DE000BA4203F8010FF9D1873108F110032144E9
:102DF00013F8012D984501F8012FF9D12544102130
:102E0000404608F0DCFA102185F84801384608F001
:102E1000D6FA85F808612679002385F850013146F5
:102E2000104885F8403108F09AFA0128054607D87D
:102E300031460D4808F093FA002818BF0135EDB26D
:102E400084F898510025284684F8A151FFF7BCFE6C
:102E50002846BDE8F0871220FBE70720F9E700BF0E
:102E600088210020D0220020D8220020064B10B557
:102E70001879013840B2002800DA10BDC4B22046EB
:102E8000FFF746FE601EF5E788210020014B83F81E
:102E9000C301704788210020014B93F8C30170479C
:102EA00088210020431E4AF2B7129BB293429DBF75
:102EB000024BA3F8C60101200020704788210020A2
:102EC000014BB3F8C6017047882100200A4B30B58A
:102ED0001C7984420ED9184490F808012B3003EB7A
:102EE000C004A5790D7053F8300010600120A3884C
:102EF000938030BD0020FCE788210020024607486F
:102F000010B590F8C34124B1017921B1083003F024
:102F100089F8204610BD0C46FBE700BF8821002041
:102F20002DE9F74F2F4C9A468046894623798342F4
:102F300056D9231893F8485185F00105F9B193F853
:102F40005031E3B945F002070135BAF1000F18D14D
:102F5000FA070AD5062104EB0810524601FB084186
:102F6000883001F58871FFF77DFEBB0734D504EB8F
:102F70000810524649460830FFF774FE2CE02F46F1
:102F8000E3E794F8A1614FF0010B002DE0D0A31905
:102F900093F89911019399B90092DAB100F0D0FA3F
:102FA000019B06EB4601009A4FEA102C83F899B179
:102FB000214481F8A201000C81F8A3C181F8A40189
:102FC000013694F89831013DB6FBF3F103FB11662D
:102FD000F6B2DAE747F00407384603B0BDE8F08FF1
:102FE0000027F9E788210020074B1A79824209D986
:102FF0001A1892F848212AB9062202FB003000F57F
:10300000887070470020704788210020064B1A798D
:10301000824281BF1B1893F84001B0FA80F040094A
:1030200098BF0020704700BF88210020F8B50E46E9
:10303000074606211546304608F0C1F9044670B12E
:103040000C4B0022187903F23F13D1B2884202D808
:1030500001242046F8BD013203F8015FF5E731464F
:10306000384608F098F90828F3D0024B034483F857
:103070004051EDE788210020034B80F874101B6855
:103080000BB1408818477047682700200B2808B507
:1030900004D940F229112920FDF774FE014B33F8C1
:1030A000100008BDE0890400036830B50024D3F89F
:1030B000C40042F21075A3F84040A3F84640B3F8AC
:1030C00048404443B4FBF1F4A3F848404C1E05FBD0
:1030D0000242B2FBF1F2A3F84220094AB2FBF1F23C
:1030E0000132A3F84C209A8F05FB02445A6B5043DF
:1030F000B4FBF1F4B0FBF1F09C63586330BD00BF4A
:10310000005A62020346084671B13F2B0BD8074AAA
:10311000D35C03F07F02914205D08CBF01200020D8
:1031200000EAD31070470120704700BFF8890400FF
:10313000FF230B7002234B7083238B70014B1B7892
:10314000CB707047542300202DE9F84FD0F804804D
:103150000C46D8F81860304607F019F9054620B932
:103160004FF4AA711020FDF70DFE0146304607F01E
:103170001CF9B5F800B082461FFA8BF717B94FF467
:10318000AC71EFE7224B00F103091B68D3B998F843
:10319000023098F803202370637802F00F02A4F83D
:1031A00002B023F00F03134323F0C00363709AF8B7
:1031B000003003F00303012B0FD0022B0DD04FF48E
:1031C000BB71CFE73A464946B8F802009847054632
:1031D0000028DCD12846BDE8F88F6278304663F3DA
:1031E0000512627007F0E7F8054610B94FF4C07198
:1031F000B8E7FB2F02D940F28F11B3E73A464946B0
:10320000201D06F04FFB304607F030F8E2E700BF24
:103210006C27002038B5134C10220021201D0AF025
:10322000F3F90125257404F108031022002104F1AB
:103230001400C4E901330AF0E7F984F8205004F1DE
:103240001803094AC4E9053300236362A36284F8C2
:103250002C30C4F82D30C4F8313084F83530136088
:10326000A36338BD542300206C27002010B5084C00
:103270002378FF2B04D040F299111020FDF782FD36
:1032800006F07CFA2070BDE81040FFF7C3BF00BF16
:103290007D00002010B5034C207806F089FAFF234A
:1032A000237010BD7D000020014B187806F090BA05
:1032B0007D000020014B024A1A60704770270020F1
:1032C000493101002DE9F341DFF86881054608F135
:1032D0001407D8F80830D8F81840227A012A22D1E9
:1032E000D8F8382052B1137A1BB9BF211020FDF74E
:1032F00049FDD8F83840C4B9002083E01A7A012A81
:10330000FAD01C464C4AEFF3108172B65068006840
:10331000506001B962B6A34208BFC8F83840237AAA
:103320001BB9EE21E2E73A46EDE7267AF6B205232D
:103330002372731E0B2B6ED8DFE803F06A0622356A
:10334000676D3E6D6D6D6D5B636813B94FF403710E
:10335000CCE72046294698470420EFF3108272B646
:10336000237A052BD9B24FF0000359D12372D8F834
:103370003810A14201D1C8F83830B2BB62B634E08F
:10338000636813B940F21521B0E7294620469847F3
:103390000346ADF80400C0B2C3F30723012B2FD0BE
:1033A000022BDAD11AE0636813B940F21D219DE7C0
:1033B000204698470020D0E763680BB9FE2195E7C7
:1033C00086222A7001225988AA706A7100225869DF
:1033D000A5F80310AA7106F049FF0420D8F8383088
:1033E000A34202D10023C8F8383000283FF471AF5F
:1033F00008E0124B294620461B689847034668B9E7
:10340000267298B102B0BDE8F0814FF415716DE7F6
:1034100040F257216AE740F25A2167E70220DDE7D0
:1034200011B940F27B2161E71846A6E7002B7FF433
:1034300050AF61E75423002058230020702700205C
:10344000134610B5027A22B140F202311020FDF786
:1034500099FC0A4601460248BDE8104008F054BAFB
:1034600058230020044890F82C301BB9034924301D
:1034700008F067BA704700BF54230020F9B8010074
:103480000346064890F83C203AB190F8352022B91E
:10349000034900F82D3B08F054BA7047542300202C
:1034A000313101000A4610B5037A23B140F20A31E6
:1034B0001020FDF767FC014607230248BDE81040D5
:1034C00008F022BA682300201346027A0AB1037278
:1034D00070470A460146014808F016BA58230020F2
:1034E0001B234FF01B128384038482618382C2609A
:1034F000038539B94FF4A473034AC3844384C2617A
:10350000C3820261704700BF48014801014908F0C9
:1035100021BA00BF5BB901000B8BA2F8090010466D
:10352000A2F80B304B8BA2F80D308B8BA2F80F302A
:10353000CB8B0249A2F8113008F006BAABB90100F2
:10354000094AD2E90003434083EAB01181EA4321EA
:103550004FEAF34311605360044B58434FEAF06065
:1035600000EB8000704700BF94230020BB79379E9A
:10357000094AD2E90003434083EAB01181EA4321BA
:103580004FEAF34311605360044B58434FEAF06035
:1035900000EB8000704700BF80000020BB79379EA1
:1035A00010B50A4C08210948FEF76CF8D4E900323E
:1035B0001343F7D0064CFFF7DBFF2060FFF7D8FF7F
:1035C000236860601843F6D010BD00BF8000002063
:1035D00094230020174B184A9A60184A5A60184AD8
:1035E0001A60184A9A62184ADA62184ADA60184A67
:1035F0009A61184A1A63184A1A62184ADA64184A11
:103600009A64184A5A62184B184A9A60184A5A62C1
:10361000184ADA62184A1A61184A5A61184A9A61B5
:10362000184A1A63184A9A64184ADA64184A9A635C
:10363000704700BF74270020E5BC01000BBD0100EE
:1036400071BD01002DBE010077BE0100953901005A
:1036500089BE0100FD3B0100913A01004DBF010010
:1036600065BF0100DD3A010074280020FBBC0100A9
:1036700021BF0100A7BE010057BE0100C7BE010067
:10368000213A0100EBBF010093BF010085BF01009B
:103690000BBF0100044B054A5A65054B054A1A65E4
:1036A000054A5A65704700BF7427002099C0010081
:1036B0007428002083C0010005C10100054B064AA3
:1036C0009A65064A1A66064B064A9A65064ADA65FC
:1036D000704700BF74270020CDB0010081B1010008
:1036E000742800201DB0010001B3010037B5044665
:1036F00001A80D46FFF75AF920B94FF4AA615120ED
:10370000FDF740FB00212222019809F07DFF019B7B
:10371000194601F8035F023D232D00F28980DFE89E
:1037200005F02587128A8A25872B878A313D4187B4
:1037300087458A8A4E4E656587878787878787870B
:103740008787876C778021680D20D1F8CE215A6059
:10375000D1F8D2219A602268D2F89420DA60FFF77B
:1037600031F9002869D140F25751C8E7226892F830
:10377000A02002201A71F2E7204600F005FA002886
:10378000EDD13DE0112206201A7159225A71002212
:103790009A718022DA7130221A72E0E7226892F878
:1037A0009A20E6E7084600F0DDF9E8E7226892F89B
:1037B0009B10197192F89A2003205A71CFE7226862
:1037C0000920B2F800111971090A5971B2F8A21052
:1037D0009971090AD971B2F8FC101972090A597263
:1037E000B2F8A0209A72120ADA72B8E7226892F848
:1037F0002E11197192F82F21DEE7114B1B6813B9B6
:1038000040F249517BE72320224698470420A6E74F
:103810000B4B1B68002BF3D0224624209847052031
:103820009DE7074B1B68002BEAD022462520F5E7D1
:1038300040F2445163E7012091E703B030BD00BF7F
:10384000742900203F289ABF024B53F82000002023
:10385000704700BF742700203F289ABF024B53F8DF
:1038600020000020704700BF74280020F7B50568CD
:1038700004464FF6FF77D5F8BC600DF102010DF15B
:1038800001023046ADF8027006F0A9FC01A93046ED
:1038900006F0C7FC48B1019806F08BFD2168A831FD
:1038A00000220272FFF7FEFDE7E7044905F1280058
:1038B00003B0BDE8F04008F047B800BF79BC010094
:1038C000F0B5044685B00D46FF2600F8A56C10F84B
:1038D000A63CF3B1174F3B781BB162211F20FDF7C7
:1038E00051FA0C21381DFDF7CDFE3E70002304F87F
:1038F000A53C8A232A4602F8033BD4F80930C5F8D0
:103900000330D4F80D305360D4F81130936005B013
:10391000F0BD01A80C21FDF7B5FEA4F5F473039AE0
:103920001A6001AB03CB44F8AE0C44F8AA1C04F8AF
:10393000A66CDBE79C23002010B5054C23782BB93F
:103940000C21201DFDF79EFEFF23237010BD00BF3C
:103950009C230020024690F8D631BBB990F8D731AD
:1039600003F0FF010BB100207047094B18780028C5
:10397000F9D01970D9680433C2F8941003CBC2F897
:10398000CE01C2F8D211FF2382F8D6310120704750
:103990009C230020026838B5D37B04460D463BB11A
:1039A000122B05D0103B0F2B8CBF0120082038BDF7
:1039B00092F8563013B9204608F024F9D5F80B30A8
:1039C0002268C2F8C631D5F80F30C2F8CA31236870
:1039D000D5F81320C3F89020B3F8AA20A3F88522C5
:1039E000D5F80120C3F88722D5F80520C3F88B222B
:1039F0002368B5F809200025A3F88F22236883F8EF
:103A00009E5183F8D6512068044900F51F7007F0D5
:103A100098FF236815222846DA73C8E7C1380100E9
:103A2000036810B5DA7B04461F2A04D040F29D21BA
:103A30001F20FDF7A7F9002193F85620B3F8AA003C
:103A400083F8551082B1C3F8A91183F85610A3F872
:103A5000AD11A3F8AA0103F5D0700B4907F071FF6F
:103A600023680022DA7310BD0121A3F8990183F8BD
:103A7000982103F28F1083F89B1183F89F2103494B
:103A8000A3F89C21EAE700BF15BE0100FDBD0100BF
:103A900038B505682B6813F0010419D1D1F801205D
:103AA0000C4BD1F8051013400B4AC5F86630C3F330
:103AB00007630A4043F00803C5F86A2085F86930B7
:103AC00008F0A0F82B68204643F001032B6038BDB6
:103AD0000120FCE72FC904F76FDB0080006810B5F8
:103AE000837B042B28D1D1F801304A1CD1F8054042
:103AF000C0F86630C3F30763C0F86A4043F00803B8
:103B000080F86930002380F84E30837390F871316B
:103B100003F0FF040BB1002010BDB0F8AA3000F292
:103B2000691044724381D1F801300449C36053687D
:103B3000036107F006FFEEE70120EDE7E1BE0100BB
:103B4000006890F871314BB9B0F8AA3000F26910F2
:103B5000034943811A23437207F0F3BE704700BF45
:103B6000E1BE010010B50446FEF7CAFE044A054B4B
:103B7000024009200B40C4F80120C4F8053010BDF4
:103B80002FC904F76FDB008037B50C460568FEF7D8
:103B9000B7FE0A4B0A4A03400A4095F866100093A4
:103BA0000B4001928DF800306B4603CBC4F8010046
:103BB0000920C4F8051003B030BD00BF2FC904F7B9
:103BC0006FDB008038B5DB04154604D5037D13B1E7
:103BD0000023436338BD446B0134446308F0E4F9C7
:103BE000836B9C42F6D30023034943632846BDE818
:103BF000384007F0AFBE00BF41BF010038B50468D0
:103C00000546A37B012B02D02368980738D494F88B
:103C100057309A0713D44A78D80784F861204A8825
:103C2000A4F862208A88A4F8642043F0020284F891
:103C300057200FD5134904F1580007F08BFE94F874
:103C40005730D90711D423689A0708D55821402046
:103C5000FDF798F894F83231002BEBD1EFE743F001
:103C600002032846236007F0CDFFA37B012B4FF012
:103C7000000301D0002038BDA37384F84E30F9E76B
:103C80000120F8E7C9BF010070B50568044602F0DD
:103C900085F9054B0146E8721B681BB12046BDE85B
:103CA0007040184770BD00BF7C290020024B1B6884
:103CB00003B11847704700BF78290020F0B51F4DA9
:103CC00000242B7814709BB1013B6D68DBB21E1B86
:103CD000012E0FDC05EBC40655F8347076688E4271
:103CE00008BF874227D0B84271EB060612D2147083
:103CF0000020F0BD1E197710C6F3470655F837C0EF
:103D000005EBC70E8445DEF804708F412CBF3346A7
:103D10003446DCE705EBC30455F8335064688C4245
:103D200008BF854206D0A84271EB040428BF0133C6
:103D30001370DDE71C4601201470DAE7BC23002075
:103D400010F0070208B503D063214820FDF71AF8E8
:103D500018B1034B197258601A70C80008BD00BF33
:103D6000BC230020014B00221A707047BC230020A6
:103D7000FF23084A0B700D234B7082238B7013684E
:103D8000C1F803305368C1F807309368C1F80B30AD
:103D9000704700BFD223002016220021014809F0FD
:103DA00033BC00BFD22300200B4B5A7D92B14A0690
:103DB00010D5B0F8AA2009491A80D0F850225A60CC
:103DC000D0F854229A60C28803F10C005A80022273
:103DD000FFF77ABB704700BFD2230020713D01007E
:103DE000094B53F8203003F5224370B5B133164622
:103DF0004FF47A720C46B3FBF2F5344402F030FF14
:103E00002C44204470BD00BF008B04002DE9F04F0E
:103E10008BB0044698460F46039290F8159107F030
:103E20005DF8824694F81F01FFF730F9824408F0EC
:103E300020F9E37B00F148061FFA8AFA0293039BFC
:103E4000002B4AD1637B032B47D1029B0C2B32D131
:103E5000B4F86C32BB422ED1D4F8F0312046B4F81D
:103E6000C421C4F8E031D4F8C430C4F8E431B4F863
:103E700062321344C4F8E83102F03CF8D4F87422FA
:103E800041F64B5194F81D31C4F8C4208A428CBFCE
:103E9000002303F00103D4F87012D4F87822C4F898
:103EA000D41084F81E310223B4F86E12C4F8CC206A
:103EB000A4F8D8106373E37BA17B282B01D02829B9
:103EC0000BD1B4F86C32FB1A1A0406D4A1F1280302
:103ED00020465942594101F0B9FBB4F8605204F54B
:103EE0000C73B4F806E07D1B94F815B1A7EB0E0E29
:103EF00004932DB20FFA8EFE002D0FDA7546D4E929
:103F00009223C4E996230122637B032B00F2648190
:103F1000DFE813F0060006015A0029014246F3E7E4
:103F20000121002007F094FA8146D4F8D4005146CC
:103F3000484403F04BFE5146C4F8EC01D4F8C400E9
:103F400003F044FE07A9C4F8F00108A802F0F8FD48
:103F5000079B0093DDE90823D4E9960108F040FFB0
:103F6000834604F1A80008F0F6F8D4F8D420D4F879
:103F7000643294F81501D51802F07AFED4F8EC11E9
:103F800000F52240203D4FF47A73B13032466D1A6D
:103F90003031AD1BB0FBF3F04D44B4F8D830A5EB95
:103FA0000B0503EB41012D1A94F81501FFF718FFDB
:103FB000D4F86432C4F8F401EB1AB92B5DD840F29E
:103FC000C6413020FCF7DEFED4F8D4305146D4F898
:103FD000E401184403F0FAFD5146C4F8EC01D4F8AA
:103FE000C40003F0F3FDC4F8F00104F1A80008F0E8
:103FF000B2F8D4F8D430D4F8E4511D44B4F8C43144
:10400000002B40F08980B8F1000F00F0858094F813
:10401000150102F02DFED4F8EC11D4F8503200F561
:1040200022406D1A94F81521B130203D1D44854B76
:1040300053F822204FF47A7302F2E732D4E9929ACD
:10404000B2FBF3F2A5EB0905B0FBF3F01544AD1B91
:104050002D1AD4F8E821D4F8E03194F8150102FBC8
:104060000313B4F8D8103246303301EB4301FFF7A5
:10407000B7FE0123C4F8F4016373D4F8C430D4F854
:10408000F021723B9B1A9E1B0023864284F830323B
:10409000D4E9963228BF064604F1DC005B19C4F867
:1040A000C06142F10002C4E9903207F0C8FC042369
:1040B0003044A4F8607284F83932C4F83402D4E988
:1040C0009023C4E99623B4F8B031DB1B1BB2002B5C
:1040D000D4BF00220122520084F83822029A0C2A0E
:1040E0007DD0B8F1000F7DD1637B002B00F096806E
:1040F000D4F8C41004F50C70D4F8F031C91A07F0E4
:104100006AF980B2002800F08980149B03B11880FE
:1041100001200BB0BDE8F08FD4F8EC116D1A98E7D0
:10412000D4F8F001D4F8C430B4F8C4C11B1AD4F8E0
:10413000E811F444D4F8E0215D43D4F8EC31ACEB61
:10414000010C30330CF1FF3C02FB0133B4F8D81002
:10415000324600FB0C3301EB43015846FFF740FEAB
:10416000C4F8F40189E7D4F8F0A1D4F8C430B4F865
:10417000C4C1A3EB0A035D4332B3BCF1000F23D1EA
:10418000D4E99423D4E99201904271EB030302D362
:1041900040F20D5115E72B4B203A53F829304FF4DC
:1041A0007A79D4E99201CDE9040103F2E73103F50C
:1041B00022430498B133121AB1FBF9F1B3FBF9F3BE
:1041C0000A44D21A921B15440CEB0E0132460AFB2C
:1041D00001F130314900C0E740F22551F1E6B8F174
:1041E000000F1BD0B4F8D80110B3B4F8DA1194F86A
:1041F000DC214D1CA4F8DA1101FB022290420DDDF6
:10420000002B0BDD0023A4F8DA5184F83832FFF7D5
:1042100097F900F00700013084F8DC0104F50C7117
:1042200004F5027004F0B8FC20B940F27551C8E6FC
:104230000146DCE7039B83F0010384F80032002091
:1042400067E700BF008B04002DE9F8430E460446E3
:1042500018B9D3213020FCF795FD052900F2A7807D
:10426000DFE801F00376413DA52E08F05DFEC4E9CC
:104270004601204600F06AFFD4F80C01A43808F08B
:10428000A9FD204608F00DFB054600BB014620466F
:1042900008F044FA00F1AE06D4F80C01B04209D29D
:1042A000301A0321192838BF192008F00FFE60B119
:1042B00008F092FDC4F80C61204608F004FB45B1FB
:1042C0002046BDE8F84308F0FFBA0125F2E70025D3
:1042D000F2E7D4E94623C4E94023BDE8F883BDE80A
:1042E000F84302F039BC08F024FA042381468846DA
:1042F00084F8113108F06CFD07220F46A9FB02314A
:1043000002FB0811D4E940525B1941EB0205D4F8D5
:10431000E8203AB159EA080204D0984277EB050246
:1043200028BF012684F81061D4E94826121A66EBEA
:10433000070694F8301139B9012A76F100010BDA39
:10434000204600F00BFF03E0012A76F10006F7DBC0
:10435000002384F82831C0E7984277EB05010FD29B
:1043600059EA08080CD01B1A65EB07019A4276EB54
:10437000010005DB012B71F10000A4BF1A460E46B7
:104380000C49012304F1C000914284F829314FF017
:10439000000384F80831B341B8BF0A4604F58471BC
:1043A00004F072FC002898D140F2B16152E7EF218D
:1043B00050E700BF0040420F2DE9F84304460E4687
:1043C000154690F8283103F0FF07002B40F091804C
:1043D00000F1C00839467822404609F015F9224616
:1043E0004549404608F013FEC4F8E860FF2384F80E
:1043F000283166B1FFF7BCF800F0070032463F49AC
:10440000013086F8DC0106F5027008F000FE40F28B
:104410000243A4F81031002384F8083103F02CFC87
:1044200000F14906204608F03CFA0146B6B2B0B3A6
:1044300006F054FD00F12801284689B203F0C6FBBE
:104440002844AE3DC4F80C0108F0C2FC301841F11C
:104450000001C4E94601012084F8EC0008F0CBFA21
:104460002D1AC4F8F0504FF0FF356FF00041404670
:10447000D4E94623C4E94851002504F58471C4E910
:104480003E23C4E9402384F8295142F2107204F01B
:10449000FBFB38BB4FF4DC713020FCF773FC20468B
:1044A000DFF85C9008F03AF9AE30C4F80C01B9F8C6
:1044B000000048B1E08B38B1FFF75AF8B9F8003086
:1044C000B0FBF3F202FB1300064408F081FC36183F
:1044D00041F10001C4E94661002DC4D0AD1941F19C
:1044E0000001C4E72946204608F0F0F93846BDE847
:1044F000F8830C27FAE700BF4942010071C10100AF
:10450000E8230020F0B5002385B0CDE90033012376
:104510008DF806306846FCF797FF70B10123104E06
:10452000B3700023CDE9023302A8FCF78DFF0446E7
:1045300038B10023B37005B0F0BD009807F000FF5C
:10454000E8E7029D6B7B002BEED005F5027738463D
:1045500008F063FC384608F06CFC6C73E4E700BFBD
:10456000E8230020044B0022DA709A7042F21072A5
:104570001A80FFF7C7BF00BFE8230020014BD870A7
:10458000704700BFE823002008B502F007F8044B8D
:104590005A6882422ABF9878002080F0010008BD46
:1045A000E8230020F7B5044606297BD8DFE801F0B0
:1045B00004251523282D74003C4B9B7803F0FF0243
:1045C0005BB900920123B0F8B411FFF71FFC30B1C2
:1045D00040F2CD613020FCF7D5FB0423637302F079
:1045E0007DF904F0C5FA0023E288A4F86232A4F849
:1045F000FE2184F8013203B0F0BD03234373FAE7D0
:1046000008F058FBC4E99401F5E790F8150107F0AC
:1046100092FD6430D4F8F0319528D4F8C450234F7B
:104620008CBF0020C0F19600C218954288BFED1AD9
:10463000FB7894BF00252D1A23B9D4F8DC309D42B5
:1046400028BF1D46D4F8C06104F1DC0007F0F7F97B
:104650000644022008F010FC0221AD1B25EAE57596
:10466000854228BF0546284608F030FC10B12E448C
:1046700008F0B2FB0123C922314604F1A80007F07B
:1046800089FAD4F8C0317860D4F8C400184403B073
:10469000BDE8F04008F09EBBA83003B0BDE8F04094
:1046A00007F059BD40F29B7194E700BFE82300205A
:1046B000014B1880704700BFE82300200346074ADB
:1046C0001068D3F84920C0F80320B3F84D20A0F8B3
:1046D000072093F8481007F00BB800BFF023002024
:1046E00070B504460E461346807D6588324615F047
:1046F000040118BF04F15701FEF712FC41070546FB
:1047000021D4C2070BD50123A07D84F84830FEF7E1
:104710006BFC0368C4F849308388A4F84D30AB07BC
:1047200001D4012070BD094B01211868D4F857301D
:1047300084F85610C0F80930B4F85B30A0F80D309A
:1047400006F0DFFFEDE70020ECE700BFF0230020DC
:1047500038B5C38C04460F4D0133C3F30E03C38435
:104760002B7C2BB102F0B8F901F0B4FC00232B74C0
:1047700000232B7194F869302BB101212046BDE84C
:10478000384007F0A8BE637C13B1E28C9A42F4D2A1
:104790000021F3E7F023002010B5074C2379012B0B
:1047A00005D1237C1BB102F097F901F093FCA069BD
:1047B000BDE81040FFF7CCBFF023002070B5254CBA
:1047C0002379012B04D040F682412D20FCF7DAFA40
:1047D00098B90125237C1BB102F07EF901F07AFC27
:1047E000002D36D0A06907F0C6FD68B302F022F8AC
:1047F000E369BDE870409B6818472168A26911F819
:10480000095B02F1490392F84820E80906F089FDA6
:104810000028DED00021206806F098FF0028D8D0BC
:104820002379A069012B02D040F65C41CDE72379C2
:1048300005F00F01E26903F180435269013B52F830
:10484000233098470546C5E7A069BDE87040FFF7EB
:104850007FBF70BDF02300200346074A906903B96B
:1048600009B9FFF775BF1379D26903F18043126963
:10487000023B52F823301847F023002003292DE98A
:10488000F043054685B0174607D14388980723D4DF
:104890000024204605B0BDE8F083428890F86830D7
:1048A000D107DBB2F4D5002BF2D14FF00108DFF8CD
:1048B000D49099F81060C6B106F077FD08283870DA
:1048C00016D002AA0DF10701FEF700FB38B940F639
:1048D000F7612D20FCF756FA4FF00208E7E702A92E
:1048E0009DF8070007F0ADFB06463B78082B08D182
:1048F000D9F8001011F8030BC0F3801007F0A1FBEA
:104900000646D9F8001005F1500395F84F2011F82C
:10491000030BC0F3801006F004FDD9F80010044624
:1049200011F8030BC0F3801006F035FD8146FEF749
:104930006DFB40B1B9F1080F1BD04846FEF7F0F906
:1049400080F00103D8B23A78082A14D01CB9AC7DA3
:10495000A21A544254416A8853079AD4002897D126
:1049600076B9EC7C444518BF002C0CBF0124002410
:104970008FE70020E7E780F001022240D4B2EAE7A7
:10498000344686E7F02300202DE9F04F85B0082358
:10499000052104460DF107028DF80730FFF76EFF81
:1049A000064620B90026304605B0BDE8F08F794FA5
:1049B000396807F112037A7C11F8030BC0F38010F9
:1049C00006F0AFFC80460028ECD13B6840F2E2499B
:1049D000A16918468D7D10F8032BC2F340122A40BE
:1049E0001D468A75D3F80320C1F8AD208288A1F84E
:1049F000B12015F81F1BA269C1F3801182F8AC1019
:104A000002A9D3F81F00029028790871D3F80F008B
:104A1000C2F8C800587D1D7D000440EA0520DD7CF9
:104A20002843C2F8D000B3F8190082F81E8109FBB0
:104A300000F0C2F8C4009D7DC5EB451005EB800574
:104A400005EB85056D00A2F8D850B3F8170009FBF7
:104A500000F0C2F8D400B3F81B00A2F8CC00B3F801
:104A60001D00A2F8CE0093F8243003F01F005B096C
:104A700082F8220082F81F31A56994F912A005F18D
:104A8000160006F092FD40F20113A5F814314FF024
:104A9000FF0B85F816B1414605F1DC00FEF720FD5D
:104AA000514605F1A800FEF7E7FAA36984F8738080
:104AB00004F17E01B3F8AA2084F891B0A4F8742020
:104AC0004FF6FF729DF80700A4F89220D3F8C42097
:104AD000B2FBF9F2A4F88A20B3F8CC20A4F88C2019
:104AE000B3F8CE20A4F88E2093F81F2184F89020EC
:104AF000627D62B394F84820012A28D194F84E20B0
:104B000002F0C002402A22D1D4F84920C4F87E2005
:104B1000B4F84D208A80082893F8AC2003F1AD0545
:104B200004F1840184F8772004F17802D3F8AD30E1
:104B300027D0C4F88430AB888B8004F17701FEF76E
:104B4000C5F940B940F6E2312D20FCF71BF90022EF
:104B5000C4F87E20DEE794F8773043F0020384F84F
:104B6000773004F16A000C4906F0EBFE0B4B002293
:104B7000A0691B683A71002B3FF415AF2146984796
:104B800011E7A367AB8893800023C4F884308B803F
:104B9000E7E700BFF023002039C601008429002088
:104BA000032937B5044604D0052957D0012003B0A6
:104BB00030BD08230DF107028DF80730FFF75EFEC8
:104BC0000028F3D0237C2A4D03B39DF8070094F806
:104BD000B630DBB92378082804F1B90284F8B7307D
:104BE0002DD004F1B801FEF771F920B94FF47761C7
:104BF0002D20FCF7C7F894F8B83043F0020384F88E
:104C0000B8301C4904F1AE0006F09BFE2B6804226C
:104C100020461A7006225A70FFF750FD616B94F817
:104C20003820286806F083FD032328682B7101F0E3
:104C3000DFFE0021286808F053F80020B7E7286855
:104C4000034613F8031BC1F3801184F8B810D0F8A1
:104C50000310C4F8B9109B889380D2E7064B1B68F9
:104C6000002BEAD0984780F00100C0B29FE700BF58
:104C7000F023002021C6010080290020F8B5044659
:104C80000F4619B300F12005284607F091FEA0B9A0
:104C900063881A072ED5284607F09FFE0646284649
:104CA00007F086FE301AC0B207F0A5FE494A9368A5
:104CB00003442846936007F05AFE284607F05CFE3E
:104CC00001F026FD2179252001F08CFC414E0023C6
:104CD00094F856203068037043706388103B0D2BA6
:104CE00068D8DFE803F063675F0C6744676767674E
:104CF000676767442046BDE8F840FFF729BD0623F3
:104D00004370202303702046FFF7D8FC638823F00C
:104D100008039BB2152B05D094F83020E16A306867
:104D200006F0F6FC306801F063FE0021306807F001
:104D3000D7FF022321790020337101F0F7FC0546EB
:104D400007B9F06063881B0704D507F051FE0544DE
:104D5000C4F8F4506388103B0D2B36D8DFE803F01D
:104D600038352F2F352F353535353535352F0C2343
:104D700021214370034603F8091B52B1D4F8572090
:104D80000121C0F80920B4F85B209A8006F0B9FC34
:104D9000B9E7226DC0F80920B4F854209A8094F83D
:104DA0004F10F3E7062303704370ACE70223037050
:104DB0000623F9E740F259612D20FBF7E3FF217943
:104DC0000120BDE8F84001F0A1BE40F6F541F3E74F
:104DD000F8BD00BFF023002038B543880446102BEF
:104DE00004D10121BDE83840FFF748BF0B4D2B7CB3
:104DF00023B101F049F9402001F062FE286801F07A
:104E0000F7FD608810F0040002D1217901F07EFEE8
:104E1000002001F03BFE01232B7138BDF023002060
:104E2000024B01219869FFF729BF00BFF023002042
:104E300010B5124C237C1BB101F04EFE01F04AF973
:104E4000A06907F098FA38B12379012B09D040F610
:104E500086312D20FBF796FFA069BDE81040FFF7D3
:104E600077BC2379E26903F18043A069D268013BF2
:104E7000BDE8104052F82330184700BFF02300204F
:104E8000074810B5037903F0FF0433B91422214613
:104E9000043008F0B9FB204610BD0C24FBE700BF2E
:104EA000F023002010B50023094C2371FDF714FDF9
:104EB0002060FFF7E5FF20B14FF442712D20FBF792
:104EC00061FFE36913B940F20B31F7E710BD00BF92
:104ED000F0230020014B024ADA617047F0230020E2
:104EE000A4510100034B044A1A60044B044A1A609F
:104EF000704700BF802900208949010084290020D3
:104F000089C40100F8B5057D0446AF1EFFB2002D2F
:104F10003AD0012F2DD800F1500190F84F0006F043
:104F20003AFA0828064624D0FDF706FF10BB023DDA
:104F300018BF0125012F84F84850A6758CBF0027A3
:104F400001276775FDF7BCFF054607F041FF00220A
:104F5000144B84F85620E5FB0301C4E91001114607
:104F60002046FFF7BDFB70B940F2A3412D20FBF7AF
:104F700009FF0826022D09D104F149010020FDF79F
:104F80006BFD60B90020F8BD0826F5E704F1490182
:104F90000120FDF761FD0028F4D00125CAE70025B6
:104FA000C8E700BF40420F00F0B5444E85B004464C
:104FB000327902F0FF0312B90278FF2A04D140F6D9
:104FC000DD112D20FBF7DEFEB36080F869303C4B2D
:104FD000684604F1200500933A4B01933A4B029343
:104FE000F3695B68039301F0FBFC01F027FB01F020
:104FF00073FD01F06FF8354801F080FB344801F093
:10500000E9FC284607F0B3FC284607F0B5FC01F0A0
:105010007FFB2179252001F0E5FA94F9120001F0D7
:1050200067FB04F12C01A06A05F0D8FA074604F1E9
:105030003401A06A05F0F9FA0546DFB1237FCBB150
:10504000B4F92650ED43ED0F637D13B963885B0718
:1050500009D56FF00043D4E910129A4208BFB1F1AC
:10506000FF3F0DD19DB930680330FDF747FF307425
:1050700005B0F0BD002DE7D0657F002DE0D1E3E75E
:1050800007F0A6FED4E9102390429941EAD3012209
:1050900029462046FFF724FB50B1FDF711FF0546D6
:1050A00007F096FE0B4BE5FB0301C4E91001DAE7BC
:1050B000002DD8D040F61C2183E700BFF02300204C
:1050C000314E0100BD47010059480100D6BE898E0E
:1050D0005555550040420F0073B50446FFF764FF75
:1050E00000212046FFF7CAFD236E0BB101221A6092
:1050F0006388DB0724D50023124EA569CDE9003370
:10510000FF2373746846FCF79FF9C8B9009CA54259
:10511000F8D005F1B40395F8B32004F1B40194F884
:10512000B30006F0FEF80028ECD094F8AC30B4F8E8
:10513000B1207374D4F8AD30C6F81230024B9A80A7
:1051400002B070BDF023002002240020024B9861C1
:10515000DB691B68184700BFF023002043881B074A
:1051600010B504460FD583693C2209496A30427262
:10517000B3F8AA304381FF2380F827304FF6FF733E
:10518000038506F0DEFBFF2384F8693010BD00BF05
:1051900039C6010085C60100D94D01008BC601004A
:1051A000A14B0100D950010099470100214E010097
:1051B0009451010098510100A051010001380228CA
:1051C00008B503D9C4212F20FBF7DCFD13290A4BB6
:1051D00005D811290CD8102907D0D221F3E71529B9
:1051E000FBD103EB4003D88801E033F8100008BD81
:1051F00003EB40039889FAE77C8A0400294A38B512
:105200000346948810681C43402B948004D10421E9
:10521000BDE83840FFF7C6B9802B01D10521F7E77B
:1052200003F00304032C04D140F6B2313120FBF724
:10523000A9FDDD0706D50C6891602478062C0FD0F7
:105240000B2C17D09C0706D509680978052911731E
:1052500019D00B2921D09B0644BF0823537338BDB6
:10526000C47B1B2CEED100240025C0E91C45012481
:10527000C474E7E7C47B112C01BF0024C47401246B
:1052800080F85640DEE7C17B1729E4D100240025D1
:105290000121C0E91E450175DDE7C17B1029DAD186
:1052A0000021F8E7102400200C4A0346517B89B9FD
:1052B00010683BB9B0F80411B0F8E820914209D861
:1052C000FFF762B993881B0706D5007C073818BF23
:1052D00001207047002070470120704710240020F3
:1052E00073B5044600680D46036813F0300F49D1CA
:1052F000B1F805101A2904D9B5F80730B3F5A47F21
:1053000006D22978204602B0BDE8704006F0A3BC62
:10531000B5F801201A2AF4D9B5F80360B6F5A47FD0
:10532000EFD3DC30009606F09CFB174B9A8892076F
:105330000DD51B7B142B0AD12268136843F0100390
:105340001360204606F05EFC002002B070BD2368AA
:105350009A7B202AF0D093F82331002BECD12368DC
:1053600093F82231002BE7D123681A6803F1DC019E
:10537000B3F8AA0042F020021A6003F5A472FEF707
:10538000CBF8DEE70120E0E7102400202DE9F84308
:10539000614C0646256800287ED1A3881A0725D5CA
:1053A00095F89E30FE2B04D140F2FB513120FBF7E3
:1053B000E9FCFE2385F89E30EB7B1D2B05D185F89B
:1053C0005500204606F028FCEE73AB7B232B06D15C
:1053D000EB7B233B072B94BF2A232423AB732B7C2B
:1053E000072B02BF0223A37385F89E30A388DB0737
:1053F00017D4A3885F0776D499077DD5207B012237
:1054000023680D2883F89F2073D011287ED00728A9
:105410007ED0FEF721FA034600286BD140F2EE5110
:10542000C4E7D4F80080A16898F80F30D1F8009054
:10543000103B99F800700F2B09D8BB1EDBB2092B6B
:1054400068D840F2333222FA03F3D80762D50979DB
:105450003846FDF757FE20B939462F4806F0FBFBCA
:1054600039E0012F01D9162F21D198F80E0006F04E
:10547000E2FB40B198F80E30232B04D0242B07D147
:105480002A2388F80E303846FEF7DCF903461BE085
:10549000162F14BF02262026637B1B0704D5EB7B47
:1054A000103B0F2B98BF08263046BDE8F883112F1C
:1054B00015D005D8072F14D00D2FE4D1174B05E0D8
:1054C000142FE0D1164B1B68002BC5D0A2684946AB
:1054D00011481279984700288BD00646DCE7114B1B
:1054E000F4E7114BF2E72A7C062A04BF0122A273DB
:1054F00082E70E4B08489847A388DA06CCD5236884
:10550000DA7B092AC8D10A22DA73C5E7084BF1E72A
:10551000084BEFE70826BFE7102400206DCB010001
:1055200088290020B1CB0100BD55010097CA0100B8
:10553000E3CA01000DCB01002DE9F041A0F10E04FA
:105540000B1E1646E4B208BF1F23172C0AD80125EC
:1055500040F25121A5400D4207D115F460051FD13D
:10556000082C07D00020BDE8F0810021BDE8F04103
:1055700007F045BA1468A17B242906D119463046A4
:10558000FDF7E6F984F82C5105E02A29EAD1E37BFE
:10559000233B072BF3D80023A37384F84E30E1E7B5
:1055A000054A1468002CDDD01A46014623463046D1
:1055B000BDE8F041184700BF8C29002070B54D7838
:1055C0000446A5F10E03DBB2152B0CD8012140F2E5
:1055D000512201FA03F6164207D10268152B927B7D
:1055E0002AD0082B07D0002070BD02462846BDE80F
:1055F000704007F004BA242A01D02A2AF3D12046A9
:1056000006F0F8FA2368DA7B252AECD093F86720B5
:105610001A21204622F0010283F86720226892F8BE
:10562000673023F0080382F86730FDF791F92368AB
:10563000002283F82C21D6E72C2AD4D1024B1B68F8
:10564000002BD0D09847CEE7902900202DE9F041DB
:1056500090F86E7204460D4690F86F627FBB90F82A
:10566000141176BB94F8153184F8141184F81531AF
:10567000FF2384F81631154B04F1A8081B680BB101
:105680004046984794F82C31012B01D03E4303D07B
:10569000237B43F001032373404606F0E9F918B178
:1056A000237B43F00203237306212046FEF77AFF93
:1056B000002384F82C3135B1A373BDE8F08139465D
:1056C000CFE73346D0E7E573F7E700BF9429002022
:1056D00073B5504D002604462860AE806E73AE73DD
:1056E000FF2380F85030B0F8B231002B00F08B80EF
:1056F00090F89E30FE2B40F0868090F82031002BF1
:1057000000F08180037C063B012B7CD990F821318D
:105710000221A0F84860012280F8A03007F0C8F903
:105720000221284684F8BA61FDF7E0FFB4F8B6110B
:105730002046B4F8DA300139B4F8B82189B2B1FBA7
:10574000F3F31344A4F8B831B4F840300B44A4F890
:105750004030B4F8463001330B44A4F84630B4F876
:10576000443001330B44A4F8443007F0EEF910B193
:10577000636B0B446363B4F8B2310026012B9CBF0A
:105780000133A4F8B23109B184F8BE61E37B84F837
:10579000BA61093B012B0FD8E388B4F86C229B1A3D
:1057A000190409D404F26E2104F1160005F0FDFE7F
:1057B000E673FF2384F84F30B4F8B62104F1A80152
:1057C000204605F039FFE37B134A103B13490F2BAA
:1057D0008CBF002301230093114B2868FCF79EFB2C
:1057E0002C68237BDA0703D500210A48FDF7B0F8BF
:1057F000237B9B0703D504F23F10FDF787FE0023B0
:10580000237302B070BD94F89E10FE298ED001481B
:105810008AE700BF10240020A9520100FD510100B9
:10582000255801002DE9F047B24F0E468046B98851
:105830003C688D05204655BFB4F840200023013256
:10584000A4F840304CBF84F8BE31A4F8402007F0E3
:105850007CF938B10B4604F59B7204F1A80120468F
:10586000FEF7B0F9BB8803F4C06323B1A37C002B1F
:1058700045D0032B49D0A27CBB88012A03D118054F
:1058800044BF0222A274B8F1000F40F08F80590685
:1058900057BFB4F8D8214246013292B2A4F8D821B9
:1058A00003F00A020A2A0CD13A7B022A09D123F01A
:1058B00008033046BB80FFF769FD30430823C6B2BA
:1058C000BB803046FFF762FD3D68304395F89E305F
:1058D000C6B2FE2B3BD1D6BB2B7C063B012B36D967
:1058E00095F82031ABB195F8213101220221A5F8BC
:1058F000486085F8A030284607F0DAF827E0012153
:10590000A1742046FEF74EFEB5E702230121A374E1
:10591000F7E795F80FA0AAF10F0A5FFA8AFABAF131
:10592000100F40F2E9802B68DA0702D532460921D0
:10593000E1E7980740F18D8032460C21284607F0B8
:10594000B7F895F8573043F0010385F85730B4F8AD
:10595000B83194F8BB510133A4F8B831002D00F0F0
:10596000FB81FCF797FB10B10023A4F8B831A17CB0
:10597000012940F22982237C072B40F00582B4F8EC
:105980004030022B40F22082B4F842500135ADB2D3
:10599000E3882B44A4F8B03194F8BC31002B00F01C
:1059A00017820123E2881344A4F8B431BB883D6810
:1059B0005B0657BFB5F8C4310023B5F8B6219B1874
:1059C00058BF9BB2A5F8C43195F820311BB92B7C88
:1059D000063B012B06D8B5F84830B5F8B62113447C
:1059E000A5F8483095F84E1031B1B5F84A30B5F801
:1059F000B6211344A5F84A3095F95420002AC1BFB6
:105A0000B5F85230B5F8B6011B18A5F8523095F824
:105A1000313063B9B8F1000F40F06482BB7B022BD8
:105A200040F01C8295F8A030062B18BF162395F87D
:105A3000302022B92F4885F83130FDF717FF28466E
:105A400007F0E3F8002384F85030BDE8F047FCF796
:105A5000D5BF590702D5324613214CE71A0706D5A0
:105A600095F89830324685F8A030072143E713F0C7
:105A7000300F3AD095F82331002B5BD195F82231C5
:105A8000D3B1EB7B05F1A80005F5917105F26E220B
:105A9000282B28D0AB7BA3F1280CDCF1000343EBCF
:105AA0000C0305F0D0FF2B6823F0200343F0100314
:105AB0002B60002385F822312B68DA063AD505F1F0
:105AC000A80005F0D5FF18B105F23F10FDF71EFD47
:105AD000B5F8FE3000221521A5F8A030B5F8023146
:105AE000A5F8A23007E70123DBE75B0622D50022F9
:105AF000242100E710240020D7F8009099F80F30F7
:105B0000172B2DD011D8102B1DD0152B1FD0AB7BF0
:105B1000002B63D1EB7B0F3B102B67D995F83E3000
:105B2000002B63D001221221E5E61F2BEFD1324674
:105B300006210AE03868C37B252B3FD0342BE6D101
:105B400000221121D8E632460B214846D4E64846C9
:105B5000FDF700FF00283FF4FAAE00220421F4E72D
:105B600099F86832012B07D132460521484606F0E4
:105B70009FFF89F86862EAE699F86832022BD9B289
:105B80007FF4E5AE99F8563053B10623324689F8D2
:105B9000A030484606F08CFF002389F86832EAE717
:105BA0003B6840F20632A3F89A20324699F86630F4
:105BB00013F0040F0CBF0D211121EAE790F82C31EE
:105BC000022B02D10022172196E690F82C31012BEE
:105BD0009DD190F82D31002BF4D098E7082B05D1FA
:105BE00095F89930012285F8A0303EE7BAF1100F00
:105BF0007FF6ADAE3D6895F80E90B9F1000F7FF4D9
:105C0000A6AE95F833313BB101220E21284606F0AD
:105C10004FFF85F83391AEE795F8323183B195F8AF
:105C2000579019F0030A0BD149F0010901220C2108
:105C3000284606F03DFF85F8579085F832A19AE78F
:105C400095F822313BB395F8233123BBEB7B05F16B
:105C5000A80005F5917105F26E22282B19D0AB7BB7
:105C6000A3F1280CDCF1000343EB0C0305F0EBFE81
:105C7000002385F8223101221421284606F018FF5E
:105C8000B5F8FE30A5F8A030B5F80231A5F8A2307D
:105C90005DE60123EAE795F82C31012B3FD195F819
:105CA0002D31002B3BD1EA7BA2F12303072B36D900
:105CB00095F81401012806D0022804D04FF43F7152
:105CC0000620FBF75FF895F81511012901D002298C
:105CD000F4D1022895F82E310BD0012B14BF0023EC
:105CE000012343B9093A042A7FF631AE0122162175
:105CF00001E6022BF2E7022995F82F310DD0012B96
:105D000014BF00230123002BECD000217848FCF7BE
:105D10001FFE002385F82C3119E6022BF0E795F8D9
:105D200035314BB195F82D3133B9EB7B233B072B44
:105D300002D901222321DEE595F83431012B05D16A
:105D4000002385F8343101222521D4E595F834313A
:105D5000022B7FF4FCADF3E7FCF796F908B1A4F849
:105D6000B851FCF79FF900283FF401AE94F8BE311A
:105D70000133DBB2022B84F8BE3182BF0023A4F8CA
:105D8000B83184F8BE31F2E594F83E3013B1A37B0C
:105D90000E2B19D1B4F840202046B4F84630B4F8A0
:105DA00042509A42A5F103052CBFAD1AED1A06F038
:105DB000CCFE58B1A36B626B033B9B1A9D42A8BFFC
:105DC0001D46012D3FF7E3AD0125E1E52B46F5E743
:105DD000012D7FF6E6ADE37B13B10A2B7FF4E1AD35
:105DE000A37B002B7FF4DDAD237C002B7FF4D9ADAA
:105DF00002297FF4D6AD94F8BE31002B7FF4D1ADEB
:105E0000D4F8BC00B4F8DA9004F03AFA00283FF471
:105E1000C8AD94F89E30FE2B7FF4C3ADB4F8B23118
:105E2000012B7FF6BEADB4F8B821B4F8CC309A425D
:105E3000BFF4B7AD013D9B1AADB29BB2B5FBF9F50E
:105E40009D4228BF1D4605FB09F3003D03F10103F8
:105E500018BF01259BB284F8BA51A3E5012B08D1E4
:105E60006B7C002B7FF4E3AD00212846FEF79AFB04
:105E7000E8E55EB1F00633D4310733D4B20633D44B
:105E8000B30733D140F61E3131201AE739B1B5F8E6
:105E90004A10B5F84C30994201D32223C7E5002AB5
:105EA00005DDB5F85220B5F84C309A42F5D2B5F878
:105EB0004820B5F842309A4209D2AA7CB5F8403061
:105EC00052B1B5F842209A42CED80823AFE595F8F2
:105ED0002031002BE1D1F0E7052BC5D93E23A6E503
:105EE0001E23A4E53D23A2E52323A0E52A239EE566
:105EF00010240020D0F87432D0F8C420934213B597
:105F00000446019005D1D0F87812D0F8CC20914207
:105F100016D0B4F8AA2004F27D101049A4F8872105
:105F200040F2E242B3FBF2F3A4F88931B4F87832DC
:105F3000A4F88B31B4F87A32A4F88D3105F00AFD5B
:105F4000B4F87A2201A8D4F87412FDF7ADF8002352
:105F5000E3730323A37402B010BD00BF51BD010061
:105F600008B5FDF797FB024B024A1A6008BD00BF57
:105F700088290020E1520100074B93F900301844B2
:105F8000142804DC10F17F0F03DB40B270471420AB
:105F900070476FF07E007047212400207F2307B5F3
:105FA0000DF107008DF8073000F0A4FD03469DF9C0
:105FB000070053B1094B5B785B425BB2184414286D
:105FC00006DC10F17F0F05DB40B203B05DF804FB87
:105FD0001420FAE76FF07E00F7E700BF21240020CD
:105FE000024B00221A705A70704700BF2124002013
:105FF000064BD3F8000138B1D3F8040120B1D3F82F
:106000000801B0FA80F04009704700BF00600450FA
:10601000034B00221A705A7010229A70704700BF0A
:1060200024240020F8B50646022014460D4600F050
:10603000CBF8114B114A01275C60191D9A6002F1DF
:10604000807203342D011F70DC601D83C3E90426B8
:106050000022243303F80A2C0D2203F8092C084AE5
:10606000C2F83015074903C983E80300C2F8087570
:10607000C2F83835F8BD00BF242400200300000B0F
:1060800000600450908A040008B5022000F09CF8DB
:106090000D4B01221A7000220C4BC3F80021C3F8EB
:1060A0000421C3F808210A4AC3F8802003F5743399
:1060B000C3F88C20A3F58023C3F88C21A3F580536B
:1060C0000822C3F8042508BD2424002000600450E1
:1060D00003000080154A08B51378FBB1002314496A
:1060E000C1F8803001F57431C1F88C30A1F5802100
:1060F000C1F88C3108210F4BC3F80815FFF778FF62
:1061000088B101235370938EFF2B03D9BC213B2010
:10611000FAF738FEDBB29370002313700020BDE85D
:10612000084000F051B810235070F4E724240020F8
:106130000060045000200450094B1A7862B1094BEA
:10614000D3F8002152B1D3F8040140B1D3F80801CB
:10615000B0FA80F0400970475878704702207047C5
:106160002424002000600450064A08B513782BB19F
:10617000FFF73EFF20B192F8340008BD9078FCE7AD
:106180001020FAE72424002038B5084C0025D4F864
:106190000035032B04BF01236360C4F80055C4F825
:1061A000005500F0A1FFC4F8805038BD00600450D5
:1061B000044B4022C3F88820BFF34F8FBFF36F8F8B
:1061C000FFF7E2BF00E100E010B50446FFF7DCFF97
:1061D000012C06D0022C09D03CB18C213D20FAF7CD
:1061E000D1FD074B0222C3F8002510BD044B03224A
:1061F000C3F8002502F10042C3F88020F5E700BF94
:1062000000600450024BD3F8A00300F00100704777
:1062100000C0FF00084BD3F8A423D3F8A833511CC7
:106220009BB203D14FF6FF718B4203D00260838093
:10623000012070470020704700C0FF000B4B30B5B5
:10624000D3F89053D3F89443D3F89813D3F89C23FE
:1062500005EA04030B401340013317BF056000201B
:10626000446081601CBFC260012030BD00C0FF00DF
:106270000B4B30B5D3F88053D3F88443D3F888134D
:10628000D3F88C2305EA04030B401340013317BFF6
:1062900005600020446081601CBFC260012030BDE9
:1062A00000C0FF00064B0022C3F80022C3F81822EA
:1062B000C3F82022C3F80C22C3F81422704700BF91
:1062C00000A0085070B5134D034608466E7F26B9EE
:1062D00040F6C1013E20FAF755FD63B9012EAC69C5
:1062E000297F05D100F074FD20442B69C01A70BDD0
:1062F00006F0FCFCF8E7012B09D1012EAC69297FDF
:1063000002D100F055FDEFE706F0FBFCECE70020C2
:10631000EBE700BF602400200B4B93F8290088B105
:1063200093F828307BB1094BD3F8002442F00102E6
:10633000C3F80024D3F8200500F0F600023818BF97
:1063400001207047012070476024002000A0085001
:1063500008B50128084B1871084B06D0022808D050
:1063600040F645513E20FAF70DFD0322C3F8002503
:1063700008BD0422FAE700BF6024002000A00850F6
:1063800008B570B9104B28311846D9600F4900F094
:106390004DFF0130012816D940F2C2613E20FAF7C4
:1063A000F1FC01280CD1084B29311846D960074966
:1063B00000F042FF0130012805D940F2CC61EDE741
:1063C0004FF4DA61EAE708BD88000020988A0400EB
:1063D00008B50C4B5B78012B09D100F033FF01307D
:1063E00001280ED940F611113E20FAF7CBFC022B02
:1063F00007D100F02DFF0130012802D940F6171116
:10640000F2E708BD602400200A4B40F409000A4A64
:106410001B8940F04000B3F5166F36BFA3F6381362
:10642000A3F5166343F48073C2F80837C2F8400539
:10643000704700BF6024002000A0085073B50C46D0
:106440000546134EFFF784FF20462146FFF7DCFF89
:1064500001AB96F90520284600F084FE9DF8050062
:1064600000F0FCFE20B140F2E3513E20FAF78AFC36
:1064700031469DF9040000F037FC064B40F2031250
:10648000C3F8442E40F25B62C3F8482E02B070BDE0
:106490006024002000A008502DE9F04106460C467B
:1064A000174606F0A1FC0028FBD02F4D4EBB012360
:1064B0006B7095F828301BB9A9793846FFF7BEFFF5
:1064C0002A4B4FF47A7253F8273003F5FA73B3FB73
:1064D000F2F3274AE41A274BC3F800212969012760
:1064E000234B214485F82870234DC5F84015C5F885
:1064F000C031FFF711FF044660BB00242046BDE811
:10650000F081012E21D102236B7095F82830B3B9A8
:1065100095F806803846FFF71BFF4046FFF774FFEB
:10652000144BD3F8002442F01002C3F8002440F2C8
:106530000312C3F8442E40F25B62C3F8482E0D4BA1
:10654000293C0B4AC3F80421C8E740F634013E2039
:10655000FAF718FCEF64D5F84C358B42CDDA3046AB
:10656000FFF70EFFCAE700BF602400200C8B040079
:106570000B00008000A0085000500850402200216D
:10658000014807F041B800BF60240020024B0344DB
:10659000187D00F516607047988A0400024B9869D0
:1065A0001B69C01A704700BF602400200A4B1A7F85
:1065B000D3E90430C01A094B03EB8203DB6BC01A2A
:1065C000074B53F822304FF47A7203F2F313B3FB04
:1065D000F2F3C01A704700BF60240020988A0400BC
:1065E000008B0400FF2808B504D940F2CB213E20DF
:1065F000FAF7C8FB012904D0022919D04FF44F71D2
:10660000F5E7002343F4801340F000700A4A43F496
:10661000847340F44030C2F8203EC2F8280ED2F80D
:10662000203503F0F703032B05D140F25631DEE7A6
:106630004FF08073E6E708BD00A00850F8B5234E80
:106640004FF48067C6F89070BFF34F8FBFF36F8F22
:1066500006F0C4FB04461E4D06F066FC0121001B3B
:106660001C4C2861C4F8A410FFF71CFE4FF4002353
:10667000C4F8401EC4F80034174B187C00F000FE2C
:1066800003F0E6F8154B164AC4F83833154BC3F837
:10669000C820013AC3F8C42040F6FE72124BC4F879
:1066A0001433124BC3F804250023AB832B85AB6155
:1066B0004FF48073C6F89071C4F888342B6C37613E
:1066C00003B19847BDE8F84000F0A4BD00E100E048
:1066D0006024002000A008508800002003000080F3
:1066E0000600008000500850010000800020085083
:1066F000014B5871704700BF60240020020E034B0D
:106700000002C3F8342EC3F82C0E704700A00850C6
:10671000044B054A034490711B7D03F516631381F6
:10672000704700BF988A040060240020F8B5334CFD
:1067300006460F4694F8293023B940F206713E20F0
:10674000FAF720FB01232E4A84F82830D2F80034CF
:1067500043F00103C2F8003406F046FB0028FBD0EA
:106760002EBB0123A17938466370FFF767FE63787B
:10677000012B02D04FF4E961E1E7224AD36402F52C
:10678000A04213601F4B3046D3F84C552946FFF703
:10679000F7FD2369ED1A76BB1B4B4FF47A7253F861
:1067A000273003F5FA73B3FBF2F35819F8BD012E45
:1067B000E8D10223A57938466370FFF7C9FD284662
:1067C000FFF722FE0E4BD3F8002442F01002C3F86C
:1067D000002440F20312C3F8442E40F25B62C3F877
:1067E000482E6278022A02D040F25171A7E7054A8A
:1067F000D6645E60C6E705F12900D7E76024002073
:1068000000A00850005008500C8B040008B5FFF79A
:1068100043FE58B9064B0122C3F8400503F5A043D7
:1068200002201A61BDE80840FCF72ABE08BD00BF7F
:106830000050085037B5254B4FF48061244A4FF083
:10684000FF30D3F88844C3F89004C2F890114FF495
:106850000022204904F48074C3F8002400221E4D55
:106860002A85C1F84025C3F80821C3F80021C3F8E0
:106870000421D3F82015C9B2D1B18DF80700C3F8AF
:10688000202201221A619DF8072012B1D3F820229C
:106890003AB19DF807305BB940F6FF013E20FAF7A8
:1068A00071FA9DF80720013AD2B28DF80720EAE785
:1068B000FFF78EFD0022054BC3F820222A801CB171
:1068C0004FF48072C3F8882403B030BD00A0085094
:1068D00000E100E0005008506024002070B5002462
:1068E000254D264EC5F84845C5F84445C5F84045F0
:1068F000C5F84C45FFF79EFF00F092FCC5F8C44177
:10690000C6F80841C6F80041C6F80441C5F8C840B9
:10691000C5F8C440C6F80441C6F8004102F0B0FF13
:10692000174B40F6FE72C6F83843C6F81443C5F854
:10693000C041C3F808254FF48062124BDC70C3E9F4
:106940000544114BC5F84845C5F84445C5F84045D0
:10695000C5F84C45C5F84841C5F84441C5F8404123
:10696000C5F84C41C3F89020BFF34F8FBFF36F8F32
:10697000C3F8902170BD00BF0050085000A008501F
:10698000002008506024002000E100E070B5104DA8
:1069900006462C781CB96C70EC702C8570BD18B153
:1069A000BDE87040FFF746BF013CAA784FF0960162
:1069B00018BF01242046FFF785FCAA7801462E80E7
:1069C000204685F82860BDE87040FFF71FBF00BF74
:1069D00060240020014BC3F84C0E704700A0085003
:1069E00010B50FC8014C84E80F0010BDA42400208E
:1069F0000A490B4B10B50124C1F8D00E586283F838
:106A00002940FFF789FC40B9064BC3F84005032035
:106A10000C61BDE81040FCF733BD10BD00A008506C
:106A20006024002000500850144A136918449369E8
:106A3000834210B5124C09D30220FCF721FD00233C
:106A40000122C4F840350F4B1A6110BD0123D370E9
:106A50006364D4F844250532824206D3094AD2F849
:106A60000C120029F1D11361EFE70023C4F844317F
:106A7000054BC4F84405C4F8C431E6E7602400209F
:106A80000050085000A008500900008010B50B4CC1
:106A90000346607F217F012822794FF0960009D1BB
:106AA00000F0A4F9A36922699B1ABDE810401844BC
:106AB000FFF7BABF00F0B4F9F4E700BF602400208C
:106AC000044BC3F8940ED3F8002442F04002C3F8FC
:106AD0000024704700A00850054BD3F8002422F092
:106AE0004002C3F800240022C3F8942E704700BF70
:106AF00000A00850044BD3F8183703F07F035B4223
:106B000003700120704700BF00A008500028034B0D
:106B100014BF0222012299701A707047602400206D
:106B2000054B0022C3F84025044AD2F82035DBB2D9
:106B30000BB10123136170470050085000A00850AA
:106B4000044B30B5D3E90C459B6BC0E900450B60A5
:106B500030BD00BF602400202DE9F0473D4C4FF0D0
:106B600001083D4E06F034F90025C4E90C01C6F8D1
:106B70004C80D6F84C35A363FFF72AFC374BC3F89B
:106B80000851C3F80051C3F80451C3F80451C3F8C5
:106B90000051D3F8002422F01D02C3F80024D6F8D7
:106BA000482584F82950A261D6F8442562616278AC
:106BB0006277D3F81892D3F82002FFF773FB677857
:106BC000022F2BD1E3784BB1D6F8443133B1404694
:106BD000FFF7DCFE636CBDE8F0471847B9F1000F22
:106BE00016D0237900202377FFF7D0FE1B4B00211E
:106BF000D3F80C2ED2074CBFD3F81C0E0120A36C87
:106C000048BF00F0010080F00100BDE8F0471847E0
:106C1000E8B10120FFF7BAFE236DDCE7012F13D1A5
:106C200023792377B9F1000F06D02846FFF7AEFE8F
:106C3000E36C39462846E8E748B13846FFF7A6FE38
:106C4000E36C49464846E0E708B14046E2E7BDE864
:106C5000F08700BF602400200050085000A00850BA
:106C6000024B03EB8003D86B704700BF988A040087
:106C7000024B03EB8003986C704700BF988A0400B6
:106C8000F7B501230D464778014643700446284670
:106C9000164600F04DF94FF47A73124AADF80630FB
:106CA000BDF806309BB243B9BDF806309BB27BB944
:106CB00040F65F513E20FAF765F8D2F80431002B18
:106CC000F2D1BDF80630013B9BB2ADF80630E7E7E4
:106CD000677016B9EB78A370AB707B1E58425841B1
:106CE00003B0F0BD006004502E3008B5362854D8EB
:106CF000DFE800F05053535353534D535353535302
:106D00005353535353534B53535353535853585351
:106D10004953475345534353413F3D3B393735333F
:106D2000312F2D2B29272523215A1C003F231F4AB1
:106D3000C2F8103708BD3323F9E72D23F7E72823DE
:106D4000F5E72323F3E71F23F1E71B23EFE71823DE
:106D5000EDE71523EBE71323E9E71123E7E70F231B
:106D6000E5E70D23E3E70B23E1E70A23DFE7092348
:106D7000DDE70823DBE70723D9E70623D7E7052369
:106D8000D5E70423D3E70323D1E70123CFE74FF46B
:106D90009873CCE74FF48873C9E74FF48E713F20A6
:106DA000F9F7F0FF0223C2E73923C0E700A008503B
:106DB0004FF47A73054A584332F9112000F2E73054
:106DC0001044B0FBF3F00238704700BFF88A0400AB
:106DD0004FF47A73044A00FB033032F91120104457
:106DE000B0FBF3F0704700BFF88A040038B51D46C9
:106DF0000A4B33F9114003EB820305359B681C44B1
:106E00004FF47A7304F6B73403FB00441046B4FB26
:106E1000F3F42544FFF724FF284438BDF88A040022
:106E200070B5064608461546FFF722FF094B03EBEF
:106E300085039C684FF47A7304F6B73403FB064469
:106E4000241A2846B4FBF3F4FFF70AFF0530204468
:106E500070BD00BFF88A0400024B00221A705A70FD
:106E60009A707047B42400202DE9F84306460120AB
:106E70000F4615469846DDF82490FFF7A5F99DF8D2
:106E8000342006F00303264C43EA0263254AC4F883
:106E900004350023C4F88030C2F88430A2F5802283
:106EA000C2F884310222204BC3F80825BDF82830EF
:106EB0001E4A9380FB6893FA83FCBB6818BA7B6810
:106EC00019BA3B68C4F810C51BBAC4F81405C4F855
:106ED0001815290AC4F81C352D069DF8203041EA02
:106EE0000861D9F804702DBA003B21F00041D9F8AF
:106EF00000003FBA18BF0123022E00BAC4F8207563
:106F000041EAC3714FF00103C4F8240509BAC4F87B
:106F10002815C4F82C55537008BF1370BDE8F883CA
:106F2000006004500030085000200450B4240020B9
:106F30002B4B5A782DE9F04704460D4622B94FF401
:106F4000A8716C20F9F71EFF264A03F1080E4F784E
:106F500003F1100603F1380CDFF88C904FF00E08A7
:106F6000DF809F8403F1480A04379D61C3F81C90B9
:106F700083F82780A3F85C7092E80300C3E9144902
:106F80008EE80300D2E9020186E80300E91C00262E
:106F9000196283F82660D2E90401C3E90A668CE825
:106FA0000300611C196411495964D2E90601E21C0D
:106FB0008AE803009A65012183F85E6083F85F80A8
:106FC000C3E91866AA78A270094AC2F830E5C2F887
:106FD00038C599701970C2F804611160BDE8F08776
:106FE000B4240020208B04000100000D0100000CDF
:106FF00000600450334B5A782DE9F04105460E46A7
:1070000022B94FF4BD716C20F9F7BCFE2E4A03F192
:10701000380C03F1480403F10807DFF8B080DFF80B
:10702000B0E0C3F844801E65C3F854E092E8030062
:10703000C3E9085E8CE80300711C1964D2E90801F9
:1070400084E80300F11C0024996522495C6683F8FA
:107050002E40C3E91714D2E9040187E80300691C34
:10706000C3E90418D2E90601EA1C03F118089A6280
:107070009A889A850E2288E8030083F82F20012140
:10708000C3E90C44B278AA70134AC2F830C5C2F8FA
:10709000387599701B780BB9A921B4E70F4BC2F86A
:1070A0000441C2F80841C2F880300D4AC2F8843069
:1070B000A2F58022C2F8843102220A4BC3F80425CB
:1070C000BDE8F081B4240020208B04000100000CF6
:1070D0000100000DE803000E006004500100008074
:1070E00000300850002004500C4B1A788AB100225E
:1070F0000B490220C1F8802001F57431C1F88420C9
:10710000A1F58021C1F88421A1F58051C1F80805BD
:107110001A7000225A709A70704700BFB424002081
:107120000060045008B50B4BD3F8082122B10420AD
:10713000FCF7A6F9022008BDD3F8042122B90520E6
:10714000FCF79EF90320F6E7D3F80004003818BFD7
:107150000120F0E700600450014B01225A607047A3
:10716000006004502DE9F04F264C85B00546984646
:107170000E46174600F0C2F823788146AB4211D183
:107180006378B3420ED194F90230BB420AD1E3785E
:10719000834207D1A388A8F8003094F9060005B00F
:1071A000BDE8F08F012D06D0022D10D040F28941AC
:1071B0000620F9F7E7FD00200DF10F033A463146AE
:1071C00000F0A2F8824620B14621A920F1E7012073
:1071D000F2E730469DF90FB0FFF7D8F9A91E034634
:1071E000CDF800A04A4258464A41414600F03CF8DA
:1071F000B8F80030A071A38025706670A77084F87D
:107200000390CAE79E000020014B1B681B681847CB
:10721000D0000020014B1B685B681847D00000209D
:10722000014B1B689B681847D0000020014B1B686E
:107230001B691847D0000020014B1B685B69184789
:10724000D0000020014B1B689B691847D00000202C
:10725000014B1B68DB691847D0000020014B1B68FD
:107260009B6A1847D000002030B4044C9DF80850A9
:1072700024680295E468A44630BC6047D000002032
:1072800000220D49134610B540FA02F4E40744BF4A
:10729000CA545C1C02F1010248BFE3B2042AF3D1D4
:1072A000054AFF24D118032B01D9107110BD0133F9
:1072B00001F8014BDBB2F6E7A429002043CD010021
:1072C00049CD01004BCD010071CD01004FCD010032
:1072D0007BCD010055CD010085CD01005BCD0100C6
:1072E00091CD010067CD01006BCD01005DCD0100A6
:1072F00063CD010081CD01008BCD0100014B187DD4
:10730000704700BF28250020042810B511D883B18C
:1073100004280CBF10242824A1420AD2064C54F899
:10732000200018B141568A42A8BF0A4600201A70B0
:1073300010BD6FF01500FBE7282500200728034645
:1073400011DC10F12D0F10DB094A101890F82E00F7
:1073500002EBC00292F93C209A4207D0002918BFE4
:107360000130C0B270471B2070470020704700BF3B
:10737000488B0400072808B507DCFFF7DFFF044B44
:1073800003EBC00393F93C0008BD0820FCE700BFF5
:10739000488B0400C0B208B520B9044B01229A60A2
:1073A0001A6008BD4D21B52002F080F800E01050B1
:1073B00010F0FF0008B513D10B4B01225A60DA60C0
:1073C0000A4AC3F800011070D3F8082412F0010231
:1073D00005D1C3F81021C3F81821C3F8142108BD42
:1073E0007C21B52002F062F800E010503D2500201D
:1073F000014B01221A7070473D25002008B540B9A5
:10740000064BD3F8103113B9054B187808BD01208D
:10741000FCE7C121B52002F049F800BF00E01050A0
:107420003D250020024BD3F8080400F0010070470E
:1074300000E01050024BD3F8480400F00100704700
:1074400000E01050024BD3F84004C0B2704700BFB8
:1074500000E0105007490246D1F84C04D1F84C1412
:1074600010F4803005D0D0B201F003031B1A58424B
:107470005841704700E0105038B51A4BD3F80C341F
:10748000DA0304D440F279116D2002F00FF8164AA5
:107490000124164B106A536620F03F009464546434
:1074A000136CDB03FCD4136A116C03F03F03C1F3CC
:1074B0000A01C1F5806181EAE1750B29A5EBE1754F
:1074C00009DD3F2B04D0013303431362172DE6DCA3
:1074D0000023936438BD0B31F8DA002BF8D0013B60
:1074E000F2E700BF00E010500008125001000080D9
:1074F00038B50B4C23781BB100232370FFF7BCFF7A
:10750000EFF3108572B6637803F0FF000BB9FFF755
:107510004FFF05B962B6034B00225A6638BD00BF63
:107520004025002000081250F8B5104E01270446EF
:107530000D463318DF7005F02DFC60B934B90C4BE3
:1075400011227771B560C3F80423F8BD40F225110C
:107550006D2001F0ABFF002DF7D01CB90220A84729
:10756000B460F2E74FF4A071F2E700BF40250020BD
:1075700000E01050044B0022191803EB80034A71FD
:107580009A60CA70704700BF40250020014B1882E6
:10759000704700BF40250020014B588A704700BF4C
:1075A00040250020014B188A704700BF402500206D
:1075B00010B5EFF3108472B6064B03445A780132CB
:1075C000D2B25A705B78012B01D1FFF7E3FE04B908
:1075D00062B610BD4025002038B50346EFF3108594
:1075E00072B612490C18627822B940F267216D20F8
:1075F00001F05CFF6278013AD2B2627062787AB9C7
:107600000A7D82B178B90A4BD3F80C34DB0304D479
:107610004B782BB9FFF7CCFE02E0487D02F0D8F89A
:1076200005B962B638BD1846F4E700BF4025002012
:1076300000E0105010B505F0B0FB0C4C05F0AAFBB3
:1076400060B1A37D3BB90A4B01229A610423E37523
:107650000023237610BD05F0A3FBF9E703230122E5
:10766000E375034BC3F80423F2E700BF4025002075
:1076700000E01050014B01221A62704700E01050E8
:10768000044B587E28B1044BD3F81001B0FA80F0B7
:10769000400970474025002000E0105038B50C4BE1
:1076A0005D7E5DB901245C7605F077FB094B102205
:1076B000C3F81051C3F80423DC6138BDFFF7E0FFC5
:1076C0000028FAD040F2A3216D2001F0EFFE00BFA8
:1076D0004025002000E01050024BD87D003818BF34
:1076E000012070474025002038B5174C237D23B971
:1076F00040F216316D2001F0D9FE01232370A37DE5
:10770000C3B9A37EB3B1227E013B9A4212DA05F0DF
:1077100041FB054601F0F6FFA37E012B82BF237ECD
:107720000133237655B1E369C31A0133022B09D91A
:1077300035B1E061BDE83840FFF77CBF236AF3E76D
:107740002062F7E738BD00BF4025002037B5184C50
:10775000A37D63B9606A00F00300FFF77BFE30B1E0
:10776000EFF3108372B6E27D1AB103B962B603B0CB
:1077700030BD0122E27503B962B608230D4DC5F88C
:1077800008334FF42073ADF80630BDF806309BB2D5
:107790005A1E92B2ADF80620002BF6D1C5F80C3176
:1077A00084F82830FFF746FF0823C5F80433DEE7E6
:1077B0004025002000E010502DE9F74F4E4C237D6E
:1077C000002B00F096800323ADF804304B4BD3F828
:1077D0000051D3F80891D3F8142112B9D3F8182125
:1077E0006AB10026C3F81461C3F81861C3F81061C8
:1077F000637E0BB105F0D4FA667605F02EFC3F4BA4
:10780000D3F81031002B59D0637E1BB105F0C8FAB4
:1078100000236376637913B102238DF80430003DB1
:1078200018BF012545F01005354E0DF1040A334B04
:107830004FF00008F71EC3F808531AF8010B03288D
:107840000AD03B7843B14FF0000B336887F800B0A3
:1078500013B19847C6F800B008F1010304360137A8
:107860004FF00108022BE8D1B9F1000F08D0234BEB
:107870000022C3F808210422C3F80823FFF766FF9B
:1078800094F82860EA071D4BF6B2D3F80C7108D5BE
:10789000E27D032A05D1A27DA2B90422E27501226C
:1078A0009A61C7B1154B0022C3F80C21E37D042B6C
:1078B0000DD040F279316D2001F0F8FD002DD3D0CC
:1078C0000125B1E705F06CFA0223E375E9E702232D
:1078D000E37505F065FA66B1002384F82830E37D8E
:1078E000022B01D1FFF7A6FE03B0BDE8F04F05F073
:1078F00057BA03B0BDE8F08F4025002000E01050DB
:107900004825002010B5054C606A00F00300FFF721
:10791000A1FD0028F8D0002010BD00BF40250020A8
:10792000F8B5054650B10278022A07D8437842B923
:10793000013B1F2B02D88378212B07D96FF015004C
:1079400088E0002BFAD18378002BF7D1634B2022FB
:10795000C3F8A020BFF34F8FBFF36F8F604EC3F803
:10796000A0217D235F4CC6F808330023C6F8003100
:10797000C6F80831C6F80C316370A370AB88638217
:10798000FFF750FD10B10123E3706370D6F80C04CB
:1079900040F2563310F4803023821BD0FFF728FDCD
:1079A000514801F0EBFE4E4E602360750022C6F890
:1079B00004332B78A978012B62766262A375A176D5
:1079C000227620D0022B17D0F3B140F22E516D2039
:1079D00001F06CFDC6F81001FFF7DCFC404AD2F85C
:1079E0001031002BFBD0FFF747FD0020FFF7E0FC34
:1079F0003E4B00225A66D3E705F0CFF9D6F80C3497
:107A0000D903FBD502236362FFF714FD40B3FFF7F0
:107A100019FD636A03F00303984221D1AB79D3B90E
:107A2000FFF770FFA37E63B12B7853B905F0B2F96D
:107A3000054601F067FE6FF00043002D4BD0C4E90E
:107A400007030123202200202375244BE075C3F88F
:107A5000A0211A62F8BD224B0422C3F80423E1E7F7
:107A60001F4B012200215A61C3F8081194F8241019
:107A7000C3F840141A610422C3F80423AA79002A27
:107A8000D0D1D3F80423520702D440F2E1419EE75B
:107A9000174A1769116907F0100741F010011161C9
:107AA000D3F808310BB905F025FD0D4ED6F8083195
:107AB00073B1FFF727FF27B90D4A136923F01003AD
:107AC00013610423C6F808330023C6F80831A9E778
:107AD00005F00EFDEAE7C4E90730B2E700E100E097
:107AE00000E0105040250020F17401000008125001
:107AF00000ED00E038B5174C0023E078237508B995
:107B0000FFF756FCE37D042B0BD1134D0020FFF74C
:107B1000A1FC18B1D5F80C31002BF7D00023C5F823
:107B20000C3100232022E375E37863702379A3707E
:107B30000A4BC3F8A020BFF34F8FBFF36F8FC3F87A
:107B4000A0217D22044BC3F80823607DBDE83840A6
:107B500001F02EBE4025002000E0105000E100E0C2
:107B600038B50C4B0C46197919B183216F2001F0FF
:107B70009DFC60B95D790DB1002038BD01225A71BC
:107B8000FFF716FD21462846FFF7CEFCF4E76FF01D
:107B90001500F2E76C25002038B50B4D04462B7913
:107BA0001BB19A216F2001F081FC50B96B790BB9A0
:107BB000002038BDFFF7DEFC20466C71FFF70CFD9E
:107BC000F6E76FF01500F4E76C25002010B501B35F
:107BD000F0B14FF0FF33104A1C46E0FB01349442F1
:107BE00003D9DB216F2001F061FC1A0DC3F30F10E4
:107BF0000A4B42EA04324FF22444B2FBF4F100EBA8
:107C0000024003FB1100B0FBF4F040EA01400130F8
:107C100010BD0846FCE700BF3F420F00000024F4FF
:107C2000014B9B68184700BF6C250020014BDB68A7
:107C3000184700BF6C250020014B1B69184700BF87
:107C40006C25002008B5064B1B7923B140F2371193
:107C50006F2001F02BFCBDE80840FFF745BD00BFD9
:107C60006C250020034B1A790AB9FFF795BC988D53
:107C7000704700BF6C250020034B1A790AB9FFF743
:107C800091BC988A704700BF6C250020024B1B797D
:107C90000BB9FFF75BBD70476C250020014B9B695A
:107CA000184700BF6C25002038B51D4C237933B32D
:107CB000FFF7C2FF50B91B4DC5F81001FFF7B0FF29
:107CC000D5F81031002BFBD0FFF7B0FF154B602229
:107CD000C3F80423636A9847002806DB94F82E3023
:107CE00023B10123002084F8303038BDFFF7D6FFE0
:107CF0000028F6DA40F28D116F2001F0D7FB0A4B15
:107D0000A3610A4BE3610A4B23620A4BA3600A4B4F
:107D1000E3600A4B2361FFF703FE0028E1D0E4E7AC
:107D20006C25002000E0105005790100ADCD010068
:107D3000D97601009BCD0100A1CD0100A7CD0100A6
:107D400010B50A4C23795BB194F8303053B1A36A73
:107D50009847002806DA4FF4E2716F2001F0A6FB85
:107D6000FFF7C8FE002384F8303010BD6C250020DA
:107D700038B5084B04461D7925B140F2E1116F205A
:107D800001F094FB00F0ECFD2046FFF7FFFB2846D6
:107D900038BD00BF6C25002008B5074800F0CEFDB7
:107DA000054800F019F801F005F901F00FF800F0AE
:107DB000E5F9012008BD00BFA025002008B5054B4E
:107DC0001A781AB12721032001F070FB586019704E
:107DD00008BD00BFA8250020024B986000221A7041
:107DE0005A607047A8250020F7B51E4C2378012B58
:107DF000DAB204D0022A2ED0012003B0F0BD0DF17A
:107E00000701606800F0E4F965686B7DDB071CD54D
:107E1000AB7F042B19D000F025FE0646A8B100F078
:107E200027FE2B69D5E900279A18B36847F10007A8
:107E30000A332CBF012500251B1845EB0105934291
:107E4000BD4102D3606800F0C7FA0023636023706D
:107E50009DF80700D1E70DF10701606800F0C2F955
:107E6000F3E700BFA825002073B505460C4600F0D7
:107E7000F9FD0646AB7F012B1AD021462B4604F1B3
:107E8000180251F8040B914243F8040BF9D1012375
:107E90000DF107012846AB7700F09AF916B10120E1
:107EA00002B070BD034B0421986805F08FFAF6E725
:107EB0000020F5E7A8250020024B0621986805F070
:107EC00085BA00BFA8250020174B1868F0B560B12F
:107ED00050F8102C50E9063418380A3344F10004E5
:107EE0009B18826944F1000402B9F0BD52E90615FD
:107EF000994275EB0406F8D2077D12F8046CB7427C
:107F00000BD00FD90A3152F8103CA2F1180045F1FC
:107F100000055B1845F1000404E09688878BF61B8A
:107F20003604EFD41268DFE7B4250020F8B5244CFE
:107F3000002323716371A371E371EFF3108272B6B2
:107F4000A168E3606160A36002B962B600261D4DBE
:107F5000636803B9F8BD9A79A3F11800032A07D121
:107F60001A6801219E7153F80C3C62609847EFE754
:107F70001B6863B1183B07462A46997F04290ED037
:107F80009B7F032B04D063219F2001F08FFA2A46A8
:107F9000136802211B681360C3688677E6E7B0F8B0
:107FA0001CC0998BA1EB0C010904996944BF07F12E
:107FB000180218460029EBD01F46A1F11803DCE790
:107FC000B4250020B8250020042300F1180283778F
:107FD0000023037643768376C376044B996811B900
:107FE0009A60DA607047D9680A60FAE7B425002021
:107FF0002DE9F041134C06460F460020236833B9A3
:10800000E8B1114BBDE8F041187801F0E1BB53E94C
:10801000061553F8082CD3F80080521845F10005D6
:10802000B242BD4109D22268A3F118001268226051
:10803000FFF7CAFF01204346E1E71C46FBE7BDE826
:10804000F08100BFB4250020D4000020494B1B68FC
:108050002DE9F74F044682838B46D0E9002003B117
:10806000183B94F815C0DFF80CE10CF0010C002B64
:108070003BD0D3E90056AA4270EB060135D3BCF1E0
:10808000000F2CD0277D197D8F4228D399684D1978
:1080900046F1000615F10A0846F1000E424570EB64
:1080A0000E0119D22169891840F1000788457EEB3D
:1080B000070901D241467746A942B7410FD220466F
:1080C000FFF782FF2C4B187801F082FB00238BF81E
:1080D000003003B0BDE8F08F11460746ECE703F12E
:1080E000180E9B690BB1183BC3E7BCF1000F34D0ED
:1080F000A168891840F10009019173B30199D3E98E
:10810000007611F10A0549F10001AF4276EB010159
:1081100023D2257D197D8D4218D39D68ED1946F136
:10812000000615F10A0A46F10008524570EB0801F5
:1081300010D22169891840F100078A4578EB070CB5
:1081400001D251464746A942B741B8D39B6923B1F2
:10815000183BD3E711460746F5E7DEF80020234633
:1081600043F8182FCEF80030FFF7AEFE8442ADD1B1
:108170000123ACE7B4250020D400002010B50B4C3F
:108180002378FF2B04D04FF48D719F2001F08EF9DE
:10819000074801F0F3FA074B002220701A705A705A
:1081A0009A70DA709A60DA601A8210BDD4000020EA
:1081B0002D7F0100B425002010B5044C2078FF2845
:1081C00003D001F0F5FAFF23237010BDD400002086
:1081D000034B1A8A10B4541C1C8210BCFFF736BF24
:1081E000B425002038B504460D46FFF76DFE231A6E
:1081F00004F11801584258412870044805F00CF960
:1082000010B100230120A37738BD00BFB4250020A2
:1082100038B5114B044600F118019A68B2B19A685A
:1082200000209AB191420ED108B1A56905609D6800
:10823000A94204BF12689A60DA68914200D1D860FE
:108240000023A37707E010461268EAE7034805F029
:10825000E3F80028F4D138BDB4250020B82500206B
:108260002DE9F041264E04460D46FFF7C1FE306869
:10827000002843D0A0F1180C50E90631A34271EB5D
:10828000050250F8102C3CBF234629460A322CBF69
:10829000012700279B1841EB07020768604627B9B2
:1082A00000F118037361BDE8F08157E906EC9E45C3
:1082B0007CEB0201F4D290F8148017F8041C884576
:1082C00013D019D9744523462A46A7F1180075EB37
:1082D0000C0157F8101C3CBF734662465B1842F114
:1082E00000020A3342F1000206E0B988B0F81C80AF
:1082F000A1EB08010904E5D43F68D0E70346D1E7C4
:10830000B425002010B5054C6169204605F084F8BD
:1083100018B1606900231838636110BDB4250020CE
:108320009C46144BF0B51D68FDB115F8043C183D92
:10833000834218D812F10A04D5E900364CF1000145
:10834000A34276EB01070BD22F69FF1846F1000616
:10835000A7428E4107D3B4F10A0041F1FF31F0BDCD
:108360001C463146F7E7AD69DEE74FF0FF300146C6
:10837000F5E700BFB425002008B5837F022B1CD190
:10838000437D13F0020302D00023837708BD03224C
:10839000037643768376C3760D4B827700F118021D
:1083A000996839B99A60DA600A4B1878BDE80840D4
:1083B00001F00EBAD9680A60F5E7837F012BE5D09A
:1083C000837F042BE2D04FF4FF719F2001F06EF801
:1083D000B4250020D400002010B500F11801044697
:1083E000084805F019F820B94FF402719F2001F0F8
:1083F0005DF82046FFF7E8FD034BBDE81040187814
:1084000001F0E6B9B4250020D40000202DE9F74F93
:10841000D0F810E0BEF1000F04D040F227219F20D9
:1084200001F044F8836890F814800193D0E90014B7
:10843000EFF3108972B6274BB3F810C01B686BB10D
:10844000019D183B0A35D3E900264EF1000A6D184C
:1084500044EB0A0A95427AEB060707D2B9F1000FFE
:1084600035D0C0E9001403B0BDE8F08F8A4276EB46
:1084700004070CD31F69BF1846F1000BAF427BEB1A
:108480000A0B34BF0125002575B99B69D7E712F1A6
:108490000A0A9D6846F1000715EB0A0547F1000737
:1084A000A94274EB0707ECE71D7DA84509D0ECD97C
:1084B00012F10A019D6846F10004691844F10004B4
:1084C000E3E79D8BA5EB0C052D04DED5F0E762B646
:1084D000C7E700BFB4250020024B0521186804F04F
:1084E00075BF00BFD0250020064B586810B520B9D5
:1084F0004FF41B71B02000F0D9FFC3680521BDE81F
:1085000010401847D02500202DE9F84F274C814610
:10851000237BA668A3BB94F80D8018F0010803D054
:10852000E3899E4238BF1E4600F082FD10EB060B29
:1085300005460F4641F1000A58465146FFF790FEA6
:1085400008B3D0E900329B457AEB020104D29D1BAF
:108550009B46924662F100070023154A2846394699
:108560002362C4E904BAC4E9065700F035FDB8F146
:10857000000F02D0E3899E4216D002230D4A0DE07F
:108580004FF00008D0E7237B2BB1637B9B0702D51C
:10859000636A012098470023074A237384F8283030
:1085A000C9F80020BDE8F88F0123E7E7D0250020B7
:1085B000D9840100C9860100DFCF01002DE9F04711
:1085C00017463D4C002B67D0E289D3E90065643241
:1085D000864275EB01034FF000033CBF06460D4693
:1085E0002362B6EB000A65EB010952451A4672EBAD
:1085F0000902C4E9046527DA237B3BB1637B9A0750
:1086000002D5636A012098470023237394F80D80F4
:1086100008F00108A36803F5E1739A4579F10001B8
:108620001DDAB8F1000F11D0E089244A301A65F143
:108630000001C4E9060100F0CFFC0623204A84F8BB
:1086400028303A60BDE8F0879846E3E71B4A304699
:108650002946C4E9066500F0BFFC0523EEE7FFF7F5
:10866000E5FAE089A368B8F1000F0BD0984209D968
:10867000301A124A65F10001C4E9060100F0ACFCB1
:108680000123DBE7F01A0D4A65F10001C4E9060198
:1086900000F0A2FC0223D1E7237B2BB1637B9B0775
:1086A00002D5636A0120984700252573FFF7BEFABB
:1086B0002B46044AC3E700BFD0250020D98401001F
:1086C000C9860100DFCF0100023970B505460329D4
:1086D00000F2D480DFE801F006020840694B002276
:1086E00083F82920002024E0664C94F82830042BDD
:1086F00009D8022B28D8013B012B1BD94FF4CD718F
:10870000B02000F0D3FE053B012BF7D8FFF76CFB40
:108710000028E7D000F07CFC00F08AFC06460C46FE
:10872000FFF79EFD2A46034621463046FFF746FFE7
:10873000022070BDFFF758FB0028D3D000F068FC82
:108740002846FFF7E1FEF3E7FFF74EFB0028C9D00C
:10875000012384F82930C5E74A4C94F828301A1FC1
:10876000012A2AD8042B94F829600CD100F090FB40
:1087700048B900200021FFF773FD08B1FFF72CFE78
:10878000FFF754FADCE7002EC6D1FFF7BBFD002847
:10879000C2D06060C4E90B6600F04AFB6068022347
:1087A00031468377C3689847D4E9040104F015FC87
:1087B000354B84F828602B60BAE700F039FCA369D8
:1087C000C01A236A9842ACBF2062236294F8283012
:1087D000022B19D1FFF724FA94F82830022BD4E9A0
:1087E00004012CD1637BDB071BD5237BCBB9E38949
:1087F000264AC01A61F10001C4E9060100F0ECFB51
:10880000032384F828306DE7637BDA0701D5207BEA
:1088100010B140F2B31173E7636A984701232373E1
:10882000DAE73238236A194A41F1FF31C01841EBC7
:10883000E371C4E9060100F0CFFB0423E1E7012B5B
:108840000AD1A368114AC01A61F10001C4E9060106
:1088500000F0C2FB0223D4E7236A32380B4A41F10D
:10886000FF31181841EBE371C4E9060100F0B4FBD5
:1088700094F82830062BE0D10523C2E740F2F1112D
:108880003EE700BFD025002091880100D984010077
:1088900002392DE9F041064604292ED8DFE801F01F
:1088A00003090B2D0E00174A537B003B18BF012311
:1088B000137300201FE0FFF797FAFAE7DFF8448010
:1088C00000F0C6FA00F0B4FB0C460546FFF7C8FC02
:1088D0000746D8F80400FFF74FFD00230022284682
:1088E000C8F8043000232146C8E904233B46324639
:1088F000FFF764FE0220BDE8F08140F21721B020AE
:1089000000F0D4FDD025002010B5EFF3108472B62E
:10891000084B1A681168084A914208D193F8283028
:10892000033B012B03D8FFF781F900F071FB04B979
:1089300062B610BDD0250020C9860100064A00237A
:1089400010B5064C0260206084F828306373FFF78E
:1089500093F93230A06010BDDFCF0100D025002098
:1089600008B5074B1A681168064A914204D040F2D4
:108970005121B02000F09AFD3230986008BD00BF50
:10898000D0250020DFCF010010B5EFF3108472B6C0
:10899000034B0421186804F019FD04B962B610BD38
:1089A000D025002008B5094B5A6822B940F272213F
:1089B000B02000F07BFDD3E90421BDE80840801819
:1089C000034A41F1000100F007BB00BFD0250020A1
:1089D000E984010008B5064B5B6823B94FF41E71AA
:1089E000B02000F063FDBDE8084000F011BB00BFFF
:1089F000D025002008B5054B5A6822B940F27E21E7
:108A0000B02000F053FDD86208BD00BFD025002083
:108A100008B5054B5A6822B94FF42171B02000F017
:108A200045FD186308BD00BFD0250020054B1B6B1A
:108A300010B523B940F28A21B02000F037FDBDE81F
:108A400010401847D0250020054BDB6A10B523B92C
:108A50004FF42471B02000F029FDBDE81040184704
:108A6000D0250020014B5868704700BFD02500205A
:108A700008B5054B5A6822B940F29B21B02000F09E
:108A800015FDD3E9040108BDD0250020034B587B18
:108A900010F0010018BFD889704700BFD025002012
:108AA0000028ADBF00F1604000F00F00044B00F55E
:108AB0006140B4BF185C90F800034009704700BFE4
:108AC00014ED00E02DE9F04105460E46E1B9114FE5
:108AD0003B681BB18621452000F0E8FC38600E4859
:108AE000FFF788FF0D48FFF793FF04F01DFA6B7D39
:108AF00004465B0708D504F071F90A34241A7C6037
:108B000000F0A8FA0028FBD02B6A3146686ABDE85D
:108B1000F041184708260020418B0100218B0100FD
:108B2000064B1B6810B51BB97221452000F0BEFC36
:108B30001A6A0421586ABDE8104010470826002030
:108B4000064B1B6810B51BB96C21452000F0AEFC2C
:108B50001A6A0321586ABDE8104010470826002011
:108B6000024B00221A601A81704700BF08260020BD
:108B700008B5074B1A681AB9B921452000F096FCD0
:108B80000449D16000221A60BDE80840FFF794B99B
:108B900008260020C58A010030B587B00C4618228F
:108BA00000210546684604F02FFD637A4FF000026D
:108BB0006168C3F38003029183F0010363F38202CF
:108BC000237A8DF81430224B8DF8152003932378E7
:108BD0005BBB9DF81500D4E904324007CDE90032B3
:108BE00007D50A3B01F10A0142F1FF320291CDE9BA
:108BF0000032637A69469DF81520C3F3400322F0E2
:108C000003025B0043F0010313438DF81530114B51
:108C10005868C0F30800B8B11038FFF741FF98B9A1
:108C20002846FFF721F907B030BD2369049304F00B
:108C3000CFF89DF815305B0744BF029B0A33CDE99E
:108C4000000148BF0293D4E7284604F0CFF8EAE7D2
:108C5000C58A010000ED00E008B50A4B1B6823B986
:108C60004FF4EE71452000F021FC5B7D5B0703D4DF
:108C7000BDE8084004F058B904F056F90A3041F153
:108C8000000108BD0826002070B50B7886B023B11E
:108C900040F21F21452000F009FC4C7A4FF00006FD
:108CA0000593C4F380034D6883F00103029563F3D9
:108CB00082060B7A8DF814300F4B8DF8156076070D
:108CC0000393D1E90431CDE9003107D50A3B05F121
:108CD0000A0541F1FF310295CDE900319DF81530CB
:108CE000C4F340046946049264F341038DF81530DF
:108CF00004F07CF806B070BDC58A01007FB504F0B1
:108D000067F8002305930B4B039340F21E23029355
:108D10004FF0FF33CDE90001694607480493FFF7A0
:108D2000A3F818B99B21432000F0C0FB07B05DF801
:108D300004FB00BF618D01004026002010B5074CE8
:108D400094F820304BB9FEF777FF30B9012384F84F
:108D50002030BDE81040FFF7D1BF10BD40260020F5
:108D600008B505292DD8DFE801F0032E282C2C0D9D
:108D700004F01FF8144804F0D9F81E38BDE8084084
:108D800004F028B8FEF758FF38B10F4B002283F8E3
:108D90002020BDE80840FFF78FB804F00CF808B9B0
:108DA00004F007F800214FF4007004F08FF8002859
:108DB000E0D1B921432000F079FBBDE80840FFF77E
:108DC0009DBFC521F6E708BD402600204FF00043B7
:108DD0000B4A0021C2F88030A2F58022C2F880310F
:108DE000012302F57832C2F80435A2F58022C2F8D8
:108DF00004352022034B184683F8201004F004BCED
:108E000000400C50402600200023084AC2F8803061
:108E1000A2F58022C2F88031012302F57832C2F82F
:108E20000835A2F58022C2F80835704700400C5082
:108E300008B515F07DFC054AD2F8583743F0010318
:108E4000C2F85837BDE80840FFF778BF00200E5041
:108E500008B515F07DFC0B4AD2F8583723F0010312
:108E6000C2F858370122084B5A604FF0FF32C3F85E
:108E700008232022054BC3F89021BDE8084000F0EC
:108E8000C7B800BF00200E500050085000E100E0BD
:108E900008B5FEF7D1FEB0B90D4BD3F800314BB990
:108EA0000C4A536A0133312B53620BD96C21432096
:108EB00000F0FCFA03F07FFF08B17021F7E703F040
:108EC00076FF012008BD034B00225A62F9E700BF7C
:108ED00000E010504026002040F20251014808B541
:108EE00000F0DAFAF0C304001848202208B5C0F8F0
:108EF0009020BFF34F8FBFF36F8F154BC0F89021B9
:108F0000D3F8041521F00301C3F80415D3F80815AC
:108F100041F00301C3F8081592FAA2F1B1FA81F108
:108F2000092904DD40F29F310A4800F0B5FAC3F880
:108F3000101501215960D9604FF00041C3F880102D
:108F40004FF0FF31C3F80813026108BD00E100E0F3
:108F500000500850F0C30400134A4FF4E06320218E
:108F6000C2F838330023C2F8AC35C2F8BC35C2F8B9
:108F7000CC35C2F82031C2F82431C2F828310B4A6E
:108F8000C2F89C11C2F89C10BFF34F8FBFF36F8FD4
:108F9000C2F89010BFF34F8FBFF36F8FC2F89011DC
:108FA000034A1360704700BF00200E5000E100E04C
:108FB0006826002008B5FFF7CFFF054B4FF4A062ED
:108FC000C3F834232022034BC3F89C21DA6108BD87
:108FD00000200E5000E100E00B4B10B51C681CB1E6
:108FE0004C21042000F062FAB1F5801F1A6001D311
:108FF000FFF772FF054B0122C3F8A005C3F8A415C3
:10900000C3F8AC2510BD00BF6826002000200E501C
:10901000054A136833B100230449C1F8AC35C1F8DF
:1090200020311360704700BF6826002000200E50DA
:1090300030B54FF0FF30064C6FF04041D4E90023CB
:10904000904271EB0305F9D31046C3F3130130BD11
:1090500040270E5008B5FFF7EBFF044BD3E902237E
:10906000904299412CBF0120002008BD68260020B5
:1090700008B5FFF739FF024B01221A6008BD00BF97
:109080000050085010B5FFF72FFF0F4C0023C4F815
:10909000BC35C4F82431FFF7CBFF0A3041F10001A1
:1090A000B1F5801F01D1FFF717FF4FF00043C4F85F
:1090B000B005C4F8B415C4F8A4310123C4F8BC3514
:1090C000024BC3E9020110BD00200E5068260020AB
:1090D000144BD3F8342312F4A06F10B503D1FB2145
:1090E000042000F0E3F9D3F8202162B100220E49F8
:1090F000C3F8AC25C3F820210B6813B940F2031163
:10910000EEE70A609847074BD3F828214AB10022BE
:10911000C3F8CC25C3F82821034BBDE810401B69D8
:10912000184710BD00200E5068260020034610B3DB
:10913000007888B91A79012A1ED85A79012A1BD8D1
:109140009A680E49643A8A4216D8D8680C4B9842FD
:109150002CBF00200120704701280CD11A79012A68
:1091600009D85A79012A06D8DA680449643A8A4249
:1091700001D89868EAE70020704700BF3C860100EC
:109180000040420F70B5044603F022FE40F2F9663B
:10919000656AD4E90632963342F100025B1905F59F
:1091A000DF6542F10002B5FBF6F55B1942F1000202
:1091B00083428A410ED294F82A30052B03D0B32182
:1091C0006A2000F073F90A21236A94F8580098473E
:1091D000B621F5E7044C236813B1984700232360B8
:1091E000BDE87040FFF7C4BC7C26002070B5044683
:1091F0000D4639B9012380F85930FFF7C3FF022625
:10920000304670BD0E78032E70D801A353F826F0B7
:10921000FF910100219201008B9201004392010015
:109220004868C72801D80026EAE7042103F04EFE6B
:109230000028F8D003F0D0FD6968204603F031FF24
:10924000DEE790F8286006BB4D682846FFF76EFF02
:1092500000284BD02B78D3B9012121702B796A7962
:10926000003B18BF0123002A14BF0422022243F04E
:1092700004032272AA68A5326260EA68637203235B
:10928000226184F82A3084F829102046B5E794F842
:109290002A30052B04D040F293116A2000F006F921
:1092A000267004F130002B796A79003B18BF012346
:1092B000002A14BF0422022243F004032272EA6847
:1092C0006372A532A9686260D4E906325B1842EB8A
:1092D000E1722146C4E90432042384F82A30FFF7FE
:1092E0005BFC0028D1D140F29511D6E7012384F828
:1092F0005930CAE72DE9F8438846074658B300F0CD
:1093000037F84FF0000904465FFA89F6B44203D8F3
:109310006FF00B00BDE8F883304609F1010900F059
:109320002DF890F82A50002DEED1304600F026F8A6
:109330000A490446058580F82A50024680F858609C
:10934000303003F064FE01232762284684F82A3077
:1093500088F80060DEE76FF01500DBE7B1D00100B0
:10936000024B00221A601A71704700BF802600204D
:10937000014B1879704700BF80260020044B1A79F2
:10938000824283BF1B68602202FB003000207047CE
:10939000802600200A4610F0030110B50AD1074CC0
:1093A0002271206008B9002010BD60235A4304F0E8
:1093B0002BF9F8E76FF00D00F6E700BF80260020DC
:1093C000BFF34F8F0549064BCA6802F4E0621343AE
:1093D000CB60BFF34F8F00BFFDE700BF00ED00E0A3
:1093E0000400FA05084B01225A604FF0FF32C3F81F
:1093F00008238022054BC3F88820BFF34F8FBFF3AB
:109400006F8FC3F8882170470070045000E100E0BE
:1094100038B51D4C2378ABB303F0CFFCEFF31085C8
:1094200072B60023636003F0F1FDFEF789FC0121B1
:10943000164B1748C3F8A4104FF48063C0F890305F
:10944000BFF34F8FBFF36F8FC0F89031FFF7CAFFA4
:10945000B4F90830002B0BDB5A0903F01F039940C5
:1094600002F1200340F82310BFF34F8FBFF36F8F3B
:10947000FFF776FF074B0122C3F8082505B962B64E
:109480000023237038BD00BF8826002000A00850AC
:1094900000E100E00020085008B572B6024B5B689E
:1094A00003B19847FFF78CFF882600201FB572B6DE
:1094B000144B5C6894B9FFF783FFB2FBF6F22B46BE
:1094C0005D1C002AF9D1DBB203F110056D4405F8EB
:1094D0000C2C0A2233B901A8A047ECE7024600236E
:1094E0000A26EDE7013BDBB203F110050DEB0506A3
:1094F000B0FBF2F502FB1500303006F80C0C2846E4
:10950000E8E700BF88260020F8B5234F05460C4643
:1095100016463B78002B3CD103F03BFC7E601F4B92
:1095200001263C814FF48062C3F8A4601C4BC3F851
:109530009020BFF34F8FBFF36F8FC3F89021FFF7D9
:1095400051FF184B002D14BF28461846FEF7ACFB00
:109550000546E0B9FFF704FBFEF798FB03F085FE34
:10956000FEF71AFC18B9B8211120FFF79FFF002C55
:109570000BDB04F01F036409A4009E4004F1604467
:1095800004F56144C4F88061266001233B702846DD
:10959000F8BD4FF0FF35FAE78826002000A00850FC
:1095A00000E100E0608C0400074BB3F90830002BA9
:1095B00009DB5A09012103F01F03994002F140031E
:1095C000024A42F8231070478826002000E100E09C
:1095D000014B1878704700BF8826002050B1074B18
:1095E00003F1140253F8041B934240F8041BF9D111
:1095F000002070476FF01500704700BF1EC40400C4
:109600002DE9F84F0746894693469846374CDFF8D0
:10961000E0A0384D2E780136F6B2D5E84F3F013341
:10962000DBB2C5E8403F0028F7D101216160C4F8F2
:109630000001C4F80401EFF3108072B62E4BC5F898
:109640000490AB60C5E905B33B68C4F810357B688E
:10965000C4F81435BB68C4F81835FB68C4F81C3569
:10966000264BC4F830351033C4F83835216000B9C2
:1096700062B6D4F800312BB9D4F8043113B92B7881
:109680009E421CD0B8F1000F09D00A9B3BB1D4F820
:1096900040350A9AC8F80030D4F83C351360D4F845
:1096A0000431002BB5D12978B142B2D1C4F80031D0
:1096B000C4F804310323C4F80833BDE8F88FDAF89E
:1096C0001030DB06D5D503238021C4F804330C4BBE
:1096D000C3F88811D4F80031002BCAD1D4F8043172
:1096E000002BC6D103F004FFC3E700BF0070045095
:1096F00000ED00E0942600201000000B98260020CA
:1097000000E100E01A4B4FF4000270B5C3F8982056
:10971000BFF34F8FBFF36F8F164C0021164DC4F867
:109720000011C3F898212E692B6906F0100643F04A
:1097300010032B610123C4F804332360D4F80031F3
:109740009BB11EB92B6923F010032B610123D4F8C0
:1097500008054FF400026360C4F808330023C4F81E
:109760000031034BC3F8982170BD03F0C1FEE5E75B
:1097700000E100E000700D5000ED00E038B50B494D
:10978000042301EBC302157905F0FF042DB1013B61
:10979000F7D240216920FFF789FE41F8330001210B
:1097A0005471D8B29471117138BD00BFB826002031
:1097B000042808B503D947216920FFF777FE034B3A
:1097C000002203EBC0031A7108BD00BFB8260020B9
:1097D000042808B503D950216920FFF767FE094B1B
:1097E00003EBC0000379012B01D05121F4E7437949
:1097F00082790133DBB29A4218BF4371BDE8084059
:10980000FFF7D2BEB826002038B505240F4D95F8D5
:10981000281005EBC1031A79012A09D158799A79E0
:10982000904205D05A79D2B29A7155F831309847A2
:1098300095F82830013C0133DBB2052B28BF00230B
:1098400014F0FF0485F82830E1D138BDB826002097
:10985000094B0A4AC3F800230132C3F80C23013232
:10986000C3F818230132C3F820230132C3F81C23A4
:109870000132C3F81021704700A008500400008096
:10988000074B0022C3F80023C3F80C23C3F81823A6
:10989000C3F82023C3F81C23C3F81021704700BF6E
:1098A00000A00850844641EA000313F0030359D195
:1098B000403A33D3F0B4F0C9F0C0F0C9F0C0F0C9F9
:1098C000F0C0F0C9F0C0403AF5D2F0BC26E0403A12
:1098D00024D300BF0B6803604B6843608B688360D0
:1098E000CB68C3600B6903614B6943618B6983611A
:1098F000CB69C3610B6A03624B6A43628B6A836202
:10990000CB6AC3620B6B03634B6B43638B6B8363E9
:10991000CB6BC36340304031403ADBD230320BD3A3
:109920000B6803604B6843608B688360CB68C360DF
:1099300010301031103AF3D20C3205D351F8043BF9
:1099400040F8043B043AF9D2043208D0D2071CBFD5
:1099500011F8013B00F8013B01D30B8803806046FE
:10996000704700BF082A13D38B07B0D010F0030351
:10997000ADD0C3F10403D21ADB071CBF11F8013BC1
:1099800000F8013BA3D331F8023B20F8023B9EE7ED
:10999000043AD9D3013A11F8013B00F8013BF9D25E
:1099A0000B7803704B7843708B78837060467047F8
:1099B0004BD6010057D601005BD6010063D60100EB
:1099C00067D6010080EA010C1CF0030F37D110F0BC
:1099D000030C20F0030021F0030150F8042B08BF12
:1099E00051F8043B0ED08CF0030C6FF07F434FEA2C
:1099F000CC0C23FA0CFC51F8043B42EA0C0243EA7B
:109A00000C0300BFA2F1013C9A4201BF2CEA020CF8
:109A10001CF0803F50F8042B51F8043BF2D04FEA81
:109A200002604FEA1222012828BFB0EB036F08BF83
:109A30001B0AF4D003F0FF03000EC01A704710F0A9
:109A4000030F0AD010F8012B11F8013B012A28BF9F
:109A50009A42F4D0A2EB030070474DF8045D50F831
:109A6000042B01F0030521F0030151F8043B022D02
:109A700026D04DD822F07F45B5EB132FA2F1013C43
:109A80002CEA020C0DD11CF0803C08BF51F8043BBD
:109A90000AD185EA0205B5EB036F0CD150F8042B0F
:109AA000E8E74FEA13235BE03CF07F4C54D10B789E
:109AB0004FEA126554E04FEA126503F0FF034FE0EE
:109AC0004FEA0245A2F1013C4FEA15452CEA020C8F
:109AD000B5EB134F18D11CF0803C08BF51F8043B84
:109AE00007D185EA0205B5EB034F09D150F8042BE5
:109AF000E6E75FEA0C4C2FD10B884FEA12452FE0C6
:109B00004FEA03434FEA12454FEA134328E000BFF0
:109B100002F0FF05B5EB136FA2F1013C2CEA020C39
:109B20000DD11CF0803C08BF51F8043B0AD185EAF6
:109B30000205B5EB032F0AD150F8042BE8E74FEAF2
:109B400013630DE012F0FF0F06D051F8043B4FEA0B
:109B5000122523F07F4303E04FF0000020BC704744
:109B600005F0FF0203F0FF00012828BF904204BF68
:109B70002D0A1B0AF4D0A2EB000020BC704700BFE6
:109B800080EA0102844612F0030F4FD111F0030F57
:109B900032D14DF8044D11F0040F51F8043B0BD0B5
:109BA000A3F101329A4312F0803F04BF4CF8043B0A
:109BB00051F8043B16D100BF51F8044BA3F1013218
:109BC0009A4312F0803FA4F101320BD14CF8043BD0
:109BD000A24312F0803F04BF51F8043B4CF8044B01
:109BE000EAD023460CF8013B13F0FF0F4FEA332372
:109BF000F8D15DF8044B704711F0010F06D011F851
:109C0000012B0CF8012B002A08BF704711F0020F3E
:109C1000BFD031F8022B12F0FF0F16BF2CF8022B29
:109C20008CF8002012F47F4FB3D1704711F8012B4C
:109C30000CF8012B002AF9D1704700BF844641EA95
:109C4000000313F0030349D1403A23D30B680360A8
:109C50004B6843608B688360CB68C3600B690361AA
:109C60004B6943618B698361CB69C3610B6A036292
:109C70004B6A43628B6A8362CB6AC3620B6B03637A
:109C80004B6B43638B6B8363CB6BC363403040315F
:109C9000403ADBD230320BD30B6803604B68436031
:109CA0008B688360CB68C36010301031103AF3D2F8
:109CB0000C3205D351F8043B40F8043B043AF9D286
:109CC000043208D0D2071CBF11F8013B00F8013B59
:109CD00001D30B8803806046704700BF082A13D366
:109CE0008B07B1D010F00303AED0C3F10403D21A36
:109CF000DB071CBF11F8013B00F8013BA4D331F88E
:109D0000023B20F8023B9FE7043AD9D3013A11F80D
:109D1000013B00F8013BF9D20B7803704B7843709C
:109D20008B788370604670477BB972B90029BEBFDB
:109D300000204FF0004106E008BF00281CBF6FF074
:109D400000414FF0FF3000F057B8ADF1080C6DE95D
:109D500004CE002909DB002B1ADB03F086FCDDF8BA
:109D600004E0DDE9022304B07047404261EB4101A9
:109D7000002B1BDB03F079FCDDF804E0DDE90223B6
:109D800004B0404261EB4101524263EB4303704730
:109D9000524263EB430303F068FCDDF804E0DDE9C5
:109DA000022304B0404261EB41017047524263EB31
:109DB000430303F05AFCDDF804E0DDE9022304B0BC
:109DC000524263EB4303704753B94AB9002908BFB5
:109DD00000281CBF4FF0FF314FF0FF3000F00CB8EF
:109DE000ADF1080C6DE904CE03F03FFCDDF804E0B2
:109DF000DDE9022304B07047704700BF08B5F7F7EC
:109E0000E7F8F8F759FDF6F7F9FF002008BDFFF76E
:109E1000E5BBF8F7E3BC01F010B801F011B801F0B0
:109E200009B810B586B0044601A8FFF7D7FB022396
:109E30000020237005236070A3709DF80430E0704B
:109E40006371BDF805302071E380DDF80730A36051
:109E500006B010BD00F0FABD70B50446FCF7D2F9AB
:109E6000012805461AD1601CFCF7D4F9B0B1A379DA
:109E70000020E61D63F03F03A371F8F707FE38B139
:109E800010220021304603F0BFFB0020257070BD7A
:109E90003046FCF7D3F90028F2D0F6E70025F4E7C6
:109EA00010B504461022002103F0AEFB04F11003AC
:109EB00010220021184603F0A7FBFCF7D9F9002077
:109EC000F8F7E4FD20B12046FCF7B8F9002010BDFA
:109ED000FCF798F90028F6D0F8E710B50446FFF72C
:109EE00011FCB0F5007F09DA10F5007F08DD031ED4
:109EF000B8BF03339B100020237010BD7F23FAE707
:109F00006FF07E03F7E78178008800F056BF37B521
:109F100005460C4600880DF1060100F083FE2B88F3
:109F20002380BDF80630638003B030BDF7B504462A
:109F30002046F9F7C7F9022805462ED004282CD16F
:109F400023788A2B18D13E20F7F756F878B9E378B2
:109F500001A92279684643EA0223ADF8003000F0F7
:109F6000E0FE0028E4D053210820F6F70BFF05207F
:109F7000F7F786F80028EAD0204600F013F8267894
:109F8000A7783046F7F738F80028D1D03E2E04D114
:109F90003846F7F775F80028CAD0284603B0F0BD58
:109FA00001F089BC10B503780446813B0E2B2FD8F5
:109FB000DFE803F02F3541454F676D08613B71774E
:109FC0005B2E7D002920F7F75BF830B13E2323702C
:109FD000222363702923A3701AE00A20F7F750F8B0
:109FE0003E23237018B11F2363700A23F3E7012374
:109FF000A37013236370E37903F00103E371D4F8D2
:10A000001A30C4F80E30E38B638294F82030237545
:10A0100010BD3E230370042343701423DBE73E236B
:10A0200003700A2343700323D5E73E2303700D23F7
:10A0300043700523CFE705232370042307E05A204C
:10A04000F6F7DAFF08230028F6D05A222270637050
:10A05000DEE75B20F6F7D0FF18B15B232370062301
:10A06000F5E7302323700323F1E73E2303700B232E
:10A0700043700723AFE73E230370062343700C238E
:10A08000A9E71323037083789B000133DFE757238D
:10A0900003700223DBE73E23037006234370122381
:10A0A00099E73E23037009234370132393E7FF23AB
:10A0B00003700D23437080238DE708B510B96FF04E
:10A0C000150008BDFFF76CFF0028F8D00020F8E766
:10A0D00010B50C4648B141B1FFF728FF00282070A9
:10A0E0000CBF6FF02200002010BD6FF01500FBE7E1
:10A0F000F8B5941C0E46054617460C446343B3F569
:10A10000004FA8BF4FF0FF3310F003019CB203D003
:10A11000B0211420F6F736FEB4F5004F01D9B12175
:10A12000F7E71422043003F06FFAEF746C802E808E
:10A13000F8BD38B50388C4888B420589C4F30E0284
:10A1400003D2D1211420F6F71DFE84EA0503C3F3E0
:10A150000E030BB9AC4206D102F118030122C15221
:10A160008274184438BD1846FCE7023101444A4362
:10A17000B2F5004FA8BF4FF0FF3290B21B3020F075
:10A180000300B0F5004F34BF00B24FF0FF3070470E
:10A1900040881B3020F00300B0F5004F34BF00B200
:10A1A0004FF0FF3080B2704738B503888B4203D23E
:10A1B000F7211420F6F7E6FD857C65B1C388C3F36B
:10A1C0000E031833C25A8A4207D3C152811DF6F7D3
:10A1D00067FF00238374284638BD0025FBE703464C
:10A1E0001830F0B59E88DD88B4B2C6F30E06A542DD
:10A1F00014D05F89DD7C845B3D44E41B0235A4B24E
:10A20000354428440D88A54284BF0C8025465989D1
:10A21000B1FA81F149091170DD81F0BD00252846B0
:10A22000FAE7F8B582880026C38904460D4692B243
:10A230000E60CBB14189C2F30E020B4418329BB2BF
:10A240008718825A4381934204D94FF4A271142093
:10A25000F6F798FD04D1011DF6F722FF46812F6025
:10A2600000230120E381F8BD1846FCE783880146FE
:10A2700002899BB29A4202D00831F6F711BF7047AB
:10A280008388C0889BB2C31A58425841704782885D
:10A2900073B595B2C488C2F30E02AC4202F1180243
:10A2A00012D04189C689835A314499420EDB0DF19F
:10A2B0000601ADF80650F6F7F3FEBDF80600001BE8
:10A2C00018BF012002B070BD0020FBE70120F9E7B4
:10A2D00070B5C488034606891830C4F30E0584EAB5
:10A2E0000602C2F30E020AB9B4420FD19C891A8841
:10A2F0000CB1465B921B914207DCDA7C2C440232A3
:10A30000224410440A461A8270BD00221046FAE721
:10A31000F8B5038A002B38D08B4236D3C48800F1BD
:10A3200018038589C4F30E041E1995B91D5575705F
:10A3300085891E5B0D443144ADB285811953D2B17C
:10A34000811DF6F7ADFE00238381002303820120E7
:10A35000F8BD1E5BAE4204D04FF4F6711420F6F740
:10A3600011FDC57C2644878A023535445E195F534A
:10A37000857DB570DCE7C27C254402322A449918F9
:10A380009B5A83828B788375DFE70020E0E7838820
:10A39000C2889BB29A4206D0428922B9C3F30E0307
:10A3A00018331844704700207047C37C0233C81824
:10A3B00070470230704738B58388C2889BB29A4292
:10A3C00007D045892DB9011DF6F76AFEC581012028
:10A3D00038BD0020FCE703881380C388C3F30E0355
:10A3E0001833034480890B6070470368002223B947
:10A3F000C0E90132031D0360704759681B680A44B5
:10A40000F5E70729034670B504D84FF4EC71152021
:10A41000F6F7B8FC0068C0B1446806461A688C427A
:10A4200010D0106860B901F10805AC420DD3546832
:10A4300050501868651A541800686560505002E062
:10A440001346E9E7146830461C6070BD0023C1E97B
:10A45000003203680B600160704730B590B18478BA
:10A46000B1FBF4F304FB131300EB430252898A425D
:10A4700001D1D8B230BDC27822B900F10803D0B200
:10A48000844201D8FF20F5E733F8025F01328D42A4
:10A49000F5D1EFE78278038805324B4303EB4203A3
:10A4A0001844704737B500240546CDE900448DF8BF
:10A4B00006006846ADF80440F6F7C6FFBDF8044054
:10A4C00008B103B030BD29462046F6F799FF0028B1
:10A4D000EFD040F235211720F6F754FC70B51E4638
:10A4E0000D460921FFF741FE044632460921284660
:10A4F000FFF73BFE40EA04031B0454BF00194FF072
:10A50000FF3070BD01230370704710B5FF238B70BF
:10A51000C2F3800301245B00DBB2CA18127D032A58
:10A5200008BF0133CA18147503F10C04002201EBB3
:10A53000830321F814205B688A700360828010BD59
:10A54000F8B50C46054611461E4684F00104640029
:10A55000E4B2FF23837003191B7D012B05D0013466
:10A56000E4B203191B7D012B0AD105EB44073B8B99
:10A570003A8C9819904205DD00232C443B832375C7
:10A580000020F8BD05EB8404324660681844FFF7EC
:10A5900089F93B8B1E443E830023AB700120F0E71A
:10A5A00081F00101490010B5C9B2FF23837043183F
:10A5B0001C7D012C07D10C3120F8112002221A75C4
:10A5C0000023837010BD0131C9B243181C7D012CDA
:10A5D000F1D04FF499710920F6F7D4FB024630B55B
:10A5E000837803F0FF00F3B9137D022B19D0537D5C
:10A5F000022B15D10346012089B10024D5180C3354
:10A600002C7522F81340131803241C7502EB8003E9
:10A610005B680B6000F10C0332F813308B80012073
:10A6200030BD0123E8E70020FAE7034630B5827821
:10A6300002F0FF00E2B99A7D022A17D0DC7D022CDD
:10A6400013D1032281B11D1900200C34287523F881
:10A65000140098180324047503EB82000C32406840
:10A6600033F8123008608B80012030BD0324E9E705
:10A670000020FAE7037D012B01D1008B7047437D59
:10A68000012B0CBF408B00207047837D012B01D133
:10A69000808B7047C37D012B0CBFC08B002070479F
:10A6A000027D022A01D1008B7047437D022B01D12C
:10A6B000408B7047032AF6D0032BF9D00020704757
:10A6C000827D022A01D1808B7047C37D022B01D18C
:10A6D000C08B7047032AF6D0032BF9D000207047B7
:10A6E000F6F7A0BFF6F7FABF1FB5002240F68813B1
:10A6F00003A90092FCF7B8FD05B05DF804FB10B5A6
:10A70000044638B1F8F702F924EA0000B0FA80F004
:10A71000400910BD0120FCE72DE9F0410F46B0F8DB
:10A720005E60B0F8605001F038FE0221044600F08F
:10A7300080FE80460221204600F07BFE464540F622
:10A74000480328BF4646B6B21B2E38BF1B26FB2E39
:10A7500028BFFB26854228BF05467E80ADB21B2D53
:10A7600038BF1B25FB2D28BFFB25B4F5A47F38BFC0
:10A770004FF4A474FD809C4228BF1C46BC803C81E1
:10A78000BDE8F0812DE9F04186B00546008802A9B8
:10A7900000F073FE0446002870D1029A92F85031FE
:10A7A000D91E4B424B418DF80630136898064ABFBC
:10A7B0009DF80630234683F001038DF8073092F8A8
:10A7C00066309B0603D49DF80730002B5CD0EB88E5
:10A7D0001B3B9BB2E02B59D8298944F24810A1F5C4
:10A7E000A4739BB2834251D86B881B3B9BB2E02B76
:10A7F0004CD8AA88A2F5A4739BB2834246D840F6EF
:10A800004807B94244D8BA4242D8029E4FF0FF08E6
:10A8100086F823819DF80630A3BB03A906F1A800A2
:10A82000FFF77AFF6A88BDF81230BDF81410934222
:10A83000E88828BF1346B942AA88A6F8283128BF5D
:10A840003946BDF80E30834228BF03462889A6F852
:10A850002431BDF81030BB4228BF3B46834228BF9D
:10A8600003468A42A6F82631134628BF0B46A6F8AF
:10A870002A3186F82281002386F82331204606B04B
:10A88000BDE8F0813A24F6E71A24F7E71224F5E749
:10A890001124F3E710B501F0A7FE60B1F7F774FCDF
:10A8A000044601F0FAFF40B9204601F0F2FF80F0C3
:10A8B0000100C0B210BD0120FCE70020FAE70068EB
:10A8C00090F8BA3123B1002380F8BA3101F07ABD93
:10A8D000704710B503780446012B01D9122010BD32
:10A8E00001F082FE58B9207810F0FD000DD104F17E
:10A8F0001703E21D611CBDE81040F8F73BBAF8F7FA
:10A90000CBFA0028EFD00C20E9E7A37903F0C003CD
:10A91000C02BE3D10120EAE710B503780446012BF0
:10A920000DD801F061FE60B9214611F8010B00F06D
:10A93000FD00003818BF012000F01EFD38B91220BC
:10A9400010BDF8F7A9FA0028EED00C20F8E7002097
:10A95000F6E708B50088F8F7A5FA00280CBF302004
:10A96000002008BD38B5054601F03EFE044638B962
:10A970002878003818BF0120F8F788FA204638BD3B
:10A980000C20FCE708B501F02FFE18B9F8F76EFAB5
:10A99000002008BDF8F780FA0028F7D00C20F8E76F
:10A9A000082303700020704711224FF442530270B5
:10A9B000C2705922A0F801308280C3800020704705
:10A9C000082108B5F6F75EFE002008BD73B50646FF
:10A9D00000880C46088001A980B200F04EFD0546B3
:10A9E00040B9B3784BB9019B93F91C01A070FBF7F8
:10A9F000C3FAA070284602B070BD7F20FFF774FE36
:10AA0000F4E710B504466FF07F00FFF76DFEFBF72B
:10AA1000B3FA20707F20FFF767FEFBF7ADFA607096
:10AA2000002010BD0A4600F1100108B5072302F00E
:10AA300055FD002008BD10B5014604460020F8F77A
:10AA40000BF808B92060A080002010BD10B50446A6
:10AA5000F7F72CFF28B900202146F7F7E5FF002083
:10AA600010BDFFF717FF0028F5D10C20F8E710B54F
:10AA70000446FFF70FFF28B101202146F7F7D4FF66
:10AA8000002010BD0C20FCE7FFF77CBE1FB502883C
:10AA90000A8044F2902183888B4215D840F6480101
:10AAA000ADF80420428801A88B42ADF8062028BFEB
:10AAB0000B46ADF80A20ADF80830ADF80C30FFF7C2
:10AAC00061FE05B05DF804FB1220FAE737B5088097
:10AAD0000D4601A900F0D1FC044620B90198294691
:10AAE000A830FFF719FE204603B030BD03464821C9
:10AAF0000020082210B56FF00404587099701C7083
:10AB0000DA701C7158719971DA7110BD10B5044674
:10AB100001F06AFD78B92146E27911F8010B00F0E5
:10AB2000FD00003818BF0120F8F780FA80F001001E
:10AB30004000C0B210BDF8F7AFF90028EBD00C20F0
:10AB4000F8E713B500880C46088001A980B200F030
:10AB500094FCC8B9019B83F8160193F81421012ACB
:10AB600006D0022A04D04FF43F710620F6F70AF906
:10AB7000A27093F81521012A01D0022AF3D1E270C4
:10AB800093F81621002AE6D102B010BD1FB5044685
:10AB900003A9008800F071FC38B9A388022B14D8EF
:10ABA000E078FFF7ACFD10B9112004B010BDA0781B
:10ABB000FFF7A5FD0028F7D0012303A80093A38881
:10ABC000E278A17800F0ACF9EFE71220EDE737B5B5
:10ABD0008378C17803F00104027903F0020351EA9B
:10ABE00004051DD052EA03051AD0002C18BF00211D
:10ABF000002B037818BF00228DF802108DF8032077
:10AC0000427843EA0223ADF80030437982796846FE
:10AC100043EA0223ADF80430FFF7B8FF03B030BDBC
:10AC20001120FBE713B50C4601A900F026FC18B96A
:10AC3000019BDB880133238002B010BD07B500887B
:10AC400001A900F033FC30B9019B93F8332112B90C
:10AC5000FF2283F8332103B05DF804FB10B50446EE
:10AC6000F7F74EFE20600020616010BD37B5044646
:10AC7000F7F78AFA054623781F2B18D8816A042231
:10AC80006846FFF742FC22460021A86A12F8013B01
:10AC9000FFF756FC68B1AC6A2046FFF7F6FC0021CE
:10ACA00002462046FFF77CFC002003B030BD122096
:10ACB000FBE70720F9E737B50446F7F765FA0546DD
:10ACC00023781F2B18D8816A00226846FFF71DFCE5
:10ACD00022460121A86A12F8013BFFF731FC68B156
:10ACE000AC6A2046FFF7C6FC012102462046FFF76A
:10ACF00057FC002003B030BD1220FBE70720F9E726
:10AD000010B5044634F8020B0880002180B2F6F733
:10AD100061FB20B12146BDE8104001F081BF022057
:10AD200010BD008808B50880002180B2F6F752FBFC
:10AD300020B10021BDE8084001F072BF022008BD2B
:10AD400013B500880C46088001A980B200F095FB7D
:10AD500010B9019B9B8F638002B010BD37B503888B
:10AD600004460B8098B2638813B9122003B030BD3B
:10AD700001A900F082FB0028F8D1658842F2107228
:10AD8000019BA9B2D3F8C4405143B3F8DA2062431F
:10AD9000B3F8CC4004FB02229142E6D3D3F8C4209E
:10ADA000D3F8C4409442F9D100229D875A63621EB1
:10ADB0000A44B2FBF4F29A63D8E710B50C460021BE
:10ADC000F6F708FB90B1022C12D804F00102C4F38C
:10ADD000400480F8BC2180F8BB4112B190F8BA3130
:10ADE0000BB9002010BD01F0EDFAFAE70220F9E7F7
:10ADF0001220F7E710B504460078FF280AD0012199
:10AE0000F6F7E8FA58B16378A27843EA0223C383DD
:10AE1000002010BDB4F80100F9F74AFCF8E7422021
:10AE2000F7E708B50078003818BF0120F9F7A6FB4E
:10AE3000002008BD0620F7F757BD0820F7F754BDDE
:10AE400001F018BF10B5044604B910BD2368984737
:10AE50006468F9E703680BB9016070471A465B68DC
:10AE600013B18A42FAD170478A4218BF51607047C5
:10AE700008B5FAF72FF8F9F775FBBDE80840FAF7BF
:10AE800011B808B50020FFF70DFBF6F767FBF7F7E1
:10AE900085FDF7F719F820B140F243119320F5F73B
:10AEA00071FF08BD08B5F9F72DFBF9F7E9FF20B1EF
:10AEB00040F263119320F5F765FF0120BDE80840DB
:10AEC000FFF7F0BA08B5FFF7EDFF01F095FE20B1EE
:10AED0004FF4BC719320F5F755FF08BDFCF7C2BED7
:10AEE0000B46892203F8032BD0F80920C1F8032070
:10AEF000427B1A71704738B50D460446F7F706FDD8
:10AF00002B78002B08BF034684F868306B78002B41
:10AF100008BF034684F869306B88A4F86A3038BDEE
:10AF20002DE9F743046899460F46164694F86730B2
:10AF300094F80F8043EAD303DB0702D4B8F1250F5E
:10AF400036D16FBBF7F7E2FC0546BEBBF7F7DEFC78
:10AF500045BBB8F1250F2ED100200546FF2384F80C
:10AF60002D3194F82C3103F0FF08F3B99DF8283007
:10AF700001A984F82F0104F1A80084F82C3184F889
:10AF80002E518DF804708DF80560ADF80690FFF72E
:10AF9000B2FF002384F82D31404603B0BDE8F083B2
:10AFA0003D46D2E70028D4D0D8E74FF03A08F0E782
:10AFB0004FF01A08F0E74FF00908EDE7002DC8D070
:10AFC0003046CBE738B5036804460D4693F82C317C
:10AFD000012B02D11E21F7F7BBFC2368002083F868
:10AFE0002C0165B1182283F8992008229A7393F8EE
:10AFF0004E3093B940F25B41AE20F5F7C3FEDA7BE9
:10B00000233A072A03D82046DD7300F005FE2046C8
:10B010001821BDE8384000F01EBE38BD08B50368F1
:10B020009A7B22B14FF4E671AE20F5F7ABFE2322F6
:10B030009A7308BD034610F0010002BFC3F340033A
:10B040005B00D8B270472DE9F84F074610461E4600
:10B0500042EA0104FFF7EEFF8346084692464BEAB8
:10B060000404FFF7E7FF88460A9D04438146E4B2E3
:10B07000003C18BF0124F7F749FC10EA0A0A18BF80
:10B08000DA46F7F743FC97F8143110EA080118BFC5
:10B090004946534508BF4FF0000A85F800A097F8CD
:10B0A00015318B4208BF002169705AEA01010AD1AB
:10B0B000FB88013EF61A47F6FD73B6B29E428CBF7E
:10B0C000002404F001042046BDE8F88FF7B50468B9
:10B0D0000646E57BA5F12303072B4FD9002D4BD165
:10B0E000A37B282B4AD04B7813F007033DD08A78F6
:10B0F00012F0070239D084F80C31252384F80D2191
:10B10000E37394F82D31F3B994F82C31012B1AD054
:10B1100094F80C7194F8150194F81011874294F882
:10B120001121B4F8123114D194F80D7194F814016E
:10B1300087420ED1022084F82E1184F82F2184F842
:10B140002C01A4F83031304600F05CFD284603B0F5
:10B15000F0BD022000903046FFF7E2FE0028F2D05A
:10B160004FF46671AE20F5F70DFE0978304603B056
:10B17000BDE8F04000F06FBD0125E7E72025E5E7D9
:10B180002DE9F04F056887B0044695F80EB0ABF195
:10B190002403D3F1000848EB0308052A70D1EB7BA8
:10B1A000262B73D10F358A784F7802F0070A039265
:10B1B00007F007090AF1FF3009F1FF3300EA0A003E
:10B1C00003EA0903034366D1B1F80360F7F79EFB76
:10B1D000039A174307F0070787435CD15046FFF7F0
:10B1E00029FF2768A8B197F81431984211D097F831
:10B1F0002E211AEA020F4ED0BBF1240F09D097F886
:10B200000D211AEA020F04D1022870D1013B012B53
:10B2100071D84846FFF70EFF40B197F815318342C9
:10B2200004D097F82F3119EA030F34D005AB384614
:10B230005246494600933346FFF705FF2368074609
:10B2400078BB93F82C21012A28D101462046F7F734
:10B250007FFB236883F82C712F70236803F10F02A2
:10B26000954201D10022DA73236803F10F0295425F
:10B2700037D1204600F0D0FC002007B0BDE8F08FA9
:10B28000414607B0BDE8F04FFFF79CBEBBF1240F6D
:10B290002BD10E3587E741462046F2E783F82C0193
:10B2A000DBE7DA88A3F86C62013EB61A47F6FD7256
:10B2B000B6B2964206D92822204683F83120F8F704
:10B2C000D5FAD1E7DA7B0C2A02D0093A012A01D853
:10B2D0002A22F1E7BDF81420A3F86E2228232B7050
:10B2E000C2E7002283F84E20C6E70220C5E7012B03
:10B2F0008FD0022BCFD04FF4DD710620F5F742FD41
:10B3000008B50368DA7B252A05D022B140F2D35173
:10B31000AE20F5F737FD2622DA7308BDF7F73EBBFE
:10B32000704730B542401C7808785D7860404C78B2
:10B330006C409D7820448C786C40DD782044CC783B
:10B340006C401D795B7920440C7949796C404B4005
:10B35000204418441044B0FA80F0400930BD024641
:10B3600000200139C9B2FF2900D17047535C83F036
:10B3700001030344D8B2F4E708B5F7F793FB0828B4
:10B3800007D0F7F7B1FB082803D0F7F7C1FB01207E
:10B3900008BD0020FCE708B5F7F784FB082803D0B8
:10B3A000BDE80840F7F7A0BB08BD08B501F06FFC89
:10B3B00018B1BDE80840FAF7D7BE082008BD01441F
:10B3C0000023884203D1B3FA83F04009704710F894
:10B3D000012B1343F5E7F8B505460C46D0E9047692
:10B3E00001F01BFE18B952212920F5F7CBFCE4B17E
:10B3F000D5E90423D21B63EB0603012A73F1000194
:10B400004FF0000113DB6FF001009042994101DA27
:10B410005C21E9E7631E1344B3FBF4F35C43E419D6
:10B4200046F10006C5E904461C462046F8BD0C4618
:10B43000FBE7022905D13C2808D980100F3880B2DB
:10B440007047702802D9C0100E38F8E70020704706
:10B45000012908B5034605D002290BD0E721292090
:10B46000F5F790FC40F6C41040F2E242002B08BF12
:10B47000104608BD40F6C410FBE710B50C4600218D
:10B48000F5F7A8FF2060B0FA80F04009400010BD39
:10B490000368587BC0B293F830302BB900F0FB0042
:10B4A000003818BF012070470020704710B50C46C7
:10B4B000FFF7E3FF38B92046FFF7EAFF80F001000D
:10B4C0004000C0B210BD0220FCE738B54FF4267230
:10B4D0000D460021044602F097F86FF03602012372
:10B4E000A4F8AA5084F867200422A37584F8682081
:10B4F0006FF03B0284F8A83084F869206F2284F84A
:10B500006A20032284F86B20002284F86C206FF0FC
:10B510007F0284F86D202B2284F86620FE2284F8B6
:10B520009E207F22E27238BD40F6B83307B5B0F8EE
:10B53000CE20D0F8C4100190838701A8F7F7B4FD9E
:10B5400003B05DF804FBC2B292FAA2F2030A93FAC6
:10B55000A3F31B0E100E40EA0320704701310530A3
:10B560000022C9B270B510F8013F8B4216D310F813
:10B57000054C0023012505FA03F626421CBF01F104
:10B58000FF31C9B269B10133082BF4D10132D2B213
:10B59000052AE8D19B214620F5F7F4FBC91AC9B268
:10B5A000F4E703EBC200C0B270BD0B6870B5C0F821
:10B5B000013004460B790546461D03F01F03437115
:10B5C0000023C37215F8010F00F003FB6871B54248
:10B5D000E37A1844E072F5D170BD81EA114170B58B
:10B5E0008CB20546C17A032682EA0400FFF7ABFF5E
:10B5F000013E00EB001016F0FF0604EB000290B2D3
:10B60000F4D144402522B4FBF2F302FB1343C3F30D
:10B61000C402D8B203F007032A445678012202FA82
:10B6200003F31E4207D161432846C1F30741BDE839
:10B630007040FFF793BF70BDF8B590F821500446F5
:10B640006B1E242B03D9E1214620F5F79BFBDAB1D1
:10B65000807D002843D194F8233094F8221002FB17
:10B6600001322523B2FBF3F103FB1123DBB204EB20
:10B67000D30203F0070684F82330D17D0122B240C3
:10B68000114202D084F82430F8BDB3FBF5F205FB7B
:10B69000123304F11B01013303F0FF0311F8012FF2
:10B6A0009A4219D311F8055C0022012606FA02F726
:10B6B0002F4208D0013B13F0FF0304D102EBC0027C
:10B6C00084F82420E0E70132082AEFD10130C0B22B
:10B6D0000528E3D1D721B7E79B1ADBB2F6E7E2886A
:10B6E00004F11600096AFFF778FF84F82400CBE71D
:10B6F0000378890123F0400301F040010B430370FC
:10B700007047037803F07F0343EAC1130370704767
:10B710001F2A38B50546144603D9A8212A20F5F773
:10B7200031FB06340930FEF7BDF86C7038BD1F2AB6
:10B7300038B50546144603D9CA212A20F5F722FB5D
:10B7400006340930FEF7AEF86C7038BD0378024657
:10B7500003F00F03032B3ED0052B42D1C37F90F89B
:10B760002000034392F82100034392F82200034390
:10B7700092F8230000F01F00184333D05378222B97
:10B780002FD1B2F81930B1B1B3F5506F13D940F6DB
:10B7900007518B4225D8B2F81B30B3F5FA7F20D27F
:10B7A000B2F81D0040F676430A3880B298428CBF4A
:10B7B000002001207047991F40F67A4089B28142EB
:10B7C0000FD8917D481E07280BD8994209D2B2F8AC
:10B7D00017109942DEE74078A0F10C035842584117
:10B7E0007047002070478388A1B1B3F5506F11D91D
:10B7F00040F6075293421BD8C388B3F5FA7F17D29D
:10B80000008940F676430A3880B298428CBF002007
:10B81000012070479A420BD8B3F5486F08D8427898
:10B82000511E072904D89A4202D242889A42E2E77E
:10B83000002070472DE9F3470E4601A914469946AA
:10B84000FFF71BFE054618B9019F2CB901237B7534
:10B85000012002B0BDE8F087D7F8BC802146404601
:10B86000FEF767FC824608B90020F2E7F6F7A6FC6F
:10B870008442F9D851464046FEF797FD7B7D494604
:10B88000A0F80150002B224618BF022600F8036BD7
:10B89000FEF708F821464046FEF786FC18B98321DA
:10B8A0002B20F5F76FFA01A8FFF709F8019BA3F821
:10B8B000B2517D75CCE743780246C3F301110129EB
:10B8C00010B50ED0022915D00478022103F00F0024
:10B8D000131D528844EA0020FFF7ACFF38B1012065
:10B8E00010BD047803F00F00131D5288F2E7F7F73C
:10B8F000B9FDF4E70020F3E71A230B7001234B7026
:10B900008B707047F7F786BC10B521B940F2A921BA
:10B910001020F5F737FA4A600B72EFF3108472B615
:10B92000031D0B6042681AB1127A012A08BF036036
:10B9300003681960016004B962B6BDE81040F7F70A
:10B94000B3BC0222F7F77CBD0322F7F779BD0422CE
:10B95000F7F776BD0222F7F7B7BD8D230B7030F8ED
:10B96000953CA1F8033030F8573CA1F8053030F889
:10B97000533CA1F8073030F8553CA1F8093030F8B5
:10B98000513CA1F80B307047012908B503D10E30A6
:10B99000C00080B208BD022902D10F308000F8E754
:10B9A0004FF40C710620F5F7EDF930B587B0044679
:10B9B0000D46F6F709FC80B334F89E4C69462046E4
:10B9C000FFF784F818B1FB212C20F5F7DBF9BDF85F
:10B9D000063003A8ADF80C40ADF80E30BDF80830C5
:10B9E000ADF81030BDF80230ADF81230BDF80430BB
:10B9F000ADF81430FFF748F810B14FF48271E3E767
:10BA0000ADF80C009DF80C30002063F307009DF8A2
:10BA10000D3063F30F2007B030BD2B468E2203F8A4
:10BA2000032BD4F80920C5F80320D4F80D205A6060
:10BA3000B4F811201A810423ADF80C30E2E7406815
:10BA40007047C08A70478A880B8910B5CC884988AE
:10BA5000A0F85840A0F85410A0F85620A0F85A308A
:10BA600010BD8383BDF8003001834283C3837047D8
:10BA70000346B3F84C10B3F85820914270B528BF74
:10BA80001146B3F85A40B3F85020B3F84850A242D8
:10BA9000B0F84260B0F8460028BF2246B3F84A40EA
:10BAA000A3F842109442A3F8462038BF14468D42B2
:10BAB00038BF0D468E42A3F84A40A3F8485021D122
:10BAC000801A18BF0120B3F84E10B3F85420B3F811
:10BAD00056609142B3F84050B3F8444028BF114635
:10BAE000B3F85220B242A3F8401028BF32468D422C
:10BAF000A3F8442008D1944218BF40F0010000F0A0
:10BB0000010070BD0120DEE70120F8E738B5C58BE4
:10BB10000446438C007A9D4228BF1D46FFF734FF40
:10BB20006389AB4228BF2B46984238BF184680B283
:10BB300038BD2DE9F041984607460E4680891946E2
:10BB40001446FFF721FF054641463846FFF7DEFF62
:10BB500085429DF8181028BF0546B88AFFF714FFE4
:10BB6000FB8AADB2834228BF0346A01D9BB230447E
:10BB70002B441844BDE8F08107B590F86D300022E1
:10BB800096213430009390F83830FFF7D2FF03B09D
:10BB90005DF804FB38B514460D4619469634FFF798
:10BBA000EBFF2044A84294BF281A002038BD38B5C6
:10BBB0000D4611460446FFF7DFFF2844A06338BD59
:10BBC00001F19C0383423DBF9C38401A400800208D
:10BBD000704700F05503400800F05500034403F09F
:10BBE00033009B0803F03303034403F00F0000EB22
:10BBF00013107047036800229A7383F84E20A3F84D
:10BC00004A20704703680022A3F8522093F854207A
:10BC1000013283F854207047026808B592F8543016
:10BC2000013B5BB2002B82F8543003DA52214A20E8
:10BC3000F5F7A8F808BDA0F10903042B09D9A0F174
:10BC40004603012B05D9233807288CBF002001208B
:10BC50007047012070470268136810B513F008049C
:10BC600008D143F0080382F898101360FFF7CAFF69
:10BC7000204610BD0120FCE730F8023CF7B5054630
:10BC80000E46B0F8827073B101226846ADF80170BB
:10BC90008DF80020ADF80330F6F728FB18B1952198
:10BCA0006320F5F76FF883230024A6F80370337040
:10BCB000B4706B7AD5F898007371FEF7E1FA08B9A1
:10BCC000BA21EDE721463846F5F79AFB4FF40173A8
:10BCD000204603F004021B0A62F3070063F30F20FF
:10BCE00003B0F0BD036800201A7C063A012A81BF28
:10BCF0004A785A7406221A7470470268137C063B0D
:10BD0000012B84BF072313747047026870B5D57B7D
:10BD1000E5B9CB88D688A2F86C32013B9B1B47F66D
:10BD2000FD769BB2B34206D9282382F83130F7F76B
:10BD30009DFD284670BDD1F80130C2F86E324B79B6
:10BD400082F8723209220368DA73F2E70125F0E71C
:10BD50000B46822203F8032BD0F80920C1F80320F8
:10BD6000D0F80D205A60427C1A720023CB707047C5
:10BD7000036870B5DD7B06460C46002D3CD10622DB
:10BD800029462046FFF72FFD28B921783046BDE827
:10BD90007040FFF760BF32686389D188A2F86C32C7
:10BDA000013B5B1A47F6FD719BB28B4207D92823F2
:10BDB000304682F83130F7F759FD284670BDA38828
:10BDC00040F2E2414B43C2F874326378C3EB431054
:10BDD00003EB800303EB83035B00A2F86E326388FE
:10BDE0004B43C2F87032E388A2F878322389A2F874
:10BDF0007A320C23D373E0E70125DEE70B46842279
:10BE000003F8022BD0F80920C1F80220D0F80D2049
:10BE10005A6070470B46852203F8022BD0F80920A0
:10BE2000C1F80220B0F80D209A80704738B5036839
:10BE30000546DC7B34B1103C0F2C8CBF0124082458
:10BE4000204638BD1B7D002BFAD0FFF7DBFE2B68A8
:10BE50001022DA73F4E708B50368DA7B152A04D0F8
:10BE600040F253211F20F4F78DFF012283F8552063
:10BE70001722DA7308BD0368DA7B112A05BF122284
:10BE800000200220DA737047036810B5DB7B04469C
:10BE90001B2B06D1FFF7C0FE23681F220020DA7398
:10BEA00010BD0220FCE708B50368DA7B102A04D035
:10BEB00040F27E211F20F4F765FF012283F8552010
:10BEC0001122DA7308BD08B50368DA7B172A04D09B
:10BED00040F28A211F20F4F755FF1B22DA7308BDB8
:10BEE0003E230B700C234B7004238B70D0F8093069
:10BEF000C1F80330D0F80D30C1F80730B0F8113078
:10BF0000A1F80B30C37C4B73704708B503689A7B6C
:10BF10001AB1CF211C20F4F735FF04229A7308BD13
:10BF2000026808B51368D90703D4DD211C20F4F793
:10BF300029FF23F001031360BDE80840FFF76CBE42
:10BF400087230B7030F88C3C4B80704703680020CF
:10BF50009A7B0E2A01BF002283F83E2083F84E20F0
:10BF60009A73704738B505682B6813F0040407D13D
:10BF7000FFF748FE2B68204643F004032B6038BDD2
:10BF80000120FCE70268136823F004031360FFF745
:10BF900043BE08B503689A7B1AB172214B20F4F7AF
:10BFA000F1FE0E229A7308BD10B5D0E90D42A242EF
:10BFB00006D38B8C121B498E05334B43934202D31D
:10BFC000012380F83E3010BD0C230B7008234B700A
:10BFD00000238B70B0F85230A1F80330437A4B71D4
:10BFE0004389CB8083890B81704710B5046894F82E
:10BFF00057309A070CD4A37B1BB177214020F4F76C
:10C00000C1FE0122A4F84A30A27384F84E2010BD6C
:10C0100023689B0705D5FFF7FFFD236823F0020384
:10C020002360002384F83231F1E710B50B79012841
:10C030004C790A6843EA0421104608BF41F4803174
:10C0400010BD07B5FFF7F1FF0DF10702F7F736FE58
:10C0500003B05DF804FB002307B501A80193FBF7CB
:10C06000D3F8019810F0030018BF012003B05DF869
:10C0700004FB08B5FFF7EFFF002814BF14200020D1
:10C0800008BD08B503689A7B1AB12621A320F4F7EE
:10C0900079FE20229A7308BDF7B5056806460C465E
:10C0A000AB7B203B022B2BD8B1F805101A2921D9E4
:10C0B000B4F80730B3F5A47F1CD3B4F801201A2AD2
:10C0C00018D9B4F80300B0F5A47F13D305F1A80480
:10C0D000009005F1DC00FFF7C4FC20463768FFF74D
:10C0E000C7FC18B107F23F10F7F710FA06213068C5
:10C0F000F8F758FA002085F84E00A87303B0F0BD99
:10C100000120FBE702681368D90610B5044603D482
:10C11000B821A320F4F736FE990601D5B921F8E736
:10C1200023F010031360FFF777FD20680621BDE8B8
:10C130001040F8F737BA10B5FAF79AFD0446FFF742
:10C1400098FF4FF47A7204F54443A4304933B3FBAB
:10C15000F2F3184410BD10B5044690F86D00FFF7D7
:10C16000EAFF012201462046BDE81040FFF71FBD4F
:10C170007FB5044618B9A5213020F4F703FE052940
:10C1800000F2B580DFE801F003AE2A25B3A990F8EC
:10C190000032C288A3B1B0F8FE31934208BFB0F8B4
:10C1A000B4319A1AA0F8B621E3802046D4E990234E
:10C1B000C4E99223F9F78CFA94F8503004B070BDBA
:10C1C000B0F8FC319B1AA0F8B631B0F8FC319BB244
:10C1D000EAE704B0BDE87040FAF7BEBC00F0F8FD35
:10C1E000D4E99223801A61EB0301012871F1000365
:10C1F00002DA4FF4C061BFE76FF0010383424FF0F2
:10C2000000038B4102DA40F20161B5E7D4F8C43093
:10C210000BB1B0FBF3F3E17BB4F8FE210C2931D173
:10C220000132A4F8FE21B4F8623203AEE58801338E
:10C23000A4F86232B4F842301D44B4F84030013DF5
:10C24000ED1AADB2B4F8FE116B1A180434D4002301
:10C25000204600961A46F7F7D9FD0128AED1B4F86A
:10C26000FE21B4F8B011BDF80C301344521A120478
:10C270009BB204D5EA1A12F4004F18BF0B46A4F87B
:10C28000FE31DFE7E1880B449BB2D11A0D044BBFAE
:10C29000013301329BB293B2A4F8FE3194F801321B
:10C2A000002BC0D1B4F8B431B4F8FE21934204BFDE
:10C2B0000133A4F8FE31B6E7A37C30460394002B8B
:10C2C00014BF08233E2384F83130F7F7CFFA204615
:10C2D00000F09BFC0023637370E704B0BDE870407E
:10C2E000FEF700BA437B042BF4D0C62144E7CB21F0
:10C2F00042E7002313B51A464373A0F8603219468B
:10C3000000930446F7F782FD20B14FF4F37130201B
:10C31000F4F738FD0123C4F8E801C4F8E0016373C1
:10C32000A4F8FE01A4F8FC0184F80102E388A4F853
:10C330006202013BE38002B010BDD0F8E800704714
:10C3400038B5044690F828319BB1FF2380F830318E
:10C35000012100F0BBFA94F8283153B104F1C00573
:10C36000284600F05AFD284600F063FD002384F8BB
:10C370002831002038BD08B590F8302142B990F836
:10C38000EC2042B1D0E93C31994202D9F8F7E6FEFF
:10C390000022104608BD0122FBE710B50446FFF756
:10C3A00068FE00F25911E269636B9A4228BF1A468F
:10C3B0001046FFF705FC40F64803984228BF184690
:10C3C00080B210BD7FB5044690F8503003F0FF05F1
:10C3D000002B57D1437B032B54D100F0F9FCD4E957
:10C3E0009223801A61EB0301012871F1000349DBFC
:10C3F0006FF00103834275EB010104DA40F2A951A9
:10C400003020F4F7BFFCD4F8C420E3880AB1B0FBB5
:10C41000F2F2013313449BB2A4F8FC31B4F8B43106
:10C42000B4F8FC219B1A1BB2002B2BDD04F5027023
:10C4300000F0F3FC30B3FF2384F80132B4F842304B
:10C440000DF10E06E5881D44B4F84030013DED1AAB
:10C45000ADB2B4F8FC31EB1A1B0413D4B4F8FC11E0
:10C4600000230122204689B20096F7F7CFFC01286D
:10C4700008D1B4F8FC31BDF80E2013449BB2A4F8E7
:10C48000FC31E6E704B070BD2DE970430C4615465B
:10C49000E2B9FAF783F884F8EC500646D4E9468905
:10C4A00084F82851D4F8E800FFF73EF8D4F8E80003
:10C4B000C0E99289C0F86462C0E99689FFF719FF64
:10C4C000FAF70CFABDE87043FCF752BB40F2C271B8
:10C4D0003020F4F757FC70B5044621B101297FD014
:10C4E00040F2D27179E000F024F994F82931054640
:10C4F0000E46DBB150EA010318D0D4E93E32D4E94C
:10C500004601C01A334661EB02012A4601F033F8B6
:10C5100005FB01F300FB0633A5FB00021344D4E93D
:10C520003E21121843EB0103C4E93E23E38BEBBB2E
:10C530000020D4E93E32ED184FF0000346EB02062E
:10C540002D1840F2024284F8083146F1000684F8C2
:10C550002931A4F81021C4E93E56C4E9465694F89E
:10C56000303103F0FF01DBB96FF00043D4E948023A
:10C570009A4208BFB0F1FF3F25D02046D4E9465685
:10C5800000F0CCF8AE30D4E948325B1B62EB060217
:10C590001B1A62F10002002A15DA2046F8F7DEFDC8
:10C5A000FAF79CF9BDE87040FCF7E2BA204600F0CB
:10C5B00078F90028BCD1F6F7C3FFE38BB0FBF3F2A8
:10C5C00002FB1300B5E704F5847104F1C000FCF729
:10C5D000E3FA0028E4D140F2FF613020F4F7D2FB07
:10C5E000002380F8EC30DBE7002307B5CDE900330A
:10C5F00001238DF806306846F4F726FF18B10020B5
:10C6000003B05DF804FB009B93F82831002BF2D0B7
:10C610000120F5E790F82801003818BF0120704785
:10C620000B468C2203F8032BD0F80920C1F8032015
:10C63000D0F80D205A60704738B588220B460C465A
:10C6400003F8032B00F10902293052F8041B82423F
:10C6500043F8041BF9D1127800211A700123A58830
:10C66000A3712846F4F7B6FE58B1E3784BB1002128
:10C670002846F4F7C5FE20B140F233212D20F4F70F
:10C6800081FB38BD0121F8F7F9BAFFF7FBBF90F83D
:10C6900072300BB10120704790F8AA2002F0FF031E
:10C6A000002AF7D190F89C201846704737B50D4600
:10C6B0004FF49C720021044600F0A6FFFF23237074
:10C6C0001323638042F21073E383F4F77DFF0022AB
:10C6D0000146A0626846FDF718FFA06A002201210A
:10C6E000FDF75EFFA16A68460422FDF70EFF0022F7
:10C6F000A06A1146FDF754FF04F12000A57403B0B1
:10C70000BDE8304000F019B9FF23886A0B70FDF7CF
:10C71000F9BE0078FF3818BF0120704710B50446F5
:10C72000203000F05AF928226188F8F747FD6D3073
:10C7300010BDD0E9020170472DE9F04F07468FB0D8
:10C740000C46064606AD0DF110080FCF0FC597E851
:10C750000F0085E80F00404600F0EFF8677894F886
:10C76000149007F07F0594F80AA0B9F1010F94F82E
:10C7700000B02F4607D0B9F1020F04D040F21231B9
:10C780000620F4F7FFFA617A404600F0DDF8237DD9
:10C79000227F4046022B02F101020CBF617D012184
:10C7A000D2B204BF0131C9B200F0D0F815F00803CD
:10C7B00060D14046019300F010F928223946F8F77D
:10C7C000FDFC40F2712100F28622E5782079019B80
:10C7D00045EA00256079B2FBF1F245EA00454A439B
:10C7E0004D43AA420AD9E079A57945EA0025207A85
:10C7F00045EA00454D43954228BF1546227E0393E6
:10C80000531EA17CB06A5A4202915A410192FDF72F
:10C8100047FFB06AFDF754FF039B019A0299ADF8F8
:10C820001A7006AF8DF818B0089535468DF8282097
:10C830008DF82B108DF82CA08DF81C9009930FCF3C
:10C840000FC597E80F0085E80F0098E803003062F5
:10C850000020B184E37A03F0FD03003B18BF0123FD
:10C8600086F84F30E3683365238AA6F854300FB05A
:10C87000BDE8F08F00252B46C0E74FF40043C3848A
:10C8800043881D2B08BF00214174704790F91200A6
:10C890007047408800F0010070478078C0F3400086
:10C8A00070478078C0F3C000704790F848308161CD
:10C8B00081F8B330D0F84930C1F8B430B0F84D3019
:10C8C000A1F8B83070477047F7F742BF80F868109A
:10C8D00070478278034612F0010002D0D978C90768
:10C8E00010D5900702D5D97889070AD512F004002F
:10C8F00008D0D878C0F3800080F001008000C0B27A
:10C90000704702207047C0F34002C0F3800300F07C
:10C910000100134418447047022808B507D00428C2
:10C9200007D0012807D039212E20F4F72BFA262032
:10C9300008BD2720FCE72520FAE70023C0F80230D5
:10C9400001234370037070478170704710B54270C7
:10C95000144601708078FFF7D6FF484304FB00F2CD
:10C96000FE2A03DD5C212E20F4F70CFA10BD002313
:10C97000C37043710371704710B50446FFF7A9FFF8
:10C98000637962780133DBB29A4263710CD1E37848
:10C990000022A17803436271DBB29942E37001BFC8
:10C9A0002379E27001332371BDE81040FFF7B4BF73
:10C9B00038B504468078FFF7A6FF0146E078FFF718
:10C9C000A2FF2378227965789B1A6B4359436379D8
:10C9D000C91A00FB1510C0B238BD014608B58078F1
:10C9E000FFF791FF4A780B7853435843C0B208BD14
:10C9F00040F2EE20704740F25A335843704738B542
:10CA00000E38136814460D469A7B09283ED8DFE895
:10CA100000F0053D3D3D0F3D183D3D27042A05D161
:10CA20002046FFF7E7F82046F7F78AF8002038BDE0
:10CA30000E2AFBD1002220461146BDE83840FFF700
:10CA400085BA202AF2D12046FFF7D4F8002DEDD088
:10CA5000226892F8663023F0200382F86630E5E71A
:10CA6000DA7B262AE2D100252046DD73FFF7D4F8D1
:10CA7000236893F82C31012B03D129462046F5F782
:10CA800067FF2368002283F82C21CFE740F2622160
:10CA90003120F4F777F908B50368DA7B172A04D058
:10CAA00040F27E513120F4F76DF91D22DA7308BD92
:10CAB00008B590F89E30FE2B04D040F67A11312054
:10CAC000F4F760F9002380F89E1080F89F3012B9C7
:10CAD000A0F8522008BDA0F84A30012380F84E305B
:10CAE000F8E708B50368DA7B342A05D10022DA7347
:10CAF000BDE80840FFF790B8172A02D11D22DA736B
:10CB000008BD40F293513120F4F73CF908B50368B1
:10CB10009A7B082A0AD193F8991093F8A0209142A1
:10CB200004D100229A7383F84E2008BD1A681107B9
:10CB300006D522F008021A60BDE80840FFF76CB87D
:10CB40004FF4AF613120F4F71DF9037D63B9C37B66
:10CB5000A3F10F02032A07D990F8560028B11F2B22
:10CB60008CBF0020012070470120704702460068FA
:10CB70004978837B202B13D00AD8042B12D00E2B9C
:10CB800012D0C37B262B0CBF1720FE20F8F7D4BC95
:10CB90002A2B03D02C2B09D0242BF2D11620F5E719
:10CBA0001420F3E70E20F1E71220EFE72320EDE752
:10CBB000024600680B4690F8661041F0040180F8C8
:10CBC000661099785878F8F7B7BC38B50C46054622
:10CBD000D1E92F01F4F7AEFC637B3BB104F502749D
:10CBE000204600F01AF9204600F023F928460221D9
:10CBF000BDE83840F4F704BC0020704708B5F6F7EC
:10CC0000E9FCBDE80840F6F797BE0022C2818274B5
:10CC100090F8503013B10221F7F7C4BC0321FBE7B1
:10CC200038B504460846E37B03F0FD0394F8682218
:10CC300012B10C25284638BD152BFAD194F8843250
:10CC400003F0FF05002BF4D191B194F8D63123B94C
:10CC500040F67A313120F4F795F8052304F180028B
:10CC600004F5E37100F03AFC012384F86832E1E74F
:10CC70000223FAE7F6F722BD08B5F9F77FFCF9F7CA
:10CC800097FAF9F7C5F9BDE80840FAF7E5B810B525
:10CC9000C824F9F751FA022808D1013C14F0FF0426
:10CCA000F7D10620F6F7ECFB204610BD431E584294
:10CCB0005841FAE710B5F9F779FC044600F034F969
:10CCC000201841F1000110BD38B504461546F9F7AA
:10CCD000F9FA01462A462046BDE83840F9F796BDE4
:10CCE00019B943780BB1C3788370704710B5044607
:10CCF0000846F9F7BDFF4FF47A73B0FBF3F0201A42
:10CD000010BD10B504460846F9F7B2FF4FF47A7229
:10CD100000F2E733023CB3FBF2F3E01A10BD00F07F
:10CD200038B8801A00F3070038B50D46144659B2DA
:10CD300040B2FAF71FFB0023287020446B7040B20A
:10CD400038BD0023036070477047002070474FF0E4
:10CD5000FF3070474FF0FF30704770474FF0FF30A3
:10CD60007047002070470020704700230370704711
:10CD70009DF800300022FFF7D4BF4FF0FF3070471E
:10CD8000002070474FF0FF3070474FF0FF30704782
:10CD9000704770470020FAF731BB0020FAF708BC53
:10CDA0000020FAF719BC0020FAF728BB7047FAF701
:10CDB00061BCFAF773BCFAF763BC08B5FBF7A4FDD6
:10CDC000FCF7CAF8FCF720F8BDE80840FBF7F4B917
:10CDD000FCF72EB9FBF7E6BDFBF7FCBDFCF752B93B
:10CDE00000F03DB9FCF744B9FCF734B910B5837FC6
:10CDF0008BB9034601F1180251F8044B914243F8F4
:10CE0000044BF9D1012484772146FAF7D7FFFBF7C9
:10CE1000BBFD204610BD0020FCE710B504460221F2
:10CE2000FAF7CCFFFBF7B0FDA07FB0FA80F0400925
:10CE300010BD38B50446A37F03B938BDA37F032BCB
:10CE400002D0A37F042B0ED1EFF3108572B62046DB
:10CE5000FBF7DEF905B962B6A37F002BEDD0FF2109
:10CE60000320FCF723FBA37F012B02D14FF4827137
:10CE7000F6E700F03DFBDEE7F8B50746FBF7F2FD0D
:10CE8000044620B940F229110320FCF70FFBFBF701
:10CE9000EFFDA46800252418384641F1000622461B
:10CEA0003346FBF73DFAA04271EB060309D3001BA2
:10CEB0006FF0010361EB0601834275EB010102D3C0
:10CEC000F8BD2846FCE74FF0FF30F9E72DE9F041C7
:10CED00004460F46FBF7C6FD064620B94FF4A37182
:10CEE0000320FCF7E3FA8568002362195B4113B164
:10CEF0000020BDE8F081FBF7BBFD2A18384641F160
:10CF0000000314EB020843F10005FBF709FA404562
:10CF1000A941EDD3FCF78CF800F05FF8B36801206D
:10CF200037752344B360E4E7FBF7A2BD8068704720
:10CF3000F8B50369044623B14FF4D1710320FCF71F
:10CF4000B5FAFCF775F805460E46FAF775FE70B3AC
:10CF50006435D4E9003246F10001AB4272EB0100C6
:10CF600001D22B460A46C4E90032EFF3108572B6AF
:10CF7000FBF778FD064698B1FBF77AFDB3680B33F3
:10CF80002CBF012200221B18D4E9006042EB0101F2
:10CF9000B34271EB00023CBF33460146C4E90031A5
:10CFA00005B962B62046BDE8F840FBF72FBAFAF79C
:10CFB00063FE0746FBF76AFDB84238BF3846963530
:10CFC00046F100024319D4E9000142F10002834214
:10CFD00072EB0105C7D20346C4E7FBF709B8032982
:10CFE00010B5044606D801290ED840F25D11B020D4
:10CFF000FCF75CFA0429F8D1FAF7F6FE20B12046D6
:10D00000FBF782FA022010BD0020FCE77047C0E960
:10D0100008122022002100F0F7BA10B5037886B07C
:10D02000044623B14FF4AB714520FCF73FFA05935A
:10D03000CDE90333D0E90423CDE90023436802930B
:10D04000037A68468DF81430FFF772FF0120DDE99E
:10D050000023C4E9042306B010BDFBF76FBE10B572
:10D06000029C241841F10001A01A61EB0301B0F108
:10D07000004F71F1000103DBAA210420FCF716FA2E
:10D0800010BD08B500230B8581F82A300B6A0921F1
:10D09000984728B103781BB1E9216A20FCF706FA0A
:10D0A00008BD436A19444162A1F19600FFF792BEA0
:10D0B000F8B5044620B940F2AD116A20FCF7F6F944
:10D0C00090F85850052900F2C780DFE801F003808E
:10D0D00043656F7990F82A30033B012B02D94FF456
:10D0E000DC71EAE7052380F82A30002380F8593004
:10D0F0000378EBB12378012B24D1FBF7ADFD6368F6
:10D1000094F828606362C4E90601F6B9FFF76AFE85
:10D1100031462046FFF7C5FF236A31462846984727
:10D1200001462046FCF762F8022840F09880F8BDDE
:10D13000FFF74EFE07460E46FBF78EFD87428E41F7
:10D14000F6D3D7E7D4E90401D9E72046BDE8F84093
:10D15000FCF718B890F82A30DA1E012A02D940F2FA
:10D16000ED11AAE790F828202AB121462846BDE80B
:10D17000F840FFF786BF042B036A18BF012180F82F
:10D180002A100521284698470028D0D00378002B84
:10D19000CDD04FF4007190E790F82A30052B02D0E3
:10D1A00040F2062189E7036A0221B7E790F82A30A6
:10D1B000052B02D04FF403717FE7036A0121ADE72D
:10D1C00090F82A30052BC0D040F2122175E790F874
:10D1D0002A30052B07D090F829200AB1032B02D062
:10D1E00040F2172169E794F82820002ABDD194F86D
:10D1F000593083B102230821284684F8592084F845
:10D200002A30236A9847002891D00378002B8ED0CB
:10D2100040F2232151E794F8292062B1214604F11C
:10D22000300084F82930FBF7B7FC00287FF47FAF8B
:10D230004FF40A7141E702230721284684F82A3077
:10D24000236A984700283FF472AF0378002B3FF41D
:10D250006EAF40F22F2130E74FF40D712DE701281A
:10D26000236A0CBF0421032158E770B50024FCF7A2
:10D270007FF805462646E0B2854200D870BDFCF72F
:10D280007DF80134068580F82A60F4E7F8B5044695
:10D290000D460027FCF76CF80646F8B2864204D823
:10D2A000082D0CD96FF0150008E0FCF767F890F82E
:10D2B0002A300137002BF0D04FF0FF30F8BD2CB1F1
:10D2C00029462046BDE8F840FCF764B821462046D0
:10D2D000F8E710B50446FCF751F8014688B190F81C
:10D2E00028308BB990F82A3073B1013B012B04D858
:10D2F0002046FFF7C6FE002010BD012380F828302D
:10D30000F9E76FF00100F7E76FF02200F4E770B57E
:10D310000D46FCF733F8044600284CD090F82A60FC
:10D32000731E012B4DD8002D48D02846FBF7FEFE7A
:10D33000002843D02B780BBB012323702B796A790B
:10D34000003B18BF0123002A14BF0422022243F02D
:10D3500004032272AA68A5326260EA68637203233A
:10D360002261214604F1300084F82A30FBF714FCD6
:10D3700050BB40F2C1216A20FCF798F8022E20D160
:10D38000002323702B796A79003B18BF0123002A00
:10D3900018BF042643F004032672EA686372A532BC
:10D3A000A9686260D4E906325B1842EBE172C4E915
:10D3B00004320423D5E76FF0010070BD6FF0150053
:10D3C000FBE76FF02200F8E70020F6E7F8B50379F5
:10D3D00004461BB11B219D20FCF768F846790171BA
:10D3E00026B901234371217909B96171F8BD276814
:10D3F00020462671B84702280546F4D1032120466D
:10D40000B84708B12F21E6E7236829462046984708
:10D410000028E8D03021DEE70346006800B97047F5
:10D420008842F9D102681A60704701F1100301388F
:10D4300013F8012D8B4200F8012FF9D170472DE927
:10D44000F04713F0010F8EB004460D4617469A467A
:10D45000DDE9168924D006A8FFF7E7FFA30735D03A
:10D4600002AA04F110052068083454F8041C13467D
:10D47000AC4203C31A46F6D106AD02AC1AF0020F55
:10D480004346CDF8009023D0294620460AAAFCF74F
:10D49000B7F80AA93846FFF7C8FF0EB0BDE8F08715
:10D4A00013F0040F0DD106AB0E4601F1100C1D4612
:10D4B0003068083656F8041C1A46664503C21346FF
:10D4C000F6D1214602A8FFF7B0FFD6E706ADD5E7B3
:10D4D0003A4629462046FCF793F8DEE713B50024C8
:10D4E000CDE90044FFF7ABFF02B010BDFCF78CB9EB
:10D4F00020BF704720BF70479142F8B503D3732116
:10D500009620FBF7D3FFB2FA82F33BB1C3F12004BC
:10D5100099409A4020FA04F4984021434FEA124C73
:10D5200093B2040C87B2B1FBFCF50CFB151E05FB96
:10D5300003F64FEA0E4E0EEB1040864205D9361A1E
:10D54000964294BF01260226AD1B04EB014128043C
:10D5500005FB1211B1FBFCF40CFB1411634307EB48
:10D560000147BB4205D9DB1B934294BF0123022331
:10D57000E41A2043F8BD2DE9F0411D4607460C464C
:10D58000164652EA050303D1A6219620FBF78EFF2B
:10D5900085B9914204D2FFF7AFFF2946BDE8F0817B
:10D5A00008462946FFF7A8FF05463246384606FBDF
:10D5B0001541F0E7B5FA85F80123400803FA08F3AE
:10D5C000C8F11F0840EAC470A3FB0212610803FB04
:10D5D0000522FFF791FF30FA08F04FF0000102D06A
:10D5E000013861EB010100FB05F3A0FB062C06FBF3
:10D5F0000133BF1A634464EB0304B742AC41CDD39B
:10D60000013041F10001C9E7F0B5C9B20446A307F2
:10D6100026460ED14FF0013522F003034D43E718A3
:10D62000BC420CD1334402F003021A44934209D1A4
:10D63000F0BD002AFCD0013A04F8011BE7E744F8EA
:10D64000045BEDE703F8011BF0E700280CBF6FF067
:10D65000150000207047002070470723037000204A
:10D66000704700207047002070472DE9F0478C4636
:10D670008E46089E154604461946002B40F0D08081
:10D68000724547D9B2FA82F74FB1C7F120030EFABB
:10D6900007FCBD40BC4020FA03F343EA0C0C4FEA00
:10D6A000154EA8B2230CBCFBFEF80EFB18CC08FBF1
:10D6B00000F943EA0C43994528D9EB1808F1FF32E9
:10D6C00004D2994502D9A8F102022B44A3EB090325
:10D6D000A4B2B3FBFEFC0EFB1C330CFB00F044EACF
:10D6E0000344A04214D92C190CF1FF3304D2A042F8
:10D6F00002D9ACF102032C44241A43EA02401EB1C1
:10D70000FC40002334607360BDE8F0874246DDE7EB
:10D710006346F1E7002A79D0B2FA82F3002B3FD0BA
:10D720001946C1F1200302FA01F500FA01F42EFABC
:10D7300003F20EFA01FE20FA03F3AFB243EA0E033E
:10D740004FEA154EB2FBFEFC0EFB1C201A0C0CFB24
:10D7500007F842EA004290455AD9AA180CF1FF3066
:10D7600004D2904502D9ACF102002A44A2EB08028F
:10D770009BB2B2FBFEFC0EFB1C220CFB07F743EA3C
:10D7800002439F4246D9EB180CF1FF3204D29F426C
:10D7900002D9ACF102022B44DB1B42EA004202E058
:10D7A000AEEB020301224FEA154EAFB2200CB3FBE1
:10D7B000FEFC0EFB1C330CFB07F840EA03439845C4
:10D7C0002AD9EB180CF1FF3004D2984502D9ACF1FC
:10D7D00002002B44A3EB0803A4B2B3FBFEFC0EFB38
:10D7E0001C330CFB07F744EA0344A74216D92C1953
:10D7F0000CF1FF3304D2A74202D9ACF102032C444E
:10D80000E41B43EA00400F46114678E71F2188E7F2
:10D810006046ABE76246BFE76046DBE76346EFE79B
:10D82000734506D916B9002108466DE7C6E9000E12
:10D83000F9E7B3FA83F787B9734501D3824207D872
:10D84000841A6EEB030301209C461EB900215BE79E
:10D850003846FAE7C6E9004CF8E7C7F1200CBB40B0
:10D8600000FA07F422FA0CF520FA0CF1BA401D4335
:10D870002EFA0CF30EFA07FE4FEA154941EA0E01A3
:10D880001FFA85FEB3FBF9F809FB18300B0C08FBF7
:10D890000EFA43EA00439A4540D9EB1808F1FF30ED
:10D8A00004D29A4502D9A8F102002B44A3EB0A0343
:10D8B00089B2B3FBF9F809FB183308FB0EFE41EA05
:10D8C00003418E452CD9691808F1FF3304D28E45E7
:10D8D00002D9A8F10203294443EA0040A1EB0E015A
:10D8E000A0FB02984145CE46434602D306D14C45A3
:10D8F00004D20138B9EB020E68EB0503002EA5D067
:10D90000B4EB0E0261EB030101FA0CFC22FA07F3FF
:10D91000F9404CEA0303C6E9003197E74046C5E702
:10D920004346D9E70000000010B586B04E4826F007
:10D9300047FF4E4B1870002825D14C4B1B781BB16C
:10D940004B4B5B68002B30D1022204A9494819F0E7
:10D9500027FF002839D1454B1B78002B3CD0464986
:10D96000464803F0B3F9414B1B78002B36D13F4BAF
:10D970001B78002B6BD14249424800F06FFF3B4BB4
:10D98000187806B010BD04F0BDF80028D5D1384C89
:10D9900028220021204617F059FF3B4B23604FF40B
:10D9A0000773238204F0DCF8C7E724F0C9FA304B90
:10D9B0009A68DB6890429941C6D224F0C1FA2C4B98
:10D9C000C3E9020104F0CCF8BEE7294BBDF81020F2
:10D9D0001A8204F0C5F8BEE72C49C1E7244BB3F91D
:10D9E000101081EAE172A2EBE17292B2284880FB4A
:10D9F000024313445B11C3EB031380FB0140084453
:10DA0000C917C1EB6011A2EB830209B2214803F0F0
:10DA10005DF904F0C5F918B104A804F03BFA18B98F
:10DA20001D4803F053F9A2E79DF810309DF811202E
:10DA30009DF812100291019200939DF815309DF807
:10DA400014209DF81310154803F040F98FE704A344
:10DA5000D3E90023CDE90023114814F049FB8AE7FC
:10DA6000389C1C00000000002C7D0400E27C00209B
:10DA7000A82B00207CA304002C8F040084A30400A6
:10DA8000B91F0200E8A3040031435452AC910400D2
:10DA90008988888894A30400D0A30400A8A3040064
:10DAA000601B00200000000010B54FF0FF304FF069
:10DAB000FF3109F043FAD8B1044608210C301CF0BC
:10DAC0004EFE02460E4B93F8D83013F0010F0BD1E7
:10DAD0000C484FF000511DF068FE0022214640F630
:10DAE000014009F0EBFA10BD03A1D1E90001F2E712
:10DAF0006FF06800F7E700BF908800020080002008
:10DB0000700100201088000230B583B0164D00244B
:10DB100000946FF009034FF480621449284613F013
:10DB2000B9FA1349284613F06BFB1249124827F043
:10DB30000CF9224604211C201CF03AFB0F4B012259
:10DB4000D3E8EF1FC3E8E02F0028F9D104A3D3E9FD
:10DB500000230B49284627F09CF9204603B030BD2E
:10DB6000389C1C0000000000683F0020F0B300203B
:10DB700044B30400F3270400AC770020447700206E
:10DB8000200500200000000008B5094BD3E8AF3F96
:10DB900003B908BDFAF756F803A3D3E900230549F2
:10DBA000054827F076F9F4E7389C1C0000000000D7
:10DBB0004477002020050020683F0020000000007E
:10DBC00038B5174B98420ED00133984211D0023B22
:10DBD000984214D10CA5D5E90045C2E90045114B86
:10DBE0000B60002038BD0AA5D5E90045C2E9004513
:10DBF000F5E709A5D5E90045C2E90045EFE716F0CC
:10DC00002FFFEFE7AFF3008001C0FF7F00000000AF
:10DC100002C0FF7F0000000003C0FF7F0000000083
:10DC200002C0FF7F03004E8008B5024813F03AF8A7
:10DC300008BD00BFA043002030B589B001220021FB
:10DC4000164826F06CFF164804F054FF08B909B0D6
:10DC500030BD4FF4E131134B187800F05FFA044601
:10DC600000220023CDE9062300230493052203921A
:10DC70000293019300930C4B4FF480520B490C48D4
:10DC800027F0A6F905460B4913F0BAFA24B10DB1F5
:10DC90000120DCE70020DAE70020D8E7A0430020DD
:10DCA00029DC0100CC7C0020B9DC0100F87C0020DC
:10DCB000B0290020288F040010B500F045F902E0DB
:10DCC0000A2019F05DFA2A4B1B78002BF8D000F0DF
:10DCD000DBFC284B1B7813BB002401F0E5FB58B399
:10DCE000244B01221A707CB3224B00221A7000F0E0
:10DCF00039FA204B1B7898422BD119F0E1F9002812
:10DD0000E1D11D4813F02CF819F0DAF90028DAD126
:10DD100047F612220023184812F0FAFFD3E700203A
:10DD200004F000FE08B90024D7E7002000F088FACC
:10DD300080F00104E4B2D0E70E4B1B78012BD2D166
:10DD40000C4B00221A70CEE700F0AAFA0028CED0C1
:10DD5000CAE74FF4E131184600F0E0F94FF4E13141
:10DD6000044B187802F058FF00F0F0F9C5E700BF47
:10DD7000041B0020CC7C0020A0430020F8B51B48E9
:10DD800002F0A4FF01252E4627E04B6ACBB198474D
:10DD90000640174B59683944E0B1164A164802F05C
:10DDA00095FF0134124B1B68A34215DD104B5968D7
:10DDB00004EB44031F0101EB031191F82020AA4258
:10DDC000E3D0531EDBB2022BEBD90C4802F07EFFEE
:10DDD0000026E6E70A4AE1E70135032D01DC0024CD
:10DDE000E0E7084B01221A703046F8BD388F040076
:10DDF000B04300202C8F04004C8F04005C8F040083
:10DE0000308F0400CD7C0020F8B504460388012B38
:10DE100005D000262388012B20D056B3F8BD4369D6
:10DE200017490020984706460028F3D0154D296869
:10DE3000154800F04FFA6F6800250AE005EB45022F
:10DE400007EB021292F820302946104800F042FAFF
:10DE500001350C4B1B68AB42F0DCDBE763690C4916
:10DE6000002098470028D8D000210A4827F0E2FA7D
:10DE7000D4E7094800F02EFA084800F02BFACDE765
:10DE8000788F0400B0430020808F0400908F04003E
:10DE9000A48F0400A1DE0100AC8F0400BC8F04003D
:10DEA00070B584B0044627F086F805460023039336
:10DEB000D4F8A06003A9204627F0BDF865B120463C
:10DEC00027F076F802460096039BF31A294603488A
:10DED00000F000FA04B070BD014DF0E7D08F0400EF
:10DEE000CC8F040010B50F4A0F4B9B1A0F49A1FBB2
:10DEF00003135B090E4C236062600E4802F0E6FEDD
:10DF000021680D4802F0E2FEFFF738FF04460B4996
:10DF10000B4800F0A3FC01210A4827F0F5FB20463E
:10DF200010BD00BF14E2040044E20400ABAAAAAA98
:10DF3000B0430020F08F04000490040009DE0100CB
:10DF400018900400041D002000B583B04FF0FF328C
:10DF50004FF0FF33CDE9002300220121024827F0D2
:10DF6000E4FB03B05DF804FB041D0020064BB3F88E
:10DF70007836984205D2044BD3F87C3653F820000B
:10DF800070470020704700BFBC43002008B503461F
:10DF9000094AB2F8782690420AD20846064AD2F8D0
:10DFA0007C2652F82310FBF70DFD18B1002000E08D
:10DFB000002008BD0120FCE7BC43002008B5084B49
:10DFC000B3F87836984201D3002008BD044BD3F84B
:10DFD0007C36002153F8200017F0A2FDF5E700BFC2
:10DFE000BC43002008B5084BB3F87836984201D3FB
:10DFF000002008BD044BD3F87C360022114653F8AC
:10E00000200017F0ABFFF4E7BC43002010B5044636
:10E010000449007819F0E1FD0349207819F0DDFD8D
:10E0200010BD00BF209004002490040038B590F883
:10E03000973143B304460D4690F8F12322BB94F880
:10E04000F22332BB012D29D094F99511013194F8B6
:10E05000973191FBF3F203FB121184F89511C9B2C9
:10E0600001EB411301EB43012144432201F5CC7143
:10E0700004F56C70FBF7E2FD94F8F23384F8F133A9
:10E08000002384F8943138BD0F49007819F0A5FDBC
:10E09000D5E70E49207819F0A0FDD3E794F8943124
:10E0A0001BB194F9963184F8953194F9951194F84F
:10E0B00097311944013991FBF3F203FB121184F8F3
:10E0C0009511C9B2CCE700BF2C9004003490040035
:10E0D00070B582B006460024A0F8124100F58A759A
:10E0E000C0F8144101AA0C4900F56C7017F096FCB9
:10E0F000234609E05C1CA4B245F8230001AA0649A6
:10E10000002017F08BFC23460028F3D1A6F812312B
:10E1100003B1012002B070BD3C9004000A4B18709E
:10E120001B7A1BB1084B5B688B4200D011B9064BC0
:10E13000187A704710B5044C616004F05DFB2072E2
:10E14000014B187A10BD00BFBC43002008B5044B3A
:10E150001B7A03B908BD0248FFF758FFFAE700BF72
:10E16000BC430020014B1878704700BFBC4300201F
:10E1700038B5234B5B7A03B938BD054690F8F123D7
:10E180002049C07A19F029FD95F8F2231E49E87A52
:10E1900019F023FD95F8F0231C49E87A19F01DFDCC
:10E1A00005F56C721A49E87A19F017FD95F9952171
:10E1B0001849E87A19F011FD95F896211649E87A80
:10E1C00019F00BFD95F897211449E87A19F005FD2F
:10E1D00000240CE004EB441304EB430303F5CC737D
:10E1E0002B4422460E49E87A19F0F7FC013495F8E1
:10E1F0009731A342EEDC0B49E87A19F0EEFCBBE75D
:10E20000BC43002044900400549004006490040037
:10E21000749004008490040094900400A49004007E
:10E22000B490040010AA0400014B1860012070474C
:10E23000B8430020014B1878704700BFD07C002005
:10E2400038B50546124B1B6803B3124B1B78BBB99C
:10E25000284604F067FB98B1284604F057FC0446B2
:10E260000B4B1B6801462846984703460028ECD113
:10E27000084A01211170084A1470084A157003E019
:10E28000044B1B7883F00103184638BD0023FBE7DD
:10E29000B8430020D07C0020CF7C0020CE7C002022
:10E2A00008B5024B187804F03DFB08BDBC430020C4
:10E2B00008B5024B187804F029FC08BDBC430020C7
:10E2C00008B50A460146024B187804F055FC08BD13
:10E2D000BC4300200FB410B582B004AB53F8042B3C
:10E2E0000193084C4FF48071204618F0F3FB02466E
:10E2F000214614F8110C04F03FFC02B0BDE81040B8
:10E3000004B07047CD43002038B50546FFF7E0FE66
:10E3100008B9002038BD1848FFF7DCFFD5F8140114
:10E3200018F0D8FF0123AB720024B5F8F433A342F0
:10E330001EDD04EB8401890001F57E712944D5F8C6
:10E340001401FBF73FFB08B10134EEE7B5F81231D9
:10E35000013BA5F8783605F58C73C5F87C3604EBDF
:10E36000840405EB8404D4F8083405F5CF6098479D
:10E370000023AB72CDE700BF88AA040030B585B09A
:10E3800004468DF80710037CBBBBCBB21B2B32D0ED
:10E3900012D8082B4BD00D2B40F0848090F8F2332C
:10E3A0001BBB002384F8F23384F8F13384F8B033D4
:10E3B0002046FFF72BFE20E07F2B73D190F8F1C3AE
:10E3C00090F8F2E3F44518D2AEEB0C05EDB2012261
:10E3D00095421DDD0CEB0203591E234493F8B00354
:10E3E000631883F8B0030132F2E718F04CFF2046BF
:10E3F000FFF78AFFD5E701230374237C013B032B3E
:10E4000000F2A580DFE813F0A100A900AC00330101
:10E410000EF1FF3E5FFA8EFE84F8F2E3A64400237D
:10E420008EF8B0339349207819F0D7FBE5E790F8E0
:10E43000F2335BB390F8F10340B3834209D094F810
:10E44000F2C3604522D2ACEB000E5FFA8EFE0022D2
:10E4500011E0013BDBB284F8F2332344002283F85D
:10E46000B023ECE78318591E234493F8B053631884
:10E4700083F8B05301329645F4DC0CF1FF33DBB284
:10E4800084F8F2332344002283F8B02394F8F13364
:10E49000002BB2D0013B84F8F1337749207819F092
:10E4A0009CFBAAE794F8F233591C94F8F0239142AC
:10E4B000A3DA94F8F123934215D094F8F1C394F8B9
:10E4C000F203844599D2A0EB0C05EDB200229542EF
:10E4D00024DD831A591E214491F8B013234483F894
:10E4E000B0130132F3E701220DF10701207804F0A7
:10E4F00043FB94F8F123A3189DF8071083F8B01399
:10E5000094F8F2330133DBB284F8F233013284F849
:10E51000F1232344002283F8B023CEE79DF807209F
:10E5200004EB0C0383F8B0230130C0B284F8F2038B
:10E530000CF1010C84F8F1C32044002380F8B033BF
:10E540004E49207819F049FB57E7022323742046EF
:10E55000FFF70EFE002005B030BD03232374F6E75D
:10E56000002323749DF80730442B26D09DF80730F4
:10E57000432B37D09DF80730412B4AD09DF8073008
:10E58000422B50D09DF80730312B56D09DF80730E4
:10E59000342BDCD194F8F13394F8F223934258D31E
:10E5A00094F8F12394F8F2339A4259D894F8F2335C
:10E5B00084F8F13304232374C9E794F8F123002A83
:10E5C000D4D0013A84F8F1231B228DF808205B2275
:10E5D0008DF809208DF80A30032202A9207804F072
:10E5E000CBFAC3E794F8F12394F8F2138A42C1D22C
:10E5F000013284F8F1231B228DF808205B228DF86C
:10E6000009208DF80A30032202A9207804F0B4FA18
:10E61000B0E701212046FFF709FD04F56C71207871
:10E6200019F0DBFAAAE700212046FFF7FFFC04F50A
:10E630006C71207819F0D1FAA4E794F8F12310490D
:10E64000207819F0CAFA002384F8F13304232374E4
:10E650009CE7D21A92B20B49207819F0BEFA9FE7D4
:10E66000D21A92B20649207819F0B7FA9EE7002331
:10E6700023746CE7C4900400CC900400D490040090
:10E680002C900400E090040038B5184B1C7A6CB153
:10E69000174B1D782DB1154B1A78164B1B789A42E3
:10E6A00006D0124B187804F03DF958B9204638BD11
:10E6B0000F4B00221A70104B19780C48FFF75EFEC2
:10E6C0002C46F3E7094B187804F020FA05460B4B6B
:10E6D0001B6823B10146054A1078984720B929469E
:10E6E0000248FFF74BFEE1E70446DFE7BC430020AA
:10E6F000D07C0020CE7C0020CF7C0020B8430020BE
:10E7000010B50F48FFF7E6FD0E48FFF7E3FD0024C4
:10E710000CE004EB8403980000F57E700A4B18446B
:10E72000FFF7D8FD0648FFF7D5FD0134064BB3F8D7
:10E73000F433A342EDDC0548FFF7CCFD10BD00BF6C
:10E7400088AA0400E8900400BC430020089104005B
:10E750002DE9F04383B00388446873B1012B12D8CC
:10E76000102700221146206817F0F8FB06462C48B7
:10E77000FFF7B0FDB04600241BE02A48FFF7AAFDD2
:10E7800003B0BDE8F08300221146606817F0E6FB95
:10E790000746E6E731682448FFF79CFD624204F033
:10E7A000030302F0030258BF5342032B0BD004367D
:10E7B0000134BC42E4DA14F0030FEBD131461B48BC
:10E7C000FFF788FDE6E71A48FFF784FD4FF00009E0
:10E7D00017E01848FFF77EFD0135032D0DDC05F12C
:10E7E00008036B4413F8041CA1F12003DBB25E2B79
:10E7F000EFD81148FFF76EFDEEE708F1040809F1C4
:10E800000109B9F1030F04DCD8F8003001930025A9
:10E81000E3E70A48FFF75EFD012018F0B1FCC6E708
:10E820003C9104002891040050910400449104009C
:10E8300058910400609104005C910400649104000C
:10E8400008B518F062FD044B187804F06BF808B9AD
:10E85000012008BD0020FCE7BC4300202DE9F04169
:10E86000114BB3F8F4531F2D02D90020BDE8F081FD
:10E870000E46AF0005EB8504A40004F57E749846AF
:10E880001C4401462046FBF77BF92F4408EB870721
:10E89000C7F80864204618F01DFDB8F8F4330133BA
:10E8A000A8F8F4330120E1E7BC43002008B5134881
:10E8B0000023037243728372037480F8953180F8E9
:10E8C000963180F8973180F894310D4BC0F880363E
:10E8D0000C4BC0F884360C4BC0F888360B4BC0F894
:10E8E0008C3618F0C5FC0A490A48FFF7B7FF0A49F9
:10E8F0000A48FFF7B3FF012008BD00BFBC4300205A
:10E90000E5DF0100BDDF01006DDF01008DDF0100EB
:10E9100001E701006C91040051E7010074910400CB
:10E9200008B518B90348FFF7D5FC08BD0248FFF742
:10E93000D1FCFAE7789104008091040070B582B0B0
:10E940008446084614461D461B68DA174FEAEC71E8
:10E9500003FB01F10CFB0211A3FB0C3C614400938F
:10E96000019169460EF0A4F90646F8B9019AC4F17E
:10E970002001B4F12000009B23FA04F302FA01F114
:10E9800043EA010302D442FA00F003432241009318
:10E99000019213F1004342F100024FF0FF3199421E
:10E9A0004FF00003934104D3009B2B60304602B02C
:10E9B00070BD024819F0F8FAF6E700BF889104002C
:10E9C00038B50024002C0DDD0125174B1D7045B313
:10E9D0001649174802F07AF916491748FFF73EFF23
:10E9E000284638BD6301154AD05825F0E9FE054692
:10E9F00040B1124800EB441018F088FC002809DBF5
:10EA00000134DFE764010D4B1B5919680C4802F013
:10EA10005DF9DAE7024621460A4802F057F9002577
:10EA2000D3E70949D5E700BFD17C00202C8F040033
:10EA3000FC9104005DEB01000C92040088B304001B
:10EA4000B0910400CC910400AC91040010B586B0E4
:10EA50000023ADF8163000930193029303930493BF
:10EA60000DF11603029302230393002838D10446C4
:10EA70001D4B1B780BB9002033E04FF0FF324FF0F5
:10EA8000FF331A4812F000F8194B03EB44135B797B
:10EA900063B1174B03EB4413197901228A400192A9
:10EAA0001A7C8DF810205B7C8DF811306301104AC0
:10EAB000D05883685B686946984700280BDB0D4B8C
:10EAC000BDF8162023F81420084812F05DF8094B11
:10EAD00033F9140005E0074B002223F81420F3E774
:10EAE000002006B010BD00BFD17C0020641C0020B7
:10EAF00088B304004C4A002000B583B0019118B1DE
:10EB0000002003B05DF804FB0B4901EB401101ABA1
:10EB10008A1D0A4818F007FC00280BDB019840F218
:10EB2000BE5303FB00F0064B83FB0023C017C0EB72
:10EB3000A310E6E70020E4E788B304003DE9010004
:10EB4000D34D621020B9034B03EB40139869704713
:10EB50000148704788B30400109204002DE9F04387
:10EB600085B004460388012B08D000252388012B9B
:10EB700030D0002D66D005B0BDE8F083436935493B
:10EB80000020984705460028F0D0334B19783348C9
:10EB9000FFF7A0FB0026002EE8DC5FFA86F91021C3
:10EBA000484618F0DDFB07464846FFF7CBFF804696
:10EBB00039464846FFF7A0FF4FF4EB730293012359
:10EBC000019300903B46424631462548FFF782FBC1
:10EBD0000136E0E763692349002098470028C8D040
:10EBE0000020FFF79DFE1EE0E7B21021384618F026
:10EBF000B7FB05463846FFF7A5FF064629463846C7
:10EC0000FFF77AFF00902B46324621461648FFF761
:10EC100061FB0134002CE7DDC82018F0B1FA0121B6
:10EC20001248FFF757FBFFF70BFE08B10024F1E78E
:10EC300001210F48FFF74EFB0120FFF771FEFFF7A0
:10EC400037FB98E70B48FFF745FB0B48FFF742FB04
:10EC500091E700BF788F0400D17C00201892040057
:10EC600028920400549204005C9204007C920400F8
:10EC7000849204008C9204009892040070B50646B9
:10EC80000F4D104BED1A6D09002400E00134AC4229
:10EC900008DA0C4B03EB44139B69002BF6D030468B
:10ECA0009847F3E7084B186820B10AF03DF8064B87
:10ECB00000221A6000F090FA044812F0E3F970BDE7
:10ECC00064E2040044E20400504A002008060020E8
:10ECD00070B582B0154D164BED1A91B906466D0907
:10ECE0001DF07DFF134B1860134B1B68019301A9A6
:10ECF00030461EF094F8014640B900F06DFA002449
:10ED000009E00E4801F0E2FF02B070BD0C4801F0CE
:10ED1000DDFFF2E70134AC42F6DA054B03EB4413B6
:10ED20005B69002BF6D030469847F3E764E20400B5
:10ED300044E20400504A0020E0880400B09204003D
:10ED4000C8920400024B1868003818BF01207047B1
:10ED5000504A0020014B1868704700BF504A0020FD
:10ED6000F8B5264F264BFF1A002008F0B9FB0646DF
:10ED7000C8B97F091AF0DFFE224808F023F92248BB
:10ED80000AF012FB214B01221A70214801F09EFF6C
:10ED900018F0FFFA01461F4801F098FF39461E4857
:10EDA00001F094FF11E001461C4801F08FFF0020A4
:10EDB00023E0012513E01A4A21461A4801F086FF94
:10EDC000124A13782B4013700136BE420BDA0C4CFA
:10EDD00004EB46142369002BEBD098470546002D21
:10EDE000E9D0114AE8E700F0DBF900F0FBF90F4940
:10EDF0000F48FFF733FD054B1878F8BD64E20400B7
:10EE000044E2040018060020E0050020D27C002027
:10EE1000FC9204000C9304001C930400DC92040098
:10EE2000308F04004C8F04002C8F0400CDEE0100C5
:10EE30002C93040070B110B50346074C074A2021FB
:10EE4000204616F039FE204608F0BCF8B0FA80F0F3
:10EE5000400910BD002070471806002030930400C0
:10EE600010B586B00446144B186818B3134B1B68D2
:10EE7000059305A91DF0D3FF014680B90E4B1A6812
:10EE80008CB101AB0E4903C983E803001946104653
:10EE90001EF013F8B0FA80F0400906B010BD094822
:10EEA00001F014FFEAE703AB074903C983E8030055
:10EEB0001946ECE70020F0E7504A0020E088040003
:10EEC000E4880400C8920400EC8804002DE9F041B5
:10EED0008CB004460388012B18D04FF0000823881B
:10EEE000012B00F08C802388022B00F0A580238862
:10EEF000022B00F0BD802388022B00F0D480B8F1F3
:10EF0000000F00F0EB800CB0BDE8F08143697B4955
:10EF10000020984780460028E1D0794F794BFF1AAE
:10EF20007F09794B1B784BB378497948FFF7D2F9C1
:10EF300018F02FFA01467748FFF7CCF9FFF702FFE8
:10EF4000F0B172497448FFF7C5F9744B186838B1CD
:10EF500001A90AF0C7FA18B99DF80430012B11D0A5
:10EF600000F088F9002838D06D496E48FFF7B2F9F3
:10EF700039466D48FFF7AEF9002631E06B49D4E71A
:10EF80006A49DFE7069A6A49A1FB02318B094FF40F
:10EF90007A7000FB1323674AA2FB0323DA0889096E
:10EFA0006548FFF797F9BDF81E106448FFF792F91E
:10EFB000BDF8201001EB810149006148FFF78AF993
:10EFC000099B5A7819785F48FFF784F90A9B9A8859
:10EFD00019885D48FFF77EF9C2E75C49C5E701364D
:10EFE000BE42BFF67CAF474D05EB46152946584853
:10EFF000FFF770F9EB69002BF1D09847EFE76369F1
:10F00000544900209847054600283FF46CAF434B15
:10F01000186860B113211DF059FE024628B94E4907
:10F020004E48FFF757F9A8465DE74D49F8E74D48C8
:10F03000FFF750F9A84656E763694B490020984707
:10F04000054600283FF453AF6369484901209847BB
:10F0500050B1464EFFF704FF40B1454A314645489E
:10F06000FFF738F9A84642E7434EF3E73C4AF5E795
:10F070006369424900209847064600283FF43BAFA9
:10F080002369012098470546236901209847FFF727
:10F09000D1FE30B1304A29463948FFF71BF9B04656
:10F0A00029E72F4AF7E76369364900209847002887
:10F0B0003FF425AF63692D490120984740B100F026
:10F0C00091F82A4940B1244A2F48FFF703F91AE77B
:10F0D00000F0C0F82849F5E7214AF5E72B48FFF78B
:10F0E000F9F82B48FFF7F6F82A48FFF7F3F82A4813
:10F0F000FFF7F0F82948FFF7EDF804E7788F0400F0
:10F1000064E2040044E20400D27C00203493040052
:10F11000649304007493040084930400504A002014
:10F120004493040008940400189404003C930400E1
:10F13000D34D6210CDCCCCCC94930400AC9304009E
:10F14000BC930400D0930400EC9304004C9304009F
:10F1500028940400309404002C8F04003C94040094
:10F16000308F0400589404006894040098950400BB
:10F170005893040070940400549304008494040091
:10F180008C940400A0940400A4940400B894040097
:10F19000C4940400D4940400E4940400F89404009B
:10F1A0000A4BD3F804230A4B0120D87000211971AF
:10F1B0005A71C2F3072C83F806C0C2F3074C83F8D8
:10F1C00007C0120E1A72034B1970704700C0FF007F
:10F1D0005C060020D37C0020014B00221A7070478F
:10F1E000D37C002010B58CB00DF11C0C144C0FCC4E
:10F1F000ACE80F002368CCF800300DF1080C0DF1DD
:10F200001C0EBEE80F00ACE80F00DEF80030CCF8B2
:10F210000030022200920B4B0B4902A809F004F9BE
:10F2200018B1014610F1780F04D10120074B187076
:10F230000CB010BD064801F049FD0020F8E700BF02
:10F24000F488040038060020A8B30400D37C002012
:10F250000895040008B51DF07FFA10B110F1780F81
:10F2600004D1034B00221A70012008BD0020FCE7E6
:10F27000D37C0020014B1878704700BFD37C00205E
:10F28000B0FA80F04009014B18707047D47C002020
:10F2900008B5FFF75FFDA0B11FF001FEC11E0A48CF
:10F2A000FFF718F8094B19680948FFF713F8094BDD
:10F2B0001B68094A1268094909680948FFF70AF8F2
:10F2C00008BD0021EBE700BF30950400604A002034
:10F2D00040950400544A0020584A00205C4A00200F
:10F2E0005895040038B5044617F050FF0546164BF4
:10F2F0001A68F2B192B21549204604F057FE60B187
:10F3000010F10C0F15D117F041FF431BB3F5FA7F35
:10F310000FD2022018F043F8E9E70D4A13680A49B2
:10F3200009680B4413600B4A136801331360012012
:10F3300006E0094A1368044909680B441360002079
:10F34000014B00221A6038BD644A0020684A002040
:10F350005C4A0020584A0020544A002038B5002555
:10F36000094B1D70094825F0C9FD094C4FF0FF32CB
:10F370004FF0FF33204611F087FB064B1D602046FF
:10F3800011F002FC38BD00BFD47C0020E00000205A
:10F39000B41C0020644A002010B5094817F064FF2F
:10F3A000084C4FF0FF324FF0FF33204611F06CFB5A
:10F3B000054B00221A60204611F0E6FB10BD00BF8D
:10F3C000684E0020B41C0020644A002008B50248A2
:10F3D00017F04AFF012008BD684E002008B502481A
:10F3E00017F042FF012008BD684E002008B50E4806
:10F3F00004F0D0FD08B1002008BD4FF400720B49A5
:10F400000B4817F0C7FE0B490B4B0B600B4B4B60C7
:10F410000B4B8B600B4BCB600B4B0B610B4B4B6166
:10F42000012003F0DBF9E7E768060020684C0020C4
:10F43000684E00207C4E0020DDF301009B7303002A
:10F4400075F40100CDF3010051F401000DF5010048
:10F4500000B583B000238DF8073001220DF10701BC
:10F46000034817F0CAFE9DF8070003B05DF804FBDF
:10F47000684E002008B5024817F0ECFE08BD00BF3A
:10F48000684E002010B51446054817F08CFE054A5A
:10F49000136823441360012003F0AAFA10BD00BFD3
:10F4A000684E0020604A002008B5FFF74BFC20B1F1
:10F4B000044B1B781BB9002000E0002008BD012090
:10F4C000FCE700BFD47C002010B5FFF743FC0446E6
:10F4D0004FF0FF324FF0FF330A4811F0D5FA0A4BD4
:10F4E0001B681BB9074811F04FFB10BDFFF7DCFF8D
:10F4F00020B11CB12046FFF7F5FEF3E7024B0022D6
:10F500001A60EFE7B41C0020644A00202DE9F84F90
:10F5100080460F46FFF71EFC8146FFF7C5FF002817
:10F5200045D0B9F1000F46D025F03CFD08B10024CC
:10F530003EE048461FF0B3FCC41E39D0B4F5007F4E
:10F5400028BF4FF40074A3464FF0FF324FF0FF3353
:10F550001A4811F099FA0024BC421BD23E1BDFF876
:10F5600060A0DAF80050ABEB05039E4228BF1E46B0
:10F57000324608EB040113482844FAF75FFB354490
:10F58000CAF8005034445D45E6D34846FFF7AAFE6A
:10F590000028E1D10A4B1B681BB9084811F0F4FAA6
:10F5A00006E03F220023084811F0C2FDF5E70024E1
:10F5B0002046BDE8F88F0024FAE700BFB41C002005
:10F5C000644A0020684A0020E000002038B58368C3
:10F5D00005699C697CB112F4000F06D02D680123E7
:10F5E0008B401D4201D082F0C062044B134002F0F8
:10F5F000B072A04738BD6FF05700FBE7400000062F
:10F60000014B01221A707047D57C002000B583B0F1
:10F6100000220023CDE9002340F271220023034899
:10F6200012F066FD03B05DF804FB00BF281B00204C
:10F630002DE9F04182B00024254656E017F0A6FDE2
:10F64000474FA20004EB840107EB0111486000233F
:10F650000B7404EB84031B0108333B440433D3E8ED
:10F66000EF5F45F00105C3E8E05F0028F7D1151909
:10F670002D0118353D444869C70E4201121A67F141
:10F680000007B90141EA926193019B1A61EB0701FE
:10F69000C90041EA5371DB001B1841F10001DB187E
:10F6A000494140F2E73298184FF47A724FF0000364
:10F6B00041F10001FAF788FB02460B4600200021C9
:10F6C000CDE90001284612F013FD07E00622D3E839
:10F6D000EF0F1043C3E8E10F0029F8D104EB8403D6
:10F6E0001B011F4AD65401250134032C2FDC1D4A6F
:10F6F000230102EB04110979D05817F0CAFE012842
:10F7000014BF0026012604EB84031B01144AD35CBA
:10F71000B342E9D0012891D017F038FDDFF84080DE
:10F72000A50004EB840708EB0717B86004EB84001E
:10F7300000011830404412F015FD2B191B0108334D
:10F74000434404333A7C002AC0D00222BFE71DB1F3
:10F75000054B1B6803B1984702B0BDE8F08100BFBC
:10F76000682A0020B8B30400944E002008B5436B0B
:10F770001A7802B908BD01221A740C33D3E8EF1FBE
:10F7800041F00801C3E8E21F002AF7D1024B1B68D1
:10F79000002BEFD09847EDE7944E002070B5002481
:10F7A000012501E000250134032C4EDC23012E4A03
:10F7B00002EB0416D05825F003F80028F2D04FF4DD
:10F7C0008031304617F04EFE0028EBDB4FF0E86149
:10F7D000304617F012FE0028E4DB234E230106EB2F
:10F7E0000412117901228A4004EB44001F4901EB05
:10F7F00080011F4848608A60F05817F05CFE1D4881
:10F80000A10004EB8406330100EB06160022C2546B
:10F810007260B26032744FF47A73736104EB8403E4
:10F820001B01083303440433D3E8EFCFC3E8EE2FC2
:10F83000BEF1000FF8D10B4623441B0118330E49CB
:10F84000184425F0DAFEF664ADE7FFF7F1FE4DB19E
:10F850000A490B4801F03AFA0A490B48FEF7FEFF45
:10F86000284670BD0949F4E7B8B30400984E00205B
:10F870000DF60100682A00206DF701002C8F0400AE
:10F880008095040041F9010094950400AC910400B6
:10F89000032801D90020704700EB80031B010833C7
:10F8A000054A134404330022D3E8EF0FC3E8E12FE5
:10F8B0000029F9D1704700BF682A0020014B186069
:10F8C000704700BF944E0020032805D800EB80004D
:10F8D0000001024B185C704700207047682A002026
:10F8E00003281AD810B5044600EB80031B010C4A0C
:10F8F000D35C43B90A4B00EB800203EB0212906821
:10F900005368C01A10BD17F041FC04EB8404044B8B
:10F9100003EB04146368C01AF4E70020704700BFCB
:10F92000682A0020032804D8034B03EB0013D8688F
:10F9300070470248704700BFB8B30400109204003B
:10F940002DE9F04782B005460388012B0ED04FF019
:10F9500000082B88012B3ED02B88012B5BD0B8F1FF
:10F96000000F00F0B88002B0BDE8F08743695F493E
:10F970000020984780460028EBD0002416E04FF086
:10F98000010901E04FF00009594B03EB041393F810
:10F9900004A03846FFF798FFD8B1564B0093534662
:10F9A0004A4631465448FEF795FC0134032CD0DC1E
:10F9B000E7B23846FFF7B6FF064623014C4AD35854
:10F9C0004E4A9342DED04E4A9342D8D04FF00209BD
:10F9D000DAE74C4BE2E76B694B4900209847064653
:10F9E00080B9B9E7E0B2FFF76FFF01464748FEF77D
:10F9F00071FC0134032CF5DD322017F0C1FB4448C3
:10FA0000FEF768FCFEF71CFF08B10024F2E7FEF7E2
:10FA10004FFCB046A0E76B693E490020984700289C
:10FA20009DD0002403E0E0B2FFF732FF0134032C45
:10FA3000F9DD3948FFF742FF3DE03046FFF772FF3E
:10FA400001463648FEF746FC26E03046FFF76AFFDF
:10FA500001463348FEF73EFC21E03046FFF762FFE7
:10FA600001463048FEF736FC1CE03046FFF75AFFEF
:10FA700004463046FFF734FF024621462A48FEF787
:10FA800029FC0135032D11DCEEB23046FFF700FFF3
:10FA9000044610F0010FD0D114F0080FD5D114F0A6
:10FAA000040FDAD114F0020FEBD0DEE7FEF75AFBB9
:10FAB0000A2102F055FFFEF7C3FE38B11B4B1B783D
:10FAC000002BF3D00025194B1D70DBE7FFF7F6FE86
:10FAD000FEF7EEFB47E71648FEF7FCFB1548FEF77E
:10FAE000F9FB1548FEF7F6FB3DE700BF788F0400F1
:10FAF000B8B304009C950400B0950400CC7C0400CD
:10FB0000EC7C0400A495040054920400C895040001
:10FB1000CC950400D095040001F60100D8950400AE
:10FB2000E8950400F495040000960400D57C0020BC
:10FB300018960400289604003896040008B5134B64
:10FB400001221A7000F02AFBA0B1104B1B78C3B140
:10FB50000F49104801F0BAF820F051FC98B10E4955
:10FB60000E4801F0B3F80E490E48FEF777FE074B3A
:10FB7000187808BD0C4801F0A9F8044B00221A704F
:10FB8000E3E70A49E5E70A49EAE700BFD67C002037
:10FB90002C8F0400A096040068960400B096040020
:10FBA000B5FB0100C496040088960400AC910400E3
:10FBB00074960400F0B599B004460388012B19D05F
:10FBC00000252388012B00F0C6802388012B00F03C
:10FBD000D5802388012B00F0E4802388012B00F0DE
:10FBE000FB802388022B00F00A81002D00F01D818C
:10FBF00019B0F0BD43699649002098470546002892
:10FC0000DFD000260CE031469248FEF763FB06E0A9
:10FC1000914A1FE0914B31469148FEF75BFB01365C
:10FC2000012E20DC0DA9F0B217F053FC0028EAD019
:10FC30009DF83B300F9A019200939DF83A309DF861
:10FC4000392031468748FEF745FB9DF83630002BBA
:10FC5000DED0854A002BDDD09DF837300BB1834BC9
:10FC6000D9E7834BD7E706AA05A904A800F0CCFA88
:10FC700008A907A800F0DCFA00F0C0FA002851D06B
:10FC80007C497D48FEF726FB069B059A04997B4834
:10FC9000FEF720FB089A07997948FEF71BFB0CAB8F
:10FCA0000BAA0AA909A800F0DBFA0C9B00930B9B96
:10FCB0000A9A09997348FEF70DFB089B002B80D028
:10FCC0000BA800F0C3FA07460AAB03AA09A90CA8BF
:10FCD00000F006FB9DF80D30BDF82820019200933E
:10FCE0009DF80C30BDF824200C996748FEF7F2FA15
:10FCF0000C9B002B18DB65496548FEF7EBFA0B9B64
:10FD000019785A78BB1E13F0030F0FD16148019088
:10FD100000933B466048FEF7DDFA6048FEF7DAFAEA
:10FD2000022609E05E49ACE75E49E5E75E48EEE79A
:10FD30005E48FEF7CFFA0136B74208DD0B9B995DAE
:10FD4000A1F12003DBB25E2BF2D92E21F0E7584857
:10FD5000FEF7C0FA35E76369564900209847064622
:10FD600000283FF432AF17F0EDFB28B15249534859
:10FD7000FEF7B0FA354628E75149F8E7636951497B
:10FD800000209847064600283FF423AF17F0E1FB18
:10FD900028B149494C48FEF79DFA354619E74849CC
:10FDA000F8E76369494900209847064600283FF470
:10FDB00014AF17F0C3FB054620B94548FEF78AFA91
:10FDC00035460AE717F0CDFB20B13B494148FEF725
:10FDD00081FA02E73A49F9E763693F490020984709
:10FDE000064600283FF4FDAE17F0C8FB28B13249A3
:10FDF0003A48FEF76FFA3546F3E63149F8E76369AA
:10FE000037490020984700283FF4EFAE636919494D
:10FE100001209847044600F0DDF924B11549314826
:10FE2000FEF758FAE4E61E49F9E72F48FEF752FAC2
:10FE30002E48FEF74FFA2E48FEF74CFA2D48FEF7F3
:10FE400049FA2D48FEF746FA2C48FEF743FACFE66A
:10FE5000788F040078970400CC8F0400789C04000D
:10FE6000AC9704008C970400C8960400D896040050
:10FE7000D096040098950400C4970400D897040015
:10FE800000980400209804005C980400289704005F
:10FE90009C98040058970400B0980400E898040067
:10FEA00054930400E4960400649704005C910400F9
:10FEB00010AA0400FC9804002C8F0400049904008C
:10FEC000308F040018990400209904005899040008
:10FED00060990400B0990400C4990400CC9904000E
:10FEE000E4990400EC990400FC990400089A0400C9
:10FEF000149A0400249A0400309A04003C9A0400E6
:10FF000038B5044617F042F90E4B1B68C31A0E4A67
:10FF10000E490F4817F03AFB0E4A218AE06806F0B6
:10FF20000FFA054640B90C4A1368013313602046A6
:10FF30001BF0E5F8284638BD084A13680133136002
:10FF4000F5E700BFE04E0020C84E0020CC4E002058
:10FF5000D04E002061FF010000510020FC50002025
:10FF600010B50C460A460146054B187802F004FE0F
:10FF7000844201D1002010BD6FF00400FBE700BFF8
:10FF8000D77C0020F8B50446504B1D78002D70D06A
:10FF90000A280DD00D2800F093804D4B1B88B3F537
:10FFA000007F5CD2591C4A4A11804A4AD05487E0EB
:10FFB000494A136801331360484B1B68002B2CD04F
:10FFC0001F8A46488688424B1A8842491BF0DAF954
:10FFD000044628B3424A13680133136017F0D6F879
:10FFE000404B1860404B1B68C31A404A4049414887
:10FFF00017F0CCFA2146404805F04AFF354A1178FF
:020000040002F8
:100000003E4B197052785A70314A11883C4B198016
:10001000002313802D4A137052E04FF0FF37D0E7D2
:100020002E4B1B68002BE9D1364A1368013313604D
:10003000274B1A88344B1A8026493448F9F7FEFDBD
:10004000334B1F60334B1E802C4A1178324B197092
:1000500052785A702A4B1A88304B1A80CEE7304AB1
:100060001368013313600023194A1380174A137071
:1000700026E02C4B1E78FEB100221A70062E13D0FB
:10008000042E1DD1142C1BD1104B01221A70062EE8
:100090000DD00F4B00221A8001251D800D4A1670CD
:1000A0000221198054700BE00928E9D1ECE717F020
:1000B0006DF80D4B1860ECE7062803D0042801D03A
:1000C0002846F8BD174B1C700125F9E7D87C0020A5
:1000D000C87C002008510020F85000200853002060
:1000E00004510020E04E0020E44E0020D44E0020B9
:1000F000D84E0020DC4E002010530020E84E002097
:10010000C07C0020F4500020C67C0020F44E00206B
:10011000F04E0020C47C0020EC4E0020C27C002069
:10012000FC500020D97C002038B5164B1D7815B145
:10013000044610B10025284638BD134B18700846F8
:10014000FFF720FF054630B9F5E7204602F0DEFC58
:10015000FFF718FF88B1204602F0E4FB0028EAD040
:100160000A4B1B78002BF0D1094B1B78002BECD1EC
:10017000084B1B68002BE8D1DDE7074A1368013301
:100180001360D8E7051B0020D77C0020D87C002016
:10019000D97C002008530020FC50002008B5084BF3
:1001A00000221A600748084B0362084B436205F0BF
:1001B00059FE08B1002008BD0548FEF735F8FAE7FA
:1001C000085300201053002001FF0100A775030011
:1001D00029010200054B187030B90023044A13703E
:1001E000044A1370044A1380704700BF051B0020A7
:1001F000D97C0020D87C0020C87C0020014B1878D6
:10020000704700BF051B0020034610B10548006879
:10021000186011B1044B1B680B6012B1034B1B68D3
:10022000136070470451002000510020FC50002052
:1002300010B1044A1268026011B1034B1B680B60D5
:10024000704700BFF8500020F450002008B1024A67
:100250000260024B18887047F44E0020C67C0020D4
:10026000F8B1844618480068C8B110B4174C246827
:10027000B4FBF0F0CCF8000011B11548006808603C
:100280003AB11449096819B113480068B0FBF1F19B
:10029000116013B1114A12681A6010BC7047CCF893
:1002A000000011B10A48006808603AB109490968BC
:1002B00019B109480068B0FBF1F111601BB1074AA0
:1002C00012681A6070477047D44E0020DC4E002040
:1002D000D84E0020C84E0020D04E0020CC4E00202A
:1002E000844618B109480068CCF8000011B10848EC
:1002F0000088088013B107490988198022B1064B8C
:10030000197811705B785370704700BFF04E002071
:10031000C47C0020C27C0020EC4E002009B90120E2
:100320007047044A52F82030013342F82030002050
:10033000704700BF5853002008B5002353B10B4845
:1003400000F0C4FC0A490B48FEF788FA01200A4B6A
:10035000187008BD094A0A2142F8231000220849F2
:1003600041F823200749CA540133E7E7509A0400B3
:1003700041050200609A0400DA7C00205C530020F2
:10038000585300205053002070B5F8B90546104B63
:1003900043F82010642904D9B1F5C87F14D8022687
:1003A00000E001260B4824F00BFA044640B171002E
:1003B00041F01001074883681B68984700B100248A
:1003C000054B5C55204670BD0326EBE70024F9E79A
:1003D00054530020EC7D040050530020014B185C66
:1003E000704700BF5053002010B582B018B10024F0
:1003F000204602B010BD0C464FF0FF324FF0FF33E5
:10040000084810F041FB234601220DF10701064880
:1004100017F0F1F820B10024024810F0B5FBE7E72F
:100420000124F9E7781C0020EC7D0400F0B585B0CC
:100430008DF80F2010B1002005B0F0BD0C461D4610
:1004400006460D4F4FF0FF324FF0FF33384610F0A5
:100450001BFB0A9B0193009501230DF10F0221461E
:10046000064817F0D6F80446384610F08DFB2146B2
:100470003046FFF753FFDFE7781C0020EC7D0400D7
:1004800008B1002070472DE9F0410E4614461D4684
:100490000746DFF830804FF0FF324FF0FF33404621
:1004A00010F0F2FA33462A462146074817F0A3F81F
:1004B0000446404610F068FB21463846FFF72EFF01
:1004C000BDE8F081781C0020EC7D04002DE9F04FA0
:1004D00083B000AF7B603D6B05F1080323F0070399
:1004E000ADEB030D20B100200C37BD46BDE8F08F09
:1004F0000C46164605F1010A8146DFF83CB04FF084
:10050000FF324FF0FF33584610F0BEFA684600F84D
:10051000016B2A467968F9F791FB234652466946F2
:10052000064817F05AF80446584610F02DFB2146AD
:100530004846FFF7F3FED7E7781C0020EC7D040067
:100540002DE9F04F87B004460388022B10D0002716
:100550002388022B3CD02388052B5FD02388052BD2
:1005600000F0A380002F00F0DF8007B0BDE8F08F1F
:10057000436975490020984707460028E8D0A368DA
:100580000120984710F0FF0608D0012E28BF012651
:10059000013EF6B204254FF0000802E00126F7E71D
:1005A00001357F2D0DDCE9B23046FFF71DFF002835
:1005B000F6D02A46711C6548FDF78CFE08F101084B
:1005C000EEE7B8F1000FC3D16148FDF783FEBFE746
:1005D000636960490020984706460028BBD0A3689D
:1005E0000120984710F0FF0510D0012D28BF0125EC
:1005F000013DEDB24FF4C8712846FFF7C5FE07462E
:1006000030B1691C5448FDF765FEA4E70125EFE70A
:10061000691C5248FDF75EFE37469CE76369504906
:10062000002098470390002898D0A368012098479D
:1006300010F0FF062FD0012E28BF0126A36802204C
:1006400098471FFA80FAA3680320984780461FFA4C
:1006500080FBA36804209847074606F1FF395FFA3C
:1006600089F90025BBB29D421DDA0BEB050264231C
:1006700000930DF1170392B25146484616F0DFFF82
:1006800058B19DF8173015FA88F231463548FDF714
:1006900021FE0135E6E70126D0E731463248FDF775
:1006A00019FE039F5AE7039F58E763692F4900200B
:1006B000984700283FF456AFA3680120984710F0F0
:1006C000FF052AD0012D28BF0125A36802209847E5
:1006D0001FFA80F8A368032098471FFA80FAA368DE
:1006E0000420984704466F1EFFB216F04FFD814666
:1006F00064230093E3B252464146384616F0A9FF00
:1007000068B116F043FDA0EB09000090A3B2524679
:1007100029461748FDF7DEFD27E70125D5E72946DD
:100720001148FDF7D7FD20E701211248FDF7D2FD62
:1007300001211148FDF7CEFD1048FDF7CBFD104813
:10074000FDF7C8FD11E700BF649A04006C9A04002D
:10075000889A0400949A04009C9A0400B09A0400B9
:10076000C89A0400D09A0400EC9A0400FC9A040091
:10077000049B0400289B04003C9B0400509B040045
:10078000789B040008B1002070472DE9F0410E4627
:1007900014461D460746DFF830804FF0FF324FF019
:1007A000FF33404610F070F933462A462146074889
:1007B00016F013FF0446404610F0E6F9214638468D
:1007C000FFF7ACFDBDE8F081781C0020EC7D040053
:1007D000036803F01F0202605B09012B04D0022BA7
:1007E00004D02BB90348704703487047034870474B
:1007F0000020704700A0105000820D5000040550EA
:1008000000B583B0019001A8FFF7E2FF019A203202
:1008100050F82210044B0B4043F0030340F8223001
:1008200003B05DF804FB00BFF0F0FCFF00B583B03F
:10083000019001A8FFF7CCFF019A203250F8221056
:10084000044B0B4043F0020340F8223003B05DF844
:1008500004FB00BFF0F0FCFF03281BD808B500EB39
:1008600080030D4A12F823304BB9134600EB800287
:1008700003EB8202517CD06816F026FF08BD064AC1
:1008800000EB800302EB83035A7C197A586816F058
:1008900056FFF3E7704700BFF8B3040038B50024F3
:1008A00001250FE004EB8403134800EB83004FF4B1
:1008B0000031043016F038FF002815DBE0B2FFF7F6
:1008C000CBFF0134032C11DC04EB84030A4A12F839
:1008D0002330002BE6D104EB8402074B03EB8203A9
:1008E000D868FFF78DFFE9E70025E7E703490448EB
:1008F000FDF7B4FF284638BDF8B304008D090200A7
:10090000A09B040010B5002409E004EB84039800C8
:100910000E4B18440021043016F006FF0134032C5E
:1009200012DCE0B2FFF798FF04EB84029300074A61
:10093000D35C002BE9D104EB84039A00034B1344EE
:10094000D868FFF773FFE9E7012010BDF8B3040092
:10095000032817D808B500EB80030B4A12F82330A0
:100960003BB900EB800002EB8003D86816F09AFEDA
:1009700008BD00EB8000044B03EB8000043016F050
:10098000EEFEF5E7704700BFF8B3040070B50388CA
:10099000032B22D104464369124900209847E0B155
:1009A000A36801209847C6B2A3680220984705466D
:1009B0000EB1013EF6B216F0E9FB0446FDF740FF2A
:1009C00078B116F0E3FB001BA842F7D316F0DEFB6C
:1009D00004463046FFF7BCFFF0E704210248FDF76C
:1009E00079FC70BDA49B0400AC9B0400F8B50746DD
:1009F0004FF0FF324FF0FF331F4810F045F87E886C
:100A0000FC88BB881C44A41BB4FBF3F203FB124418
:100A10009E421FD105E00134B4FBF3F203FB124404
:100A2000013E1EB1BA68125D0A2AF4D196B10134B2
:100A3000B4FBF3F203FB1244013E0BE0B868294615
:100A40002044FDF73DFC2C44BB88B4FBF3F203FBD0
:100A50001244761B5EB1FDF7F3FE40B1BD882D1B3D
:100A6000AE4200D23546402DE8D94025E6E702489F
:100A700010F08AF8F8BD00BF8C1C002070B5044649
:100A80000388012B09D000252388012B22D023883D
:100A9000012B2BD0002D33D070BD43691D490020A0
:100AA000984705460028EFD01B4E31881B48FDF7BC
:100AB00011FC71881A48FDF70DFC1A48FDF70AFC75
:100AC000194E31881948FDF705FC71881848FDF763
:100AD00001FCD9E7636917490020984706460028BA
:100AE000D5D00D48FFF782FF3546D0E7636912493C
:100AF000002098470028CDD00B48FFF777FFCBE7C1
:100B00000E48FDF7E7FB0E48FDF7E4FB0D48FDF747
:100B1000E1FBC1E7788F0400706C0020CC9B0400DF
:100B2000E09B040010AA0400646C0020F49B040005
:100B3000089C04001C9C0400249C04002C9C0400C1
:100B4000389C0400449C0400E0B586B007460D467E
:100B5000164605A816F049FF98B916F017FB114B79
:100B6000A3FB00239B094FF47A7202FB130201924C
:100B700000933B880C4A3146284614F09DFF06B08E
:100B8000E0BD9DF814309DF815209DF816100291D7
:100B9000019200933B88054A3146284614F08CFFA9
:100BA000EDE700BFD34D6210689C0400509C040028
:100BB00010B50E4A0023138053804FF400619180DA
:100BC000D3800B4991600B4A138053804FF48051BE
:100BD0009180D380084B93600124084B1C70084916
:100BE0000848FDF73BFE204610BD00BF706C00209A
:100BF00064640020646C002064540020DD7C0020CC
:100C00007D0A02007C9C0400003818BF0120014BC3
:100C100018707047071B002010B5054B1870054B66
:100C20001960054C0123237001F0E6FD207010BD12
:100C3000DB7C002060540020DC7C0020F0B5CBB0D1
:100C400004460F4616464FF4907202A9FFF77CFF48
:100C5000051E15DB009733461B4AC5F5907102A8A7
:100C6000284414F029FF284400282ADDB0F5907F9D
:100C700001DB40F21F10238801332380002212E0A1
:100C80000025E7E7A168E3880DF1080C1CF802C015
:100C900001F803C0E3880133A18893FBF1FC01FB59
:100CA0001C33E38001329042ECDC63881918A2887F
:100CB000914203DA618001204BB0F0BD62800120D7
:100CC000FAE70020F8E700BF809C04000FB410B5DD
:100CD00082B0234B1B7823B902B0BDE8104004B0AA
:100CE000704724F05FF9A0B94FF0FF324FF0FF33A7
:100CF0001C480FF0C9FE05AB0193049A4FF48071B4
:100D0000194815F0E7FE041E09DBFF2C08DDFF245F
:100D100006E005A90191049802F052FADCE70024EC
:100D2000124B1B7813B1124B1B785BB9114B1B781C
:100D30007BB922460C491048FFF780FF09480FF0A5
:100D400023FFC9E7224608490C4B187801F014FF2D
:100D5000ECE7224604490A48FFF770FFE9E700BFC5
:100D6000DD7C00208C1C002060530020DC7C0020F7
:100D7000061B0020071B0020646C0020DB7C002089
:100D8000706C002010B50A46029C01460348FDF72E
:100D9000A1FA236801332360002010BD889C040061
:100DA0002DE9F04196B004461546134A1078E0B19B
:100DB0000F461E46E4B10DF1180823460F4A4021A4
:100DC000404614F079FE01940297039500230493A2
:100DD0008DF8143001AA0A49404602F0F3FE48B9E2
:100DE0000EB1049B33609DF8140016B0BDE8F0818D
:100DF0000020FAE70020F8E7DE7C0020989C040041
:100E00007377030008B502F0E3FF00280CBF01224E
:100E10000022084B1A700AD107490848FFF756FF0D
:100E200007490848FDF71AFD024B187808BD064926
:100E3000F3E700BFDE7C00202C8F0400A09C0400A0
:100E4000C90E0200B09C0400AC91040070B590B0D3
:100E5000034615460C4A107878B10C467BB181B137
:100E60000A4A4021684614F027FE2A462146684671
:100E700002F04EFEB0FA80F0400910B070BD0020C4
:100E8000FBE70020F9E700BFDE7C0020989C04000F
:100E900003460B4A107888B173B110B590B0094A77
:100EA0004021684614F008FE684618F049FEB0FA82
:100EB00080F0400910B010BD00207047704700BF9F
:100EC000DE7C0020989C0400F0B5A1B004460388A5
:100ED000012B0DD000252388032B2DD02388022B36
:100EE0004BD02388022B69D0002D7CD021B0F0BDDF
:100EF000436943490020984705460028EBD000236A
:100F00000093404B1B78ABB13F494048FDF7E2F9F5
:100F10003F48FDF7DFF93F4E31463F48FDF7DAF92C
:100F20006A463E49304602F04DFE00993C48FDF7C6
:100F3000D1F9D0E73B49E8E763693B49002098478E
:100F400007460028CAD0236901209847054623692F
:100F500002209847064614F0D1FC421C3146284630
:100F6000FFF774FF38B1314B324629463048FDF760
:100F7000B1F93D46B2E72F4BF6E763692E490020F1
:100F8000984706460028ACD080220021684614F01D
:100F90005DFC23690120984705467F22694616F0CB
:100FA000FFFB30B16A4629462448FDF793F93546E0
:100FB00097E729462248FDF78DF9F8E7636921494B
:100FC0000020984700288FD02369012098470446C5
:100FD000FFF75EFF28B1154A21461B48FDF77AF955
:100FE00084E7144AF8E71948FDF774F91848FDF743
:100FF00071F91848FDF76EF91748FDF76BF975E7B9
:10100000788F0400DE7C002034930400B49C04003C
:10101000C49C0400F09C0400F89C0400850D0200B0
:10102000089D04003C930400189D04002C8F0400CC
:101030001C9D0400308F0400349D0400389D040082
:101040004C9D0400649D0400689D04007C9D040088
:10105000889D04009C9D0400AC9D040038B5836805
:1010600005699C697CB112F4000F06D02D6801233C
:101070008B401D4201D082F0C062044B134002F04D
:10108000B072A04738BD6FF05700FBE74000000684
:1010900008B5044A136801331360034B1B6803B19E
:1010A000984708BD7C6C0020806C0020042810D973
:1010B00024280FD9B0F57B7F09D82338074B83FB51
:1010C0000023C017C0EBA3001F30C0B270477F20C1
:1010D000704705200538C0B2704700BF6766666676
:1010E00000F00700014B33F81000704748B40400CB
:1010F000012804D0022804D028B9044870470448C5
:101100007047044870470448704700BFBC9D040006
:10111000D49D0400E49D0400F49D040008B5074834
:1011200023F04EFB00B908BD0821044816F07DFBF2
:10113000012814BF00200120F5E700BF0C7D04004A
:1011400010B504460A4823F03BFB034658B164B18E
:101150004FF4D01242F001020A21054816F031FB8B
:10116000B0FA80F35B09184610BD4FF4B012F1E7F6
:101170000C7D040010B584B00446154B187840B1BE
:10118000B4F5967F07D80DF10F01042016F075FB1A
:1011900050B904B010BD4FF4967221460D48FFF7C8
:1011A00095FD4FF49674EEE72046FFF77FFF9DF81C
:1011B0000F2000F07F0322F07F0213438DF80F30E1
:1011C0000A22009204226A21002016F042FAE0E787
:1011D000E07C0020109E040038B50020FFF7FEF8E8
:1011E00000B32A490C2016F048FB0446284823F097
:1011F000E7FAE0B9274823F0E3FAF8B9264B1C7068
:10120000002C31D1244B1B7893B324492448FFF799
:101210005DFD214B1B786BBB22492348FDF71EFB6C
:10122000204638BD4FF4C871FFF7AEF8D9E74FF04C
:1012300001120821164816F0C4FADBE7154D1B4AC7
:101240000B21284616F0BDFA4FF0B8620B21284654
:10125000FFF704FF1649174B4B604FF400638B6098
:10126000284616F0F4FAC9E79620FFF783FFC9E78E
:101270001149CBE7054B19781048FFF727FD16F009
:1012800009FB01460E48FFF721FDC5E7DF7C002082
:101290000C7D0400EC7C0400E07C00202C8F04001A
:1012A000449E04008D150200809E04001100010080
:1012B000846C002091100200AC910400589E040040
:1012C0006C9E040030B583B03B4B1C7814B92046AB
:1012D00003B030BD05460DF10701002016F0CDFA30
:1012E00004460028F3D00DF10601012016F0C5FADE
:1012F00004460028EBD00DF10501022016F0BDFADE
:1013000004460028E3D001A9032016F0B6FA0446EB
:101310000028DCD00DF10301042016F0AEFA0446DB
:101320000028D4D00DF10201082016F0A6FA0446D8
:101330000028CCD09DF8073003F06003202B32D07A
:10134000402B33D0ABBB2B709DF8073003F001026C
:101350006A70C3F30013EB709DF90330DB0F2B7140
:10136000FFF7DCFEA8709DF8043003F07F0303EB69
:1013700083035B0003F6AC53EB809DF8030000F0A1
:101380007F0016F06EFA28819DF80200FFF7A8FE94
:1013900068819DF807302B739DF806306B739DF8BC
:1013A0000530AB7393E701232B70CDE702232B703D
:1013B000CAE703232B70C7E7E07C002010B586B096
:1013C00002A8FFF77FFF002871D004469DF80800AF
:1013D000FFF78EFE01469DF80C30002B6BD0504A73
:1013E0005048FCF777FF9DF80930002B65D04E4937
:1013F0009DF80B30002B62D04C4A9DF80A30002B30
:101400005FD04B4B4B48FCF765FFBDF80E20BDF895
:1014100012004949A1FB023189094FF47A7303FB99
:10142000112292B2454BA3FB02320090BDF810305E
:10143000D2084348FCF74EFF4248FCF74BFF9DF8AB
:10144000143013F0020F3ED100229DF91430002B0E
:101450003EDB9DF91530002B3FDB9DF8153013F076
:10146000400F3FD19DF8153013F0040F3FD19DF888
:10147000153003F01803102B3ED0182B41D0082B49
:1014800044D13148FCF726FF30493148FCF722FFB0
:101490009DF8161000293ED12E4B1B689DF8152093
:1014A0009DF814102C48FCF715FF06B010BD2B4812
:1014B000FCF710FFF9E7254A92E7294998E7234A04
:1014C0009BE7284B9EE72848FCF704FF2246BCE731
:1014D0002648FCF7FFFE2246BBE72548FCF7FAFE4C
:1014E0002246BAE72348FCF7F5FE2246BAE722482F
:1014F000FCF7F0FE2246BAE72048FCF7EBFE134962
:10150000C3E71F48FCF7E6FE1049BEE70AB10F49E2
:10151000BBE71C49B9E71C48FCF7DCFEBCE700BF91
:10152000889E0400E49E0400989E0400B09E04007F
:10153000C8960400F49E0400D34D6210CDCCCCCCF0
:10154000109F0400509F0400BC9F0400789C04007E
:10155000AC9804007C6C002038A00400D09E0400ED
:10156000A49E0400CC8F04005C9F0400749F0400C0
:10157000809F0400949F0400AC9F0400D09F04004F
:10158000E09F0400CC9E0400F09F0400F0B589B0F9
:1015900004460388012B11D000252388012B1ED07F
:1015A0002388012B33D02388022B5AD02388022B87
:1015B00076D0002D00F08D8009B0F0BD43694E4912
:1015C0000020984705460028E7D06A2301224B49AE
:1015D00009784B48FCF77EFEFFF7F0FEDDE7636914
:1015E00048490020984706460028D9D0FDF728F939
:1015F00048B1FFF7E3FE4448FCF76CFE4FF47A7005
:1016000015F0BEFDF2E7FCF753FE3546C8E7636907
:101610003E490020984707460028C4D03C4B04AD03
:101620000FCB07C52B70002504E031463948FCF785
:1016300051FE01350C2D12D805F120036B4413F82F
:10164000106C0DF10F01304616F017F90028ECD0A0
:101650009DF80F2031463048FCF73CFEE9E73D4657
:10166000A1E763692D4900209847074600289DD0CF
:10167000A3680120984785B22846FFF77BFD064600
:1016800016F008F902464EB1254B4FF496710091C1
:1016900029462448FCF71EFE3D4687E7224BF4E727
:1016A0006369224900209847002882D06369204955
:1016B0000120984748B11E4CFFF742FD38B11D4A42
:1016C00021461D48FCF706FE76E71C4CF4E71C4A51
:1016D000F6E71C48FCF7FEFD1B48FCF7FBFD1B482A
:1016E000FCF7F8FD4FF496711948FCF7F3FD194823
:1016F000FCF7F0FD60E700BF788F0400DF7C00207E
:101700006CA004005492040010AA040098A00400E5
:1017100008890400B0A004009CA00400C0A004003C
:10172000789C0400C8A0040064A00400F8A0040091
:10173000989504002C8F0400FCA00400549304002E
:10174000308F040014A1040020A104002CA1040087
:1017500038A1040058A1040038B5836805699C6964
:101760007CB112F4000F06D02D6801238B401D427E
:1017700001D082F0C062044B134002F0B072A04767
:1017800038BD6FF05700FBE740000006024BD3F86E
:10179000000600F0010070470000125008B509482B
:1017A000FFF794FAFFF7F2FF48B107490748FFF740
:1017B0008DFA07490748FDF751F8012008BD064991
:1017C000F4E700BF74A1040068A1040088A104002C
:1017D00079180200A0A1040070A1040070B50646AB
:1017E0000025032D17D8214C04EBC5044FF480319C
:1017F000204616F097F8002808DB4FF09861204645
:1018000016F05BF8002801DB0135EAE729461848A5
:10181000FFF75CFA26E000F0F9FAFFF773F800240E
:1018200003E0E0B201F04CF80134012CF9DD0A20AC
:1018300015F0A6FCC6B1F30E7101891B63F100031C
:101840009B0043EA91738900891943F10003DB008F
:10185000C80043EA51710CF073FB011E04DA05481D
:1018600016F094FB002070BD16F0ACFB58B40400D9
:10187000A8A10400C8A1040038B504460388012BC0
:1018800008D000252388013B9BB2012B19D9002DDC
:1018900035D038BD43691D490020984705460028CA
:1018A000F0D0FFF773FF50B119491A48FCF712FD49
:1018B00015F06CFC01461848FCF70CFDE2E71749EF
:1018C000F3E763691649002098470028DFD0238892
:1018D000022B09D1A36801209847044628B101468C
:1018E0001048FCF7F7FC03E000240F48FCF7F2FC7B
:1018F0002046FFF773FF0D48FCF7ECFCC9E70C48E6
:10190000FCF7E8FC0B48FCF7E5FCC2E7788F040025
:1019100068A10400ECA10400FCA1040070A1040073
:101920005493040010A2040038A2040058A204003A
:101930006CA2040078A2040010B537480BF06CFFCD
:1019400000284DD0344B1B6813F00C0F04D03349E2
:101950000A6842F001020A6013F0010F04D02F4917
:101960000A6842F002020A6013F0100F04D02B49FB
:101970000A6842F004020A6013F0020F04D02749FB
:101980000A6842F008020A6013F0800F04D023496D
:101990000A6842F020020A6013F4006F04D01F4965
:1019A0000A6842F040020A6013F0200F04D01B497D
:1019B0000A6842F080020A6013F4A07F04D0174A3C
:1019C000136843F010031360144B1B681BB943F0FA
:1019D0000103124A13601248FFF778F9002403E06C
:1019E0000BF05EFFAEE70134072C0CDC0123A340B3
:1019F0000A4A12681342F6D00A4B53F824100A48D8
:101A0000FFF764F9EFE7094C0123237008490948FF
:101A1000FCF724FF207810BD906C0020946C00200F
:101A200090A2040078B40400A4A20400E17C002089
:101A3000391A0200B0A2040070B504460388012BD5
:101A400005D000262388012B1FD066B370BD4369E3
:101A500018490020984706460028F3D0164B19680D
:101A60001648FCF737FC002500E00135072DE9DCBE
:101A70000123AB40124A12681342F6D0114B53F8BF
:101A800025101148FCF726FCEFE763690F49002099
:101A900098470028D9D00E48FCF71CFC0A2015F006
:101AA0006FFB15F04AFF0B48FCF714FC0A48FCF7E3
:101AB00011FCCBE7788F0400906C0020B8A20400E2
:101AC000946C002078B40400A4980400C8A2040018
:101AD000CCA20400D8A20400E4A20400014B1868C0
:101AE000704700BF946C002000231A4602E0C15CDE
:101AF0000A440133232BFAD901485040704700BFF4
:101B00003143545210B58AB028236A460021114847
:101B100015F019FFB8B9009A0F4B9A4216D16846D2
:101B2000FFF7E2FF099B834212D10C4CEC46BCE864
:101B30000F000FC4BCE80F000FC49CE8030084E84A
:101B40000300012000E000200AB010BD0020FBE7E8
:101B50000020F9E72C7D040031435452A82B0020CB
:101B60000A4B187800B9704710B5094C094B23602F
:101B70002046FFF7B9FF606228232246002106486D
:101B800015F008FFB0FA80F0400910BDE27C00209B
:101B9000A82B0020314354522C7D040030B58E46D2
:101BA000039C022998BF013800283ADB234981FBB6
:101BB00000514FEAE07CCCEBE11C214901FB0C0019
:101BC000BEF1020F37D96FF00201714401EBC10180
:101BD00001EB011102311B4DA5FB015102EB9102FA
:101BE000511E820840F26D1505FB0022134DA5FB26
:101BF0000050A2EB50120A44134901FB0C22A2F53B
:101C00002F22A2F66C224FF4616101FB03F30F490E
:101C100001FB0233C4EB041403EB8403049818445F
:101C200030BDA0F28F1C054981FB0C514FEAEC7CC2
:101C3000CCEBE11CC1E70921C7E700BF1F85EB51D1
:101C400070FEFFFFCDCCCCCCB13A02008051010038
:101C5000F0B5454BA3FB003C4FEA1C4C434B03FB48
:101C60001C000CF52F2E0EF66C2E414A82FB0E3214
:101C7000D213404B03FB02EE4FEA9E043E4DA5FB00
:101C80000463AEEBD3133D4EA6FB046403EBD423F5
:101C90004FEA1E143A4EA6FB0464A3EB1413394C0E
:101CA000A4FB03641E1B04EB5604260A4FF4C877FA
:101CB00007FB02F202EB1422334CA4FB03479B0800
:101CC000A5FB0353DB0940F26D1404FB0633C3EBA1
:101CD000D733734403EB830502352C4CA4FB056416
:101CE000E40904EBC40E0EEB0E1E0EF1020E284E9C
:101CF000A6FB0E6EA3EB9E03013340F2F956B542EC
:101D00002ED803252C44022C98BF01323032CA70E1
:101D10000C714B710CF1040C1E4B83FB0C236344C0
:101D20009B10C3EBC303ACEB03038B711A4BA3FBF8
:101D30000023DA0AC3F3C7230B704FF4616303FB7C
:101D40001202164BA3FB0242C2F347124A70A3FBD6
:101D500000235B09C3EB0313A0EB83038B70F0BD7F
:101D60006FF00805CEE700BF07452EC28051010085
:101D7000BD066B394FC5FDFFD97CC6597F206B3935
:101D800041D6720061F319671F2BD3E5D7802BD69C
:101D9000CDCCCCCC93244992C5B3A29189888888B4
:101DA00008B50A4B187818B1094B5B680BB90020CD
:101DB00008BD20F0C5F8064B9A68DB68904299414F
:101DC00001D30120F4E70020F2E700BFE27C00200D
:101DD000A82B002010B5FFF7E3FF08B9002010BDC5
:101DE00020F0AEF8074CA368C01A074A4FF0000372
:101DF000D4F80CC061EB0C01F7F7E6FF63681844F8
:101E0000EDE700BFA82B002040420F0010B5FFF700
:101E1000E1FF08B9002010BD044C606020F090F88C
:101E2000C4E90201FFF79CFEF5E700BFA82B0020E4
:101E30000346074A107800B9704710B5054C636037
:101E400020F07EF8C4E90201FFF78AFE10BD00BF52
:101E5000E27C0020A82B002000B583B0ADF806007E
:101E6000094B187810B903B05DF804FB074BBDF8B7
:101E700006201A8202220DF106010548FEF7E6FF50
:101E8000FFF76EFEEFE700BFE27C0020A82B0020EA
:101E90007CA3040010B50446FFF79CFF08B900209E
:101EA00010BD064BB3F91030C3EB0313214600EB12
:101EB0008300FFF7CDFE0120F2E700BFA82B002032
:101EC000F0B589B006A8FFF7E5FF002844D09DF8DB
:101ED0001E10234BA3FB0123CA1A03EB52039B08DA
:101EE000C3EBC303C91AC9B29DF818409DF8195035
:101EF0009DF81A601B4BB3F9103083EAE370A0EB36
:101F0000E37080B2184F87FB00C202445211C2EB4B
:101F10000212A0EB8200059087FB03271F44DB170A
:101F2000C3EB67131BB204930396029501940F4B06
:101F300053F8213000939DF81D309DF81C209DF82A
:101F40001B100B48FCF7C6F9FFF744FF0146094890
:101F5000FCF7C0F909B0F0BD0748FCF7BBF9F9E799
:101F600025499224A82B00208988888898B40400E9
:101F700028A404005CA40400ECA3040000B583B012
:101F800090F803C0437882780192009303784279F5
:101F900001790CF5FA60FFF701FE064BB3F910303A
:101FA000A3EB031300EB8300FFF742FF03B05DF8E0
:101FB00004FB00BFA82B002070B584B00446038842
:101FC000012B16D000252388012B2CD02388052B2C
:101FD0003ED02388052B6ED02388032B00F09580FC
:101FE0002388022B00F0B080002D00F0C98004B0DF
:101FF00070BD43696C490020984705460028E2D02F
:10200000FFF75EFF6949D1E9022349686848FCF798
:1020100061F91FF095FF02460B466649009166483C
:10202000FCF758F9CFE763696449002098470646F2
:1020300030B9CBE7FFF744FF4FF47A7015F0A0F802
:10204000FCF7FEFB0028F5D1FCF732F93546BDE779
:1020500063695B49002098470028BAD063695949F1
:102060000120984706460028B3D0A368022098476D
:10207000554A82FB0032C317C3EB6213642202FB92
:1020800013038DF80C30A368032098478DF80D00DA
:10209000A368042098478DF80E0003A815F0CEFC25
:1020A00038B14A494A48FCF715F9FFF709FF3546A8
:1020B0008FE74849F6E763694149002098470028BF
:1020C0008AD063694449012098470646002883D096
:1020D000A368022098478DF80C00A3680320984756
:1020E0008DF80D00A368042098478DF80E0003A812
:1020F00015F08AFC38B135493848FCF7EBF8FFF7A2
:10210000DFFE354668E73349F6E763692C4900206E
:10211000984700283FF464AF63693149012098472C
:10212000064600283FF45CAFA36802209847FFF7FB
:102130007FFE38B125492B48FCF7CCF8FFF7C0FEED
:1021400035464DE72349F6E763692749002098475C
:1021500000283FF449AFA3680120984704B2C0EBC0
:102160000010800000B2FFF777FE38B1174A214611
:102170001E48FCF7AFF8FFF7A3FE38E7154AF6E76D
:102180001B48FCF7A7F81B48FCF7A4F81A48FCF713
:10219000A1F81A48FCF79EF81948FCF79BF8194873
:1021A000FCF798F823E700BF788F0400A82B0020E5
:1021B00070A4040040420F0090A404005492040054
:1021C000189D0400ACA404001F85EB512C8F040063
:1021D000B4A40400308F0400C8A40400D0A40400F8
:1021E000E4A40400ECA4040080A3040000A50400FF
:1021F00014A5040020A504002CA5040050A504008B
:102200006CA5040084A5040010B582B0B0F90030BC
:10221000002B20DB1149002BB8BF5B429BB2B0F909
:1022200002000F4C84FB03C252114FF0640E84FB7A
:1022300000C44FEAE07CCCEB641C0EFB1C0000B237
:1022400001900FFA8CF000900EFB12330548FCF75A
:1022500041F802B010BD0449DDE700BF789C0400DE
:102260001F85EB51ACA50400CC8F040010B582B0E3
:102270000020FEF7B3F8A0B10DF1060015F062FCE6
:10228000044698B90F4B00221A700F490F48FEF709
:102290001DFD84B90E490F48FCF7E0FA204602B054
:1022A00010BD4FF4C871FEF76FF8E5E7054B01224A
:1022B0001A700949EAE7BDF806100848FEF706FD5E
:1022C000E8E700BFE47C0020AC910400D0A5040046
:1022D0007D230200F8A504002C8F0400E4A504006F
:1022E000014B187001207047E37C0020F0B583B0EB
:1022F000204B1C7864B105461F4B1B785BB101274E
:1023000046F29C0643F2175015F00AFC044630B919
:10231000204603B0F0BD0D2747F66606F2E7F02031
:1023200022F0F4FF304615F0FBFB044620B94BF2D7
:10233000980015F0F5FBEBE7384614F021FF022179
:1023400001A815F0AFFB04460028F0D0BDF804301A
:1023500044F25C4202FB03F31B14A3F58C53143BC1
:102360002B80BDF8063042F2107202FB03F31B0C07
:102370006B80DCE7E47C0020E37C002070B582B059
:1023800004460388012B12D000252388012B3AD064
:102390002388012B49D02388022B63D02388022B6A
:1023A00000F09580002D00F0A98002B070BD436957
:1023B00059490020984705460028E6D0574B1B781E
:1023C000CBB157495748FBF785FF7022012156488A
:1023D000FBF780FF554B1B787BB155495548FBF700
:1023E00079FF01A815F0AEFB48B1BDF804105248C2
:1023F000FBF770FFC9E75149E4E75149EEE751485F
:10240000FBF768FFC1E763694F490020984706461C
:102410000028BDD0FFF72AFF28B14C494C48FBF7F4
:1024200059FF3546B4E74B49F8E763694A4900204C
:10243000984706460028AED014F0A8FE054601A82D
:10244000FFF754FF50B101A8FFF7DEFE14F09EFE27
:10245000411B4248FBF73EFF35469CE74048FBF7EF
:1024600039FFF9E763693C49002098470646002890
:1024700094D0A3680120984709280BDDA3680120A8
:1024800098474EF66023984206DCA36801209847DF
:1024900005460CE00A250AE04EF6602507E03048C4
:1024A000FBF718FFFBF75EFE294600F059FAFCF730
:1024B000C7F940B101A8FFF719FF0028EFD001A824
:1024C000FFF7A2FEEEE7FBF7F3FE354666E763692A
:1024D00024490020984700283FF464AF63692249EB
:1024E00001209847FFF7FCFE104B1B7823B11049E1
:1024F0001048FBF7EFFE58E71149F9E71B48FBF7D7
:10250000E9FE1B48FBF7E6FE1A48FBF7E3FE1A4814
:10251000FBF7E0FE49E700BF788F0400E47C002071
:102520003493040008A6040018A60400E37C0020ED
:1025300000A6040038A6040048A604003C9304004A
:1025400004A604005CA6040070A604002C8F0400FE
:1025500078A60400308F0400C89A040008A2040082
:102560008CA60400A0A6040098950400ACA6040064
:10257000B8A60400C4A60400DCA6040008B50948F7
:1025800022F01EF9084B187050B108490848FEF7B0
:102590009DFB08490848FCF761F9034B187808BD12
:1025A0000649F3E70C7E0400E57C00202C8F040034
:1025B000F4A604008126020008A70400AC910400E0
:1025C00030B583B0144B1D78F5B1044613488368C9
:1025D000DB684C219847002819DB104883681B6989
:1025E0006A460C219847002813DB009A019B0C498E
:1025F00081FB0301DB17C3EB213302EB820202EB09
:10260000820203EB82032380284603B030BD0025FD
:10261000FAE70025F8E700BFE57C00200C7E040007
:10262000AD8BDB6800B583B00DF10600FFF7C8FF86
:10263000B8B1BDF90630002B11DB0C49002BB8BF37
:102640005B429BB20A4A82FB03025211642000FBE8
:1026500012330848FBF73EFE03B05DF804FB064961
:10266000ECE70648FBF736FEF6E700BF789C04006F
:102670001F85EB5110A70400CC8F040024A7040091
:1026800038B504460388012B05D000252388012B8B
:1026900014D035B338BD4369154900209847054625
:1026A0000028F3D0134B1B7833B113491348FBF7C1
:1026B00011FEFFF7B7FFE9E71149F7E76369114931
:1026C0000020984730B9E4E7FFF7ACFF4FF4FA7009
:1026D00014F056FDFCF7B4F80028F5D1FBF7E8FD3F
:1026E000D8E70948FBF7F6FD0848FBF7F3FDD1E70B
:1026F000788F0400E57C00203493040038A70400A0
:102700003C9304005492040048A7040054A704001A
:10271000F8B5002417E02B4A04EB8403D800131803
:10272000002111544FF4E13058609960D96019616B
:10273000596104EB8400C30003F118001044012226
:1027400022F0EDF90134012CE5DD00263EB11E49F1
:102750001E48FCF783F801201D4B1870F8BD1D4D75
:102760004FF4875406FB04F42F192B5D03EB83030E
:10277000DA00144B13445F6104F11801294404F199
:1027800008004FF480520431284414F003FD04F58E
:10279000855028440122002122F0C1F904F585501A
:1027A000103028440122002122F0B9F904F58650A6
:1027B000284422F0E3F83A460749786815F0F1F921
:1027C0000136C3E7986C0020952C020060A7040036
:1027D000E67C002074060020212A0200012807D888
:1027E00000EB8000034B03EBC0031961012070472D
:1027F00000207047986C002001285BD8F8B504468B
:1028000000EB80032D4A12F8330030B11A462B4BEF
:1028100003EBC2035B688B420FD004EB8402274BAF
:1028200003EBC20359601B6943B11B680846984714
:1028300004EB8404214B03F83400F8BD04EB84025C
:102840001E4B03EBC2035D69002D35D0686821F093
:10285000B7FF0028F1D004EB8403184A12F8333094
:102860008BB905F1080014F0FFFC144FA60004EB2F
:102870008403012207F83320284615F09BF92644EB
:1028800007F83600D9E704EB8403DB000021D154BC
:1028900005F5855630460EF063FA686883685B6913
:1028A00098470028DDD140F63542002330460EF02F
:1028B0002FFAD6E7002070470020BEE7986C002072
:1028C00001281DD808B5104A00EB8003D90002EB9F
:1028D000C3034FF0000C02F801C01B691BB15B6819
:1028E0009847012008BD00EB8000074B03EBC003B5
:1028F0005B693BB1586883685B6998470120F1E7E1
:10290000002070470120EDE7986C0020012805D8D1
:1029100000EB8000024B13F8300070470020704736
:10292000986C0020012815D808B500EB80020B4BED
:1029300003EBC2031B6913B19B68984708BD00EB0A
:102940008000064B03EBC003586928B1083014F02F
:1029500081FCF3E7002070470020EFE7986C00202F
:10296000012801D90020704770B504460D46FFF7D5
:10297000D9FF08B1012070BD04EB8406F6001836BB
:102980001A4B1E4430460EF0EBF92046FFF7CAFF03
:1029900030B12046FFF7C6FF003818BF0120EAE734
:1029A000EA0E6B015B1B62F10002910141EA936147
:1029B0009801C01A61EB0201C90041EA5071C000E0
:1029C000401941F100010018494140F2E733C018B5
:1029D0004FF47A724FF0000341F10001F7F7F4F978
:1029E00002460B4630460EF093F9D2E7986C002071
:1029F000012800D9704710B5044600EB8000C000E4
:102A00001830054B18440EF04DF9044B1B680BB100
:102A10002046984710BD00BF986C0020E86C00204D
:102A200038B50D4614460B78062B0AD8DFE803F0BC
:102A300004040A1F093D320004F5855010300EF0E1
:102A400031F938BD4968AB68EA68194404F10800F7
:102A500014F0A9FB38B904F58052D2F8D430E968F3
:102A60000B44C2F8D4302078FFF7C2FFE9E704F541
:102A7000805292F89C3083F0010382F89C3041F23E
:102A8000180101EB8311214483681B694022043142
:102A90009847D6E704F58054D4F8D8300133C4F809
:102AA000D8300B79C4F8DC30CBE704F585500EF054
:102AB000F9F8002300E00133012BC2DC03EB8301B2
:102AC0000B4A02EBC1025269A242F4D10A460849FC
:102AD00011F83220002AEED003EB8301044A02EB06
:102AE000C1021269002AE6D1204615F063F8A8E772
:102AF000986C0020044B1B6813B108B1002070478C
:102B0000014B186001207047E86C002010B582B0BE
:102B100000238DF80730012826D8044600EB8002F8
:102B2000144B03EBC2031B6913B11B6998471CE0EC
:102B300000EB80020F4B03EBC2035869B8B10122CE
:102B40000DF10701083014F058FB0A4B04EB840226
:102B500003EBC202926804EB840403EBC40301326A
:102B60009A609DF8070000E0002002B010BD002030
:102B7000FBE700BF986C00202DE9F047012854D8EE
:102B800005460E461446002953D0002A4ED000EBCD
:102B900080022A4B03EBC2031B692BB15B69214600
:102BA00030469847044641E000EB8002234B03EB9C
:102BB000C2035F69002F3ED007F586594FF0FF3200
:102BC0004FF0FF3348460DF05FFF07F5855808F1D9
:102BD000100840460EF0C4F878688368D3F804A063
:102BE0004FF0FF3322463146D04780B1002448469B
:102BF0000DF0CAFF114A05EB850302EBC303D96848
:102C000005EB850302EBC3022144D1600EE047F6D9
:102C10001222002340460EF07BF80028E7D07868A7
:102C200083689B6898470024E1E700242046BDE8BC
:102C3000F0870024FAE70024F8E700BF986C002032
:102C4000012806D800EB8000034B03EBC003586853
:102C500070470020704700BF986C0020012806D8FC
:102C600000EB8000034B03EBC00398687047002023
:102C7000704700BF986C0020012806D800EB800048
:102C8000034B03EBC003D86870470020704700BFB8
:102C9000986C00202DE9F04F85B004460388012B85
:102CA00011D000272388022B6DD02388032B00F03E
:102CB000AD802388022B00F0D980002F00F0018125
:102CC00005B0BDE8F08F4369864900209847074664
:102CD0000028E7D0002540E0DFF80CA2FBF742FA1D
:102CE000A8424ED0814B0193CDF800A04B465A46E6
:102CF00041467F48FBF7EEFA3046FFF7AFFF8146CB
:102D00003046FFF7B9FF024649467A48FBF7E2FA38
:102D100005EB8502784B03EBC2035869C8B1083054
:102D200014F098FA01464FF480527448FBF7D2FA37
:102D300005EB8505704B03EBC503596901F580511F
:102D4000D1F8DC30D1F8D820D1F8D4106C48FBF79A
:102D5000C1FA6C48FBF7BEFA4546012DA2DC05F12D
:102D60000108694B53F825B0EEB23046FFF768FF13
:102D700081463046FFF7CAFD0028ADD0DFF86CA1D0
:102D8000ACE7624BAFE763696149002098470646AC
:102D900000288AD0A3680120984700280BDDA3688B
:102DA00001209847022826DCA36801209847C5B275
:102DB000013DEDB200E00025FBF7D4F9A8421CD09C
:102DC000FBF73EFDF0B10A212846FFF7C9FD0028B8
:102DD000F6D02846FFF79AFE8DF80F0001220DF17C
:102DE0000F012846FFF7C8FE9DF80F20691C4948CF
:102DF000FBF770FAE4E70125DEE74748FBF76AFADC
:102E0000374652E7FBF754FA37464EE763694349C2
:102E100000209847804600283FF44BAFA36801206C
:102E2000984700280BDDA36801209847022819DC89
:102E3000A36801209847C6B2013EF6B200E0002622
:102E4000A368022098470546771C01463046FFF7E5
:102E5000D3FC48B1324B2A4639463248FBF73AFA9E
:102E6000474626E70126EBE72F4BF4E763692F4936
:102E70000020984700283FF420AFA368012098471E
:102E800000280BDDA36801209847022813DCA36803
:102E900001209847C4B2013CE4B200E00024FBF7F3
:102EA00061F9A04209D02046FFF70AFD611C2048C5
:102EB000FBF710FA04E70124F1E71748FBF70AFAD9
:102EC000FEE61C48FBF706FA02211B48FBF702FA54
:102ED00002211A48FBF7FEF902211948FBF7FAF91B
:102EE000EEE600BF788F040068A70400789C040019
:102EF00080A70400A0A70400986C0020C0A70400CD
:102F0000D4A7040010AA0400B4B4040074A70400F9
:102F10001899040024A8040008A8040040A804008C
:102F20002C8F040048A80400308F040064A804001B
:102F30006CA8040080A804008CA80400A4A80400C5
:102F4000C0A8040010B586B021492248FBF7C2F999
:102F500021492248FBF7BEF9214A22492248FBF7C2
:102F6000B9F922492248FBF7B5F914F00FF90146E7
:102F70002048FBF7AFF9FEF7B1FD01461E48FBF70D
:102F8000A9F904A8FEF786FF60B914F002FA044616
:102F9000FBF7D8FEC8B1194A21461948FBF79AF940
:102FA00006B010BD9DF810309DF811209DF812104C
:102FB0000291019200939DF815309DF814209DF820
:102FC00013101048FBF786F9DFE70F4AE4E700BF6C
:102FD00000A904000CA904001CA9040028A90400ED
:102FE00038A9040044A9040050A9040064A90400FD
:102FF00080A9040090A90400A4A90400E8A8040082
:10300000E4A90400B8A90400F4A8040010B514F061
:10301000B5F8FBF74BFCFDF7CBFDFDF73FFCFFF7E9
:1030200077FB002405E04FF4E131E0B2FFF7E4FB69
:103030000134012CF7DD4FF4E1310020FDF7ECFD08
:103040001B48FDF743FE1B491B48FDF73FFE1B498C
:103050001B48FDF73BFE1B491B48FDF737FE1B498C
:103060001B48FDF733FE1B491B48FDF72FFE1B488D
:10307000FDF72CFEFEF760FCFEF790FBFCF78EFBE5
:10308000FDF75AF9FFF7F2F8FDF7BCFEFAF74CFC32
:10309000FBF766FEFCF752FDFEF79EF8FBF790FC8F
:1030A000FFF76CFA0E490F48FBF7D8FB012010BD63
:1030B000F8A9040000A9040014AA04001CA9040033
:1030C0002CAA040044A9040044AA040038A904005E
:1030D0005CAA040064A9040074AA040010AA0400F5
:1030E000452F0200788F040030B410F0030418D08C
:1030F0000A46002429E050F8043B254D05FB03F364
:103100004FEA7343234D05FB03F363404FEAF34358
:1031100003EB8303204C1C44043A032AEBD800231E
:103120001BE00A46F9E750F8043B194D05FB03F391
:103130004FEA7343174D05FB03F363404FEAF34334
:1031400003EB8303144C1C44043A032AEBD8E6E750
:1031500010F801CB4CEA0323013A002AF8D10C4ABB
:1031600002FB03F34FEA73430A4A02FB03F35C409A
:10317000614081EA1141094801FB00F080EA5030CA
:10318000074B03FB00F080EA104030BC704700BFE3
:10319000512D9ECC9335871B646B54E66BCAEB852F
:1031A00035AEB2C208B5024B1B68984708BD00BFD8
:1031B00054170020014B1860704700BF54170020BF
:1031C00000B585B084460A46684600230093019303
:1031D0000293039302238DF80230044B019361465E
:1031E00012F0B8FF05B05DF804FB00BFA531020086
:1031F00080B505460E46174698460EF0FFFB03467F
:1032000001F0A8FB0446DFF8189049F80030424668
:1032100039463046A84754F8090001F023FB00BFA7
:103220000800000008B50446EFF31183402383F340
:103230001288BFF36F8FEFF3108372B60AF042FF6C
:10324000204617F0E2FA034814F0A0FE16F0D0FF73
:10325000FCE700BF8CAA04002DE9F043079FD7B11B
:10326000444DA5FB07456E0825F0010404EB550409
:103270003C1B003C18BF012404EB5504B4F1804F03
:103280000CD2A40001348C420ED868B106EB46067D
:103290008446002538E00020106061E04FF0FF33E5
:1032A00013606FF00B005BE014606FF00B0057E0F1
:1032B00093F80080597893F802E04FEA98092E4C71
:1032C00014F809908CF800904FEA081808F03008BC
:1032D00008EB211808F03F0814F808808CF80180EA
:1032E000890001F03C0101EBAE1101F03F01615C8E
:1032F0008CF802100EF03F0E14F80E108CF803102C
:1033000003350CF1040C0333B542D1D3BD4221D2B5
:1033100019780135BD4225D25C788B08164EF35CD6
:103320008CF800300B0103F0300303EB241303F09F
:103330003F03F35C8CF80130BD4215D2A40004F0C9
:103340003C040CF10303315D8CF802109C463D23D4
:103350000CF8013BACEB0000106000208CF8000082
:10336000BDE8F0830024D8E70CF103033D218CF87D
:103370000210EBE7ABAAAAAA3CB504002DE9F04184
:1033800004460D4616469E460699002738463B469B
:103390002EE0013301328B4204D21EF803C0BCF18F
:1033A000200FF6D08B4235D0A1EB030CBCF1010FFE
:1033B00004D91EF803C0BCF10D0F1DD01EF803C0C8
:1033C000BCF10A0F13D0002A7AD1BCF13D0F1BD0FB
:1033D0001CF0800F77D1404A12F80CC0BCF17F0F6F
:1033E00074D0BCF13F0F01D8002F72D101300133EE
:1033F0008B420FD20022CEE70EEB030C9CF801C0EB
:10340000BCF10A0FDAD1F2E70137022FE0D96FF0F1
:10341000150053E0A0B1C20802EB420100F0070C16
:103420000CEB4C0042000732D20802EB4102D21BE7
:1034300044B1AA4206D8A44600270325384615E021
:1034400030603BE032606FF00B0037E0224A12F848
:103450000820402A08BF013D02F03F0242EA8717D8
:103460000130042811D0013B0EF1010E13B39EF878
:103470000080A8F10A02D2B2162AE7D8174921FA29
:1034800002F212F0010FE1D0EDE74DB1C7F30742B0
:103490000CF8012B012D09D9C7F307220CF8012BD9
:1034A000022D05D90CF8017B0020DCE70020DAE7CB
:1034B0000020D8E7ACEB040434600020BDE8F081C4
:1034C0006FF01500FAE76FF01500F7E76FF01500E1
:1034D000F4E76FF01500F1E7BCB404000900400008
:1034E00010B586460020642310E00CF1300C0EF875
:1034F00001CB0139C9B20130C0B2B2FBF3F403FB16
:103500001422D2B2094CA4FB0343DB0849B143B1F6
:10351000B2FBF3FC9A42E8D2012BE6D00028ECD0B3
:10352000E3E711B100238EF8003010BDCDCCCCCC38
:103530002DE9F04383B0044608461546238B13F06B
:10354000080F05D103F0070600230093019354E010
:10355000012909D043F02003238385F31188BFF3A9
:103560006F8F03B0BDE8F08343F010032383F4E7CB
:10357000204614F0C4FD42E0D4F814904A4669464F
:10358000204614F0D5FD4FF00008238B03F0070709
:10359000B74267D0A268002A64D0012243F0080332
:1035A000238385F31188BFF36F8F002A62D1009BBC
:1035B0002BB14B463A466946204614F033FEB8F12B
:1035C000000F02D033492046C047EFF31185402356
:1035D00083F31288BFF36F8F238B23F008032383B9
:1035E000238B13F0100F4BD023F010032383012003
:1035F000268B06F007060028AFD00228B8D0052891
:103600002CD801A353F820F05B3502007935020075
:103610005D360200213602003536020049360200CE
:103620002369D3F800800621204614F03EFD4FF0B8
:103630000009AAE72369D3F804800421204614F086
:1036400034FD4FF00009A0E72369D3F80880052175
:10365000204614F02AFD4FF0000996E74FF00008CD
:10366000C14692E7009A0AB1002297E7B8F1000F2D
:1036700094D1B5E74A463946204614F01EFD96E738
:1036800013F0200F04D023F0200323830220AFE7A0
:103690000020ADE753820300014B03600020704718
:1036A0007CB504002DE9F04F83B0C469002C00F014
:1036B000DF800546D4E8AF3F13F0200F04D1002689
:1036C000304603B0BDE8F08FC369D3E8AF3FC3F322
:1036D000002613F4807F0CD1664B187800283ED06A
:1036E0000023EFF31182402181F31288BFF36F8F23
:1036F00013E0EFF31184402383F31288BFF36F8F3D
:1037000015F02BFF064684F31188BFF36F8FD7E7C0
:1037100082F31188BFF36F8F01234BB9E368002B4D
:10372000F6D021790029F3D10133E3600646EFE7B3
:103730000EB10026C4E704F1180621F033FC48B1AD
:103740000022002330460DF0E3FA061E08DA6FF07F
:103750000A06B5E74FF0FF324FF0FF33F2E70026DD
:1037600021F020FC10B12379022B7ED0D4F810B0C8
:10377000BBF1000F05D0EB69D3E8AF3F13F0040FA6
:103780001DD0E3680133E3602379022B31D0394B3C
:103790001B78002B52D1E368012B07D8A3680121C5
:1037A00060699847061E4DDB00232371314B1B785F
:1037B000002B85D004F118000DF074FA80E758460C
:1037C000FFF770FF06460028F0D1D4E8AF3F13F0B2
:1037D000020F08D1D4E8EF3F43F00403C4E8E23F0E
:1037E000002ACED0F6E7584615F099FE6FF00A068B
:1037F000DCE704F1380021F081FB10F0010FC6D1A5
:1038000000232371D2E704F1280A0321504621F056
:1038100086FF04F1180738460DF044FA4FF0FF38E0
:103820004FF0FF39CDE9008900220321504621F0F5
:103830007CFF42464B4638460DF06AFA2379022B4C
:10384000E1D0A8E7E368013BE360BBF1000FADD036
:10385000584615F064FEEB69D3E8EF1F21F0040130
:10386000C3E8E21F002AA1D0F6E76FF00A069DE741
:10387000002625E7F17C00202DE9F8430F46984605
:10388000C569D5E8AF3FC3F3401113F0200F6CD0EA
:10389000064691460024EFF31183402282F31288FA
:1038A000BFF36F8F224604E083F31188BFF36F8F5D
:1038B000012434B9EC68012CF6D9013CEC600A46CD
:1038C000F2E7002A55D12D4B1A7822BB0024EB6871
:1038D000002B40D0013BEB60002B3ED172BBAB68AC
:1038E000002168699847041E31DB01232B71F369BD
:1038F000D3E8AF3F13F0040F2FD0F369186915F028
:103900000EFEF369D3E8EF1F21F00401C3E8E21FC4
:10391000002A22D0F6E705F1180421F043FB40B15C
:103920000022002320460DF0F3F9041E23DB3A4663
:10393000CDE74FF0FF324FF0FF33F3E702232B7157
:103940004A46434605F138000DF0EAFB05E0EB6816
:103950000133EB6001E06FF07704084B1B782BB16B
:1039600005F118000DF09EF900E000242046BDE8A6
:10397000F8830024FAE76FF00F04F7E7F17C0020EA
:1039800038B5C469002C4BD00546D4E8AF3F13F0DE
:10399000200F02D00025284638BD15F03AFD00283A
:1039A00041D1EB69D3E8AF3F13F4807F21D11F4BA6
:1039B0001B781BBB636953B323797BBBA3680021CE
:1039C00060699847051E0BDB012323710023E36028
:1039D000D4E8EF3F43F02003C4E8E23F002AF7D1E8
:1039E000124B1B78002BD6D004F118000DF05AF9B9
:1039F000D1E7284615F074FD0546CCE704F1180020
:103A00004FF0FF324FF0FF330DF082F9D2E76561DE
:103A1000074904F1380021F030FACDE70025D5E759
:103A20006FF08505B7E76FF00F05B4E7F17C002074
:103A3000AD9503008446002300E00133074A126875
:103A40009A4208DD1A010649096801EB03108A5CF5
:103A50006245F2D100E00020704700BF7CB5040051
:103A60005817002038B50C4B1B685BB10C46FFF7AC
:103A7000E1FF054648B1C06820F0A2FE40B12560D4
:103A8000002038BD6FF00C00FBE76FF00100F8E795
:103A90006FF01200F5E700BF5817002010B588B08E
:103AA0000C464368029383680393049200230593B2
:103AB0000A680692079301AA0549C0681CF07BFFBB
:103AC000079B0BB9059B2360079808B010BD00BF8A
:103AD0006D97030010B582B004464368009300233D
:103AE00001936A460949C0681CF065FF019A3AB122
:103AF0006369A1690B449A4205D3002002B010BD4E
:103B00006FF00D00FAE76FF00D00F7E7E3970300A1
:103B10002DE9F0410C4B1E6896B107460C46154640
:103B200000F042F97368D3F810802B4622463946DC
:103B30003046C047044600F043F92046BDE8F08116
:103B40006FF00104F9E700BFEC6C00200023036074
:103B5000054B5B681BB11860034B58607047024B04
:103B600058601860704700BFF06C0020014B18606F
:103B7000704700BFEC6C002030B585B005460023CF
:103B8000019302930393019000F00EF90C4B1C6813
:103B900000E01C465CB163681B6801A92046984799
:103BA0002368002BF5D0002CF3D12346F1E72846FB
:103BB00000F096F8044600F003F9204605B030BD49
:103BC000F06C002010B584B001900291039200F0D7
:103BD000EBF80B4B1C6800E01C465CB163681B688B
:103BE00001A9204698472368002BF5D0002CF3D17B
:103BF0002346F1E700F0E4F8002004B010BD00BF58
:103C0000F06C0020024B00221A605A60704700BF1F
:103C1000F06C002008B5034B00221A605A60FFF7D1
:103C2000F1FF08BDF86C0020F0B583B006460F46E2
:103C300009B100230B60274C002504E00FB1019B64
:103C40003B6025461834244B9C4216D201AA2168B9
:103C5000304615F085FF0028F4D0002DEED000226C
:103C60002968206815F07CFF0028EBD01FB1019B6C
:103C70003B602546E6E72546E4E7184B1C683CB167
:103C8000183C05E014F1180317D0A46904B1183CDE
:103C9000E4B101AA2168304615F062FF0028F1D096
:103CA0006DB100222968206815F05AFF0028ECD079
:103CB00057B1019B3B602546E7E71C46E8E70FB19B
:103CC000019B3B602546E0E72546DEE7284603B03A
:103CD000F0BD00BF44880400D4880400F86C0020C4
:103CE0002DE9F04706464FF000474FF000094EE03F
:103CF00018342A4B9C421CD236B10022314620682F
:103D000015F02EFF0028F3D0D4F81080B8F1000F82
:103D1000EED0D4F804A02A463946504615F016FFD6
:103D20000546BA45E4D1C047B9F1000FE0D181465C
:103D3000DEE71B4B1C683CB1183C05E014F118038E
:103D400020D0A46904B1183CF4B136B10022314648
:103D5000206815F005FF0028F0D0D4F81080B8F1E5
:103D6000000FEED0D4F804A02A463946504615F08C
:103D7000EDFE0546BA45E4D1C047B9F1000FE0D1E8
:103D80008146DEE71C46DFE7AF4203D02F463D46C3
:103D9000044CAEE74846BDE8F08700BFD488040075
:103DA000F86C00204488040008B54FF0FF324FF053
:103DB000FF3302480CF068FE08BD00BFA01C0020C5
:103DC00008B502480CF0E0FE08BD00BFA01C0020B2
:103DD00010B5FFF7E9FF094B1B7823B10024FFF76B
:103DE000EFFF204610BDFFF715FF00F06FF8044607
:103DF0000028F4D1014B01221A70F0E7E77C002083
:103E000008B5024B4360FFF7A1FE08BD78B6040079
:103E10002DE9F0439BB005460F46002303934FF076
:103E20000043049303AA04A915F01AFF002828DB15
:103E3000049931B305F10808492305AA21F00101CD
:103E4000404615F0C5FA0446049921F0010101F13C
:103E50008041404615F0CAFA0646DDF8109003AAE4
:103E600004A9284615F0FCFE00280ADB002C01DD21
:103E7000002E09DC29F00101284615F0C8FF0028B2
:103E8000D6DA1BB0BDE8F08304F168030DEB030440
:103E9000002304F8543CCDF8608029F0010909F1B1
:103EA00080431993009718AB034A314605A815F0D3
:103EB0009DFE0028BCD0E4E7519C030008B5024BEE
:103EC0004360FFF753FE08BD78B6040030B585B0F7
:103ED0000123009303A90320FFF7C4FD044610B19A
:103EE000204605B030BD01AA6946032015F05CFCF0
:103EF000044610B110F10C0FF2D10299039B9A689D
:103F0000B2FBF1F20948016242625A688260DB68E2
:103F1000036515F01DFF04460028E1D1034D284636
:103F2000FFF76EFF2846FFF7C9FFD9E7D02B002027
:103F300008B5054814F02AF8044814F027F8044896
:103F400014F024F8002008BDB8AA0400F0AA040068
:103F500024AB040008B5044B9B681BB1481E18BF76
:103F60000120984708BD00BF006D002010B51C4619
:103F7000034B1B6813B1114622469847204610BDDB
:103F8000006D002008B5024B5B6803B1984708BD7F
:103F9000006D002030B10168034A11604168516032
:103FA0008368936000207047006D002010B586B0D4
:103FB00000230093019302930393049305930D4B05
:103FC00001930291ADF80C200B4B049358B10446B9
:103FD000012208491AF0B2FF48B16946204607F0AD
:103FE000D5FA06B010BD694607F0D0FAF9E76FF0D0
:103FF0001500F6E7BCB60400853F020008B503488B
:10400000034A121A002116F08EF808BD401E002047
:10401000F47C002008B50648064A121A064916F034
:1040200086F80648064A121A064916F080F808BDB6
:1040300060000020401E002034C404006000002006
:104040006000002034C4040010B504468368426850
:104050000168094813F09AFF63692269E16807481B
:1040600013F094FFE169064813F090FFA169054839
:1040700013F08CFF10BD00BF54AB040084AB0400F0
:10408000B4AB0400C4AB040038B504460D4611B10E
:104090000846FFF7D9FF012C04D0294620460CF032
:1040A00049FB38BDEFF305811039024813F06EFF6C
:1040B000F3E700BFF4AB040030BFFFF7FDBF00BF64
:1040C00038B50446054D2A460549F5F7B7FD054ABA
:1040D0000021601911F0BAFB38BD00BF00000000DC
:1040E000E08804000800000070B50646064D074B46
:1040F0001D444C1B2046FFF7E3FF083CC6F8AC40CC
:1041000005F1080070BD00BF0000000008000000BD
:104110008169104B5A6942F480725A61BFF34F8F24
:10412000BFF36F8F31F8021C5A6922F480725A6112
:10413000BFF34F8FBFF36F8F01F47F43B3F55F4F32
:1041400001D000207047C9B2022901D00020704779
:104150000120704700ED00E04FF0000C83F800C034
:1041600002F07F4CBCF17F4F12D102F00C0CBCF17D
:10417000080F04D012F0080F07D00846704708B5A2
:10418000044813F003FF002008BD01221A70704795
:104190000020704708AC0400F8B505460F461446E9
:1041A000324813F0F3FE324B9B6A13F0100F31D1FB
:1041B00010262F4B9B6A13F0080F30D12C4B9B6AB3
:1041C00013F0020F30D12A4B9B6A13F0010F43D139
:1041D000274B9B6A13F0200F43D1254B9B6A13F0AA
:1041E000100F01D1224B9B6A214B9B6A13F0200FC9
:1041F00004D01F4A536A23F4005353621C4A936A43
:1042000043F0FF0393620121284615F0A0FF2070C0
:104210003046F8BD174813F0B9FE1126C9E7164815
:1042200013F0B4FE1226C9E7144813F0AFFE104B8A
:10423000596B9B6A13F0800F01D11326C3E7104816
:1042400013F0A4FE37B10A4A936A23F08003936205
:104250001326B8E71326B6E70A4813F097FE14268C
:10426000B6E7094813F092FE1526B6E734AC040011
:1042700000ED00E04CAC040080AC040094AC040001
:10428000B0AC0400C8AC0400E8AC0400F8B50546C6
:104290000F4614462F4813F079FE2F4B9B6A13F4F8
:1042A000805F25D116262C4B9B6A13F4006F24D116
:1042B000294B9B6A13F4007F24D1274B9B6A13F48C
:1042C000806F37D1244B9B6A13F4807F37D1224B08
:1042D0009B6A13F4005F37D11F4A936A43F47F430C
:1042E00093620121284615F032FF20703046F8BD58
:1042F0001A4813F04BFE1726D5E7194813F046FE6F
:104300001826D5E7174813F041FE134B996B9B6AAB
:1043100013F4004F01D11926CFE7134813F036FEEE
:1043200037B10D4A936A23F4004393621926C4E718
:104330001926C2E70D4813F029FE1A26C2E70C48D9
:1043400013F024FE1B26C7E70A4813F01FFE1C26A5
:10435000C2E700BF18AD040000ED00E030AD04007E
:1043600080AC040044AD040060AD040078AD0400EE
:1043700094AD0400E8AC040008B5294813F006FE2B
:10438000284B9B6A13F0007F26D11D20254B9B6A8A
:1043900013F0807F25D1234B9B6A13F4801F25D116
:1043A000204B9B6A13F4002F25D11E4B9B6A13F4FC
:1043B000802F25D11B4B9B6A13F4003F25D1194B4D
:1043C0009B6A13F4803F25D1164A936A6FEA034330
:1043D0006FEA1343936208BD134813F0D7FD1E2004
:1043E000D4E7124813F0D2FD1F20D4E7104813F091
:1043F000CDFD0220D4E70F4813F0C8FD2120D4E7FB
:104400000D4813F0C3FD2220D4E70C4813F0BEFD85
:104410002320D4E70A4813F0B9FD2420D4E700BFD5
:10442000B0AD040000ED00E0CCAD0400E0AD040050
:10443000FCAD040028AE040048AE040070AE0400D9
:104440008CAE040070B506460D46264813F09EFD5E
:1044500000232B70244BDC6A14F002040AD1224B97
:10446000DB6A002B0BDB204BDC6A14F080440AD1A2
:10447000204670BD1D4813F089FD0024F8E71C4854
:1044800013F084FDF4E71B4813F080FD3046FFF77E
:104490003FFE98B9144B9B6A13F0FF0F14D1124BD7
:1044A0009C6A14F47F4416D10F4B9B6AB3F5803F8E
:1044B000DED33046FFF760FF0446D9E731680E4887
:1044C00013F064FD3468D3E72A4601213046FFF734
:1044D00063FE0446CCE72A4601213046FFF7D6FEAC
:1044E0000446C5E7B8AE040000ED00E0D0AE04001D
:1044F000F4AE040004AF040024AF040008B50023A8
:104500000B70024813F042FD08BD00BF44AF040029
:1045100008B50A460F2905DC0349103A034813F091
:1045200035FD08BD0249F8E76CAF0400A0AF0400F8
:1045300084AF040030B58BB01E4B5D68C5F3080531
:10454000002383F31188BFF36F8F0DF12603FFF76C
:1045500003FE04460DF12702294615F0FAFD9DF8E9
:1045600027300BB10BB030BD05460DF1040C2068AF
:104570006168A268E368ACE80F0020696169A2691C
:10458000E369ACE80F009DF826304BB1089BC3F3FC
:1045900008024AB96FEA53236FEA4323089303E002
:1045A000089B6FF30803089301A92846FFF76CFDE9
:1045B000D8E700BF00ED00E0064B5A6942F0100258
:1045C0005A615A6942F480625A615A6922F00802BB
:1045D0005A61704700ED00E0EFF30880EFF30981C6
:1045E00001B57246FFF7A6FF01BD00BF002080F3B2
:1045F0001488BFF36F8F002080F30A8880F30B8844
:10460000144880F308880020134908700AF008FB5A
:10461000002012490860BFF34F8F00F037F84020A8
:1046200080F311880E484FF0AA014FF4006215F094
:104630007AFD0B484FF40061401880F30988EFF3CE
:1046400014800221084380F31488BFF36F8F00F0B9
:104650009BF8000030D10020F17C002094ED00E0B8
:10466000F0B70020084BD3F89000C0F307200023D8
:1046700006E0054AC2F898300021C2F8A0100133C4
:104680008342F6DB704700BF00ED00E010B572B664
:10469000002484F31388FFF7E5FF234608E003F1C5
:1046A00020010E4A4FF0FF3042F821000133DBB207
:1046B0000F2BF4D9002308E003F16001074A4FF003
:1046C000FF3042F821000133DBB20F2BF4D962B680
:1046D000BFF34F8FBFF36F8F10BD00BF00E100E04D
:1046E0001EF0040F0CBFEFF30880EFF3098081691F
:1046F00011F8021C0229FFD001B5724615F01BFD0E
:1047000001BD00BF002807DB00F01F0240090123A4
:104710009340024A42F82030704700BF00E100E0B9
:1047200000280CDB00F01F024009012393402030D9
:10473000034A42F82030BFF34F8FBFF36F8F7047AB
:1047400000E100E0002808DB4901C9B200F1604047
:1047500000F5614080F80013704700F00F00490138
:10476000C9B2014B1954704714ED00E0044B23F01B
:104770007F03044A9360BFF34F8FBFF36F8F70477F
:104780000008010000ED00E008B5FFF7EFFF074A61
:10479000D2F8883023F47003C2F88830FFF72EFC7B
:1047A000FFF738FC00F0ACF80CF0DEF800ED00E0AC
:1047B00010B4A2F120040E4942F8081C21F00101B6
:1047C00042F8081C42F8203C019B42F81C3C029B2A
:1047D00042F8183C039B42F8143C4FF0807342F8B7
:1047E000043C04650023C0F8B03010BC704700BF23
:1047F000F131020000B50E4615460D4B9860D0F819
:10480000AC200C4B1A60D0F89C3083F30B882C46FC
:1048100086F309880020044B984720460021002297
:104820000023024C20470000E3A10300F131020005
:104830006C7800200C6D0020014B10221A6170472B
:1048400000ED00E0054B5A699B689A4204D0044A87
:10485000536843F080535360704700BF6C7800206A
:1048600000ED00E008B50A4B9B68834202D00DF0D2
:10487000CBF808BDEFF30583002BF8D0054B5A6841
:1048800042F080525A605A6A22F400425A62EEE7BD
:104890006C78002000ED00E016498A684FF0300087
:1048A0001044EFF3098C80E8F01F402080F3128859
:1048B000BFF36F8F104F4FF000664A698A603E6009
:1048C000D2F8AC000D4C2060D2F8B0000023C2F842
:1048D000B03080F3118802F1300090E8F01F8CF3C3
:1048E000098802F1000004B515F073FCBDE804402E
:1048F000704700006C78002004ED00E00C6D002093
:10490000002206E003F00F030949194440230B7607
:104910000132B2F5877F0ADC13B2002BF2DB03F120
:10492000604303F56143402183F80013F0E77047CB
:10493000FCEC00E008B5EFF30583103B044A02EB02
:10494000C301496852F833008847FFF77BFF08BD71
:104950002C7E040001480068704700000C6D0020A8
:1049600010B584B00A4C23460A4A01210A4815F0C2
:104970008EFD01A80023019343608360074B0193E0
:10498000E41A0294012115F086FD04B010BD00BFA9
:1049900000F003200000002080B70400401E00202B
:1049A000024B034AC3F8C020704700BF00ED00E08F
:1049B000AAFF4400034BC3F89800C3F89C10C3F847
:1049C000A020704700ED00E00E4BC3F89800C3F83C
:1049D0009800D3F89C000A7A60F304020A72D3F8B4
:1049E000A020C2F34202087A62F347100872D3F89B
:1049F0009C2022F01F020A60D3F8A03023F01F038E
:104A0000CB60704700ED00E0084BD3F89030C3F363
:104A10000723013B984205D810B5044615F00EFC5B
:104A2000204610BD6FF01500704700BF00ED00E09C
:104A30002DE9F04F87B0814600910193144600277D
:104A400035E0C34566D12946C0B215F01DFC2DE006
:104A50005A4AC2F89860D2F89C3003F01F0321F044
:104A60001F010B43C2F89C302946E0B215F00CFC44
:104A7000044610F1160F00F09A80013416E0013B55
:104A80004E49C1F89860D1F8A02002F01F0223F02F
:104A90001F031343C1F8A0302946E0B215F0F4FB20
:104AA000044610F1160F00F0828001340137009B9C
:104AB0009F427CDA07EB47054FEA850A09EB85053B
:104AC0006E68002EF2D0019B23B1284615F0CAFB78
:104AD000002868D0314659F80A0015F0F7FB064661
:104AE00010F1160F62D0844265DD344BC3F8980094
:104AF000D3F89C2022F01F02C3F89800D3F8A0300E
:104B000043F01F0859F80A306968194401F1FF3B66
:104B1000934296D093429BD0C345B0D0013B2749E6
:104B2000C1F89860D1F8A02002F01F0223F01F0303
:104B30001343C1F8A0302946E0B215F0A5FB0446A6
:104B400010F1160F33D001301C4BC3F89860D3F826
:104B50009C109DF8102061F304028DF81020D3F80A
:104B6000A030C3F34203D2B263F347128DF8102092
:104B700059F80A206B681A44029259F80A20134423
:104B800023F01F03A8EB0B084344013B23F01F0352
:104B9000059302A9C0B2FFF737FF044610F1160FC4
:104BA00005D0013482E76FF0150400E0044620468A
:104BB00007B0BDE8F08F6FF01504F8E700ED00E0F6
:104BC00010B5034C01232278FFF732FF207010BD8F
:104BD000E87C002070B505460E46002400E0013454
:104BE000A6421EDD04EB44039A0005EB83035968DB
:104BF0000029F4D0A85815F069FB04EB84030B4A94
:104C000042F8230010F1160F0CD0094B1B78984284
:104C100009DA04EB840302EB83010431FFF7D4FECD
:104C2000DDE7002070BD6FF01500FBE7106D002080
:104C3000E87C0020044B0522C3F89420BFF34F8F7B
:104C4000BFF36F8F704700BF00ED00E0BFF35F8FD1
:104C5000024B0022C3F89420704700BF00ED00E033
:104C600038B51C4B1D681C4BD3F89030C3F3072399
:104C70009D422BD8FFF7EAFFFFF792FE002407E0E2
:104C8000144B596801EB0411204615F0D7FA013492
:104C9000A542F5D81148057015F029FB10F1160F43
:104CA00013D00E4B1A780C4BD3F89030C3F3072374
:104CB0009A4207DA084BC3F898200021C3F8A010E5
:104CC0000132F0E7FFF7B6FF002038BD4FF0FF30AC
:104CD000FBE700BF8CB7040000ED00E0E87C00209B
:104CE00008B5024810F0C6FEFEE700BFC4AF0400DE
:104CF00008B5024B1B689847002008BD246D0020B2
:104D0000034B1860034A937843F002039370704793
:104D1000246D00209C17002008B5054813F036F9D3
:104D2000002383F31188BFF36F8F0423184602DF3B
:104D3000CCAF040008B5064921F00701C1F10052CB
:104D400002F57C32034813F0DAF8002008BD00BFFA
:104D5000CF0C0120286D0020034BC01A8010034B9C
:104D600003FB00F0704700BF201D0020398EE338A0
:104D700000EBC000014B03EB80007047201D0020BA
:104D800068B108B5064A074B1B680749A1FB031326
:104D90009B0C00FB03F042F00103984708BD7047ED
:104DA000708C0400641A002083DE1B43154B002224
:104DB000C3F80429144BD3F82036C3F3080282F455
:104DC0008072C3F3094302F217224FF47A6101FBA8
:104DD00003F342F21C5101FB02331B0A0B4AA2FBF4
:104DE000031292094FF47A7101FB1231B1F5FA7F87
:104DF00000D30132034BC3F81C270022C3F800295B
:104E0000704700BF0000125000C0FF00D34D621079
:104E100008B5044B044A1A6008F0F4F9FFF7C6FF1E
:104E2000002008BD641A00200020A107BFF34F8FA7
:104E30000549CA6802F4E062044B1343CB60BFF338
:104E40004F8F00BFFDE700BF00ED00E00400FA0552
:104E500008B500224FF480214FF0005009F074FF94
:104E600008F032FE074AD2F8183523F00103C2F8E1
:104E70001835054B4FF0FF32C3F80026034815F0F4
:104E8000C7FC00BF00F00C5000E0105000001250B2
:104E90000020024BC3F8D406704700BF00600D50DD
:104EA00010B5064C00E00434054B9C4204D2236844
:104EB000002BF8D09847F6E7002010BDD4880400F6
:104EC000E08804000146094B186808B1036804E053
:104ED000034602E01A461846134630B142898A4218
:104EE00003D0002BF6D01A68F5E770473C6D002020
:104EF0000B4B1A680AB1136804E0134602E0194626
:104F00001A460B4632B15189814203D0002BF6D0AC
:104F10001968F5E70AB1D06870470020704700BFF4
:104F20003C6D002000230360054B5B681BB11860DB
:104F3000034B58607047024B58601860704700BFC1
:104F40003C6D002000230360054B5B681BB11860BB
:104F5000034B58607047024B58601860704700BFA1
:104F6000346D00202DE9F04F8BB0814604919246BC
:104F70001E46DDF850B000238DF827304FEA104868
:104F80003360ABF80030284B1A68002A43D014680D
:104F9000002705970FE0BDF81E20ABF8002007465C
:104FA000012305939DF82730002B38D1002C34D0F5
:104FB000236822461C46002A31D093684FF6FF71C1
:104FC0008B4207D0B8EB134FF0D129EA03039BB211
:104FD000002BEBD133680893BBF80030ADF81E30DE
:104FE0005568CDF808A0049B01930DF127030093A9
:104FF0000DF11E0308AA39464846A8470028D1D01B
:10500000059A002ACED1089A32600228C3D00746FA
:1050100001230593C6E71446BAE72346C9E7384695
:105020000BB0BDE8F08F00BF346D00202DE9F041DA
:1050300082B004460E46904685682F1D02213846F0
:105040001FF05BFBF0B94FF00008022138461FF05B
:105050005EFB10EA080F29D06A682B68DB68D21A59
:10506000083A6946304615F0F0FB6B682A68D1684B
:105070005B1A13826946204615F028FC002002B016
:10508000BDE8F08102220A4938461FF01AFB10B928
:105090004FF00008D9E7414638461FF0E7FA10B153
:1050A0004FF00108D1E74FF00008CEE70720E6E710
:1050B000D8AF04000AB90120704770B504460D4608
:1050C0001646A0F84810A0F84A20032219491FF0FC
:1050D000F8FA08B9002070BD022120461FF00DFB30
:1050E00008B90020F7E70522134920461FF0E9FA26
:1050F00008B90020EFE7294620461FF0C2FA08B998
:105100000020E8E702220D4920461FF0DAFA08B92C
:105110000020E0E7314620461FF0B3FA08B900202E
:10512000D9E7022120461FF0F2FA08B10120D2E7A8
:105130000020D0E7DCAF0400E0AF0400D8AF0400EB
:1051400070B50C4615461E4628B9094B1978094812
:1051500014F0D1FC38B933462A462146054814F0EC
:10516000ABFC10B970BD0A20FCE70C20FAE700BFC9
:10517000706F0020446D002070B584B0002846D1C7
:105180000C4603A9244B1878FEF76CFC002840D18C
:10519000039814F0C5FA0646002836D0039B5968D8
:1051A000214401396A461BF000FC30B113240398F6
:1051B00014F061FA204604B070BD009D019B1D44AF
:1051C00003984368ED1A2A46002114F089FA044630
:1051D00008B10D24EBE7039B98681BF059F9A8422E
:1051E000E5D3039B596801446A4630461BF0DDFB5A
:1051F000039843680099C91A8268521A14F070FA29
:1052000004460028D3D00D24D1E71224CFE714247C
:10521000D0E70A24CEE700BF706F002000230B60A8
:105220004B608B60CB600B614B614368B3F1FF3F18
:105230007CD070B584B005460C46002B5FD1036965
:105240001F2B4CD98368B3F1FF3F4AD00B6000237A
:105250004B60C6683268394B9A4244D18269202A31
:1052600043D842B1364B1B68B3F1FF3F03D0344BF8
:105270001B7B9A4228D0286815F055FDE060002875
:1052800035DB01A9C0B2FEF7EDFB90BBAA6801981F
:1052900083689A421FD814F0EEF92B7F53B102A80D
:1052A00015F0E6FE38BB06F1140102A815F04FFD1B
:1052B000002822DA207B15F01BFD002839DBB0FA2C
:1052C00080F35B0963742BE041691E4810F04CFBCE
:1052D0000028D0D12DE014F0CEF91E2029E01620B0
:1052E00027E0152025E0172023E0182021E00920E1
:1052F0001FE00A201DE01A201BE01B2019E0104BC4
:105300001A68CA6098680021206061606A685B68FA
:105310009A420DD12B691A44904271F100010AD3CF
:105320002B69A36001232374002002E0142070473E
:10533000002004B070BD1F20FBE700BF3DB8F3960E
:10534000706F00207D6F002070B59CB00C46164633
:10535000856804AA0292402303931BAB694620464A
:1053600000F040FA10B101201CB070BD04350F21CF
:1053700028461FF0C2F908B90020F5E70422434986
:1053800028461FF09EF90028F6D004F001012846B7
:105390001FF077F90028EFD007223D4928461FF07B
:1053A00090F90028E8D014A9684600F097F9002881
:1053B00065DB00238DF86830192214A928461FF0F8
:1053C0008AF90028D8D00422324928461FF079F9FA
:1053D0000028D1D002A928461FF069F90028CBD0B7
:1053E00008222D4928461FF06CF90028C4D01B9BC9
:1053F00003F01003B3FA83F1490928461FF0A9F915
:105400000028B9D00722254928461FF05AF900285C
:10541000B2D0C6F3400128461FF09BF90028ABD05C
:1054200009221F4928461FF04CF90028A4D0C6F3D2
:10543000800128461FF08DF900289DD006221949C9
:1054400028461FF03EF9002896D006F001012846B4
:105450001FF07FF900288FD00922134928461FF03A
:1054600030F9002888D0C6F3C00128461FF071F932
:10547000002881D00F2128461FF049F974E7052242
:105480000A4928461FF01DF99BE700BFE8AF04005A
:10549000F0AF040000B0040008B0040014B0040031
:1054A00068960400C89604001CB00400F8AF04001D
:1054B0002DE9F04782B00746866804360622444943
:1054C00030461FF0FEF890B9002415F09DFD002530
:1054D00004B1ADB12CB1022130461FF013F9002800
:1054E00062D115F092FD072002B0BDE8F0870221DD
:1054F00030461FF0FDF808B10124E6E70024E4E798
:1055000000238DF807300DF10701284615F0D0FC77
:105510008046284615F07AFD044680F001099DF882
:105520000730022B0BD04FF0050AA0450AD0B3B1CB
:10553000022B17D0012B18D04FF0000804E04FF0D9
:10554000010AF2E74FF000084C451BDA52462146AB
:105550003846FFF7F9FE58B900240135B8E74FF097
:105560000A08F1E74FF00408EEE74FF00208EBE716
:10557000424649463846FFF7E7FE08B10124ECE70A
:105580000024EAE7424649463846FFF7DDFE08B9FF
:105590000024E2E7524621463846FFF7D5FE08B11F
:1055A0000124DAE70024D8E70B220A4930461FF02D
:1055B00088F820B1002130461FF058F818B915F0CE
:1055C00024FD072090E715F020FD00208CE700BFA8
:1055D00028B0040030B004002DE9F0419EB005462B
:1055E00000238DF877301C931AAA1A931B9337491E
:1055F0001091042111913649129113928DF8503077
:10560000344A159207221692334A17920DF1770207
:1056100018928DF864308068071D68681CAB022200
:1056200010A9043015F0A2FA041E0CBF01260026B2
:1056300047D115F0E9FC1B9AF2B99DF87730A3B178
:1056400015F0E6FC15F0E2FC9DF8771015F06FFC04
:1056500060BB2846FFF72CFF054670BB15F0D5FC54
:105660008EB320461EB0BDE8F081182201213846D5
:10567000FFF720FD0646F1E7402A06D01822012157
:105680003846FFF717FD0646E8E71A996846F4F72B
:10569000D5FA0021684615F0CDFC0028D4DA08229E
:1056A00001213846FFF706FD0646D7E782B2012101
:1056B0003846FFF7FFFC0646D0E715F0A6FC2C465F
:1056C000CFE70324CDE70724CBE700BF00B00400F9
:1056D000FD410400FC980400BB42040070B582B098
:1056E00004460E46437842880192009303780F4A9D
:1056F0001921304610F0E0F9051E0EDB63680BB986
:1057000000200BE00A4AC5F11901701910F0D4F914
:10571000002803DA4FF0FF3003E00020002D02DB09
:10572000284402B070BD4FF0FF30FAE73CB00400EF
:1057300048B00400042810D91C281CD8092810D30C
:10574000012383400D4A13420FD10D4A1A4072B90A
:1057500013F4004F0DD002207047032803D3052017
:1057600070470120704701207047032070470620D2
:105770007047012070470120704700BF0040780348
:105780000002001810B5054C30220021204610F010
:105790005DF84FF0FF33236010BD00BF706F002035
:1057A00008B50248FFF7BEFB08BD00BF9C180020EB
:1057B00010B5846804340322084920461EF081FF96
:1057C00008B9072010BD064B596820461EF064FF3B
:1057D00008B10020F6E70720F4E700BF5493040067
:1057E000706F0020F0B58DB004460E4615461F467A
:1057F0000DF1030115F016FB002840F082802023F4
:1058000004AA0021204615F0EBFA0246002879D1BF
:105810002EB108229DF80310304610F017F89DF8BD
:10582000033003EB0322120442EA03221343049AD7
:105830003A498A4203D09A4225D0172262E01EB12B
:1058400009AB03CB306071600FB1089B3B60BDF8C2
:105850001830079A1344029346F6081301AA02A9C6
:10586000204615F0B6FB10B9019B043B029346F6A7
:10587000071301AA02A9204615F0ABFB0746002832
:1058800043D100260FE003223CE0BDF80E104FF696
:10589000FF72914217D1052234E0BDF80E30029A12
:1058A00013440433029302990A1D019B9A4225D89E
:1058B000042303AA204615F093FA024610BBBDF854
:1058C0000C30FF2BE1D0122BE7D1BDF80E30402B6E
:1058D000E3D1E6B9029B191D029155B14433019AF7
:1058E000934216D840232A46204615F079FA0246FC
:1058F00040B9029B403302930126D4E75EB13A4699
:1059000000E0022210460DB0F0BD0422FAE70622A4
:10591000F8E70722F6E70822F4E700BF3DB8F39660
:1059200070B58AB085684468043415F071FB15F0D1
:105930006DFB80F001000790002306931A4A019244
:1059400004220292194A039207AA04928DF8143095
:1059500006AB012201A9204615F008F910BB043559
:10596000064600231A4608A90798FFF73BFF18B917
:10597000079815F0BEFA48B9079815F008FA0446DA
:10598000FFF700FF44B930460AB070BD092201217B
:105990002846FFF78FFBF6E7A2B201212846FFF762
:1059A00089FBF0E70326EEE7E8AF0400E9410400D5
:1059B0002DE9F04FAFB005468668476804370024EC
:1059C0002D940DF194082022214640460FF03EFF11
:1059D0004FF0FF33269327936F4B009305230193DA
:1059E0006E4B0293CDF80C808DF810406C4B0593F4
:1059F000042306936B4A079228AB08938DF8244042
:105A0000694B0A9303230B9368490C9127A80D90C7
:105A10008DF8384066480F901093119126A9129185
:105A20008DF84C4063491491159316922AAB179345
:105A30008DF86040604B199307231A935F4B1B93BB
:105A40002CAB1C938DF874402DAB0622694638466A
:105A500015F08CF8041E0CBF4FF001084FF0000841
:105A600040F0958004361EA925A8FFF7D7FB07460E
:105A700040BB9DF88890B9F1000F2CD0504B219A73
:105A80001A601E9A9A60269B53B3299B002B5BD009
:105A90004B4A51680B44926893424CD00023209AA1
:105AA00028992698FFF74CFB0746002845D1444A21
:105AB000536820990B4453609268934246D04FF04C
:105AC000000943E082B201213046FFF7F3FA804635
:105AD0004FF000093AE02846FFF76AFE044649E025
:105AE000DFF8DCB0CBF80430DDF8ACA08BF80CA00C
:105AF00052462A990BF10D00F4F7A0F80AF10800BC
:105B00005844CAF12002002105300FF09FFE9DF895
:105B10008930002BB9D027990020FFF72DFB0746CD
:105B20000028B2D082B201213046FFF7C3FA804686
:105B30004FF000090AE04B46B1E782B2012130463E
:105B4000FFF7B8FA804601E04FF000091C4B596896
:105B50009B683A46994214BF002101212698B0FA69
:105B600080F0400915F056FA47B1FFF70BFEB8F187
:105B7000000F0ED020462FB0BDE8F08F2846FFF76B
:105B800017FEB9F1000FF2D0FFF7FCFDEFE7032499
:105B9000F0E70724EEE700BF4CB00400E941040041
:105BA00054B00400FD4104005CB00400F341040063
:105BB0005493040060B0040064B00400BB420400CD
:105BC000706F002008B50248FFF7ACF908BD00BFB0
:105BD000AC18002070B588B08468406806AA00231D
:105BE000069307932B490091052101912A490291BF
:105BF00003928DF8103005AB01226946043014F091
:105C0000B5FF002842D104340646059BBBB90A22E1
:105C1000224920461EF055FD38B9304600F00100FB
:105C2000002835D0304608B070BD07221C492046F8
:105C30001EF047FD08B10120F0E73046EEE7154AB7
:105C40000121684614F0ECFF10B1079A042A05D030
:105C5000032200212046FFF72DFAE1E706991148BB
:105C60000FF082FE05460028F2D104220D4920469D
:105C70001EF027FD10B905F00100D1E703212046F1
:105C80001EF0F4FC0028F6D00125F4E70326C9E74E
:105C90000726C7E76CB004000742040074B0040094
:105CA00080B0040088B0040010B584680434082271
:105CB0000F4920461EF005FD08B9072010BD40F22F
:105CC000CE4120461EF0DDFC08B90720F6E7092288
:105CD000084920461EF0F5FC08B90720EEE704212C
:105CE00020461EF0CEFC08B10020E7E70720E5E7DC
:105CF00090B004009CB0040070B58AB04668846817
:105D000000238DF81C301A4A029205220392194A88
:105D1000049207AD05958DF8183009AB012202A950
:105D2000301D14F023FF0DF11E03009308AB012278
:105D300029461148FFF716F988B10434012802D129
:105D400008980AB070BDBDF82020BDF81E1020468E
:105D5000FFF7B0F908B10020F3E70720F1E741F6BB
:105D60008562002305480BF0DBF90020E9E700BF5E
:105D7000A8B00400BB420400010002001001002092
:105D800030B589B04568846806A900230693079357
:105D9000114A0092012201921048029003918DF85D
:105DA000103005AB6946281D14F0E0FE80B90434BC
:105DB000054601220A4920461EF083FC08B9072542
:105DC00007E006A920461EF077FC10B9072500E081
:105DD0000325284609B030BD709604000742040030
:105DE000A4A1040008B50248FFF7ACF8002008BDE4
:105DF000BC18002008B5084B984202D1049B012B27
:105E000002D00120106008BD40F643720023034811
:105E10000BF086F90020F6E70100020040010020A7
:105E200010B582B0074C20461FF021F8064B0093B6
:105E300003234FF49052054920460BF02BF9002024
:105E400002B010BD302C002050B80400F88C0020A7
:105E500008B500220023024814F0F4FB08BD00BF7F
:105E6000F81D0020036A6BB110B5044615F06BF9FC
:105E7000064920461EF069FF04F110001EF01FFEC7
:105E8000002010BD6FF01500704700BFDFB00300A9
:105E900010B5044610301EF01AFE214601481EF0CF
:105EA000B1FF10BD302C0020036B002B3BD0F0B5B0
:105EB00085B004460F461EF082FF10F0050F03D197
:105EC00068461EF0FCFD07E020461EF0C1FFF7E724
:105ED000314668461EF0FBFD04F110050022002348
:105EE00028460AF0A7FE064668B1236B39463046BD
:105EF00098470028ECD12146304615F018F9EBE719
:105F000028461EF0E4FD0022002368460AF092FEB7
:105F100001460028F4D123691BB1214602481EF036
:105F200071FF05B0F0BD7047302C002000230BB18D
:105F300000207047DA0104498A58824201D00133B7
:105F4000F5E701EBC3107047082D002038B5054672
:105F5000FFF7ECFF044629460B48FFF7A5FF8CB17D
:105F6000002584F86950204640F8085B1EF0C6FF03
:105F700004F138001EF0C2FF84F8685004F16C0090
:105F80000AF090FE38BD00BFA06F002038B5002396
:105F90000BB1002038BDDA0119498A580AB1013322
:105FA000F6E7DA018850002402E01A4682B10124A3
:105FB000E4B914480178124A02EBC31282F869105E
:105FC0004A1CD2B20270002AEFD18A1C0270ECE7A0
:105FD000934209D0D0010A4D285828B105EBC210D0
:105FE00090F869008142E3D00132DFE7DC0104F17F
:105FF0006800034D284404300AF0B2FE6019C9E776
:10600000082D0020E97C002010B50C46084815F04A
:106010009EF8002800DB04B110BD054C204615F0A9
:10602000FDF8002303600371204615F0EAF8F3E75A
:10603000A06F002030B583B00446FFF777FF58B15A
:10604000054690F8683013F0010F07D00B4A002383
:1060500005F108000BF06CF803B030BD084A92E877
:106060000300CDE900016946204615F012F995F8C4
:10607000683043F0010385F86830E7E75A620200B0
:10608000188904002DE9F843074615461C46FFF71A
:106090004DFFA8B38046DFF87490484615F057F8D6
:1060A000064622462946484615F058F8054610F19E
:1060B0000C0F28D0002805DB002E10DBDDB12046B8
:1060C000BDE8F883484615F0A9F810B10022026037
:1060D00002710E4815F095F86FF01200F0E70B48CA
:1060E00015F09CF806463846FFF7A4FF376098F88D
:1060F00069303371E2E70021044815F06CF8DEE7FF
:106100006FF01000DCE76FF01000D9E7A06F0020FF
:1061100000B585B0024690F8303013F0010F0BD077
:10612000094903C9CDE90001694652F8380C15F058
:10613000B0F805B05DF804FB02AB044903C983E87D
:1061400003001946F1E700BF188904002089040004
:1061500010B582B00446094A92E80300CDE9000177
:10616000694654F8080C15F094F894F8603023F060
:10617000010384F8603002B010BD00BF2089040024
:106180002DE9F04F95B0044600230E930F93109322
:10619000119312931393424B0F93C3681093414B87
:1061A000129315F03FF8002868D0804603A903F049
:1061B00099F905460190002862D19DF83430022BF0
:1061C0000BD0052504F1180015F02EF8204614F028
:1061D00096FF284615B0BDE8F08F204615F075F8FB
:1061E000074600284ED04046FFF7A0FE8146002813
:1061F0004AD090F86930002B48D0227F934201D0DA
:106200000525DFE700F16C0B58460AF0A9FD4FF0B9
:10621000000A564618E0ADF844700EA9404605F055
:10622000B5F9054610F10C0F1DD0B8BB3E44B6B20F
:10623000E368334410934FF0FF324FF0FF3358467A
:106240000AF066FD4FF0010A238AB342BAD999F8E1
:106250006920EAB1217F8A421CD1F2199A42DADD23
:106260009B1B9FB2D7E7BAF1000F03D1132F13D9AD
:10627000C7F34F070BF012FB019DE5E70525A1E7EA
:1062800005259FE701259DE705259BE7052599E75E
:10629000052597E7052595E7022593E7012591E771
:1062A00084B8040077B2030070B5002404B170BD57
:1062B000E50105F10800064E064930441EF0DDFDFB
:1062C00005F13800044930441EF0D7FD0134EDE7F4
:1062D000082D0020516102001161020010B5104B21
:1062E00001221A70FFF7E0FF00246CB10D480E4B3D
:1062F00003620E4B43620E4B83620E4BC3620E4B26
:106300000363FFF7AFFD10BDE00168300B4B18448D
:106310000430012200211EF002FC0134E4B2E4E763
:10632000E97C0020A06F002081610200CBB2030055
:1063300035B2030029B2030043B20300082D002048
:106340002DE9F04F83B006468846174614F0FAFF51
:10635000824640F60613ADF802304FF05D09002486
:10636000A3460125444580F2998002210DEB0100EE
:10637000B8470346002840F0928075B9A8EB0402A4
:1063800015464A45A8BF4D46A9EB0202012A1ED96F
:10639000012A1FDD4FF0010B1CE008F10202C2F3DD
:1063A000072343EA02239BB2ADF80230ADF8043074
:1063B00033788DF806303A46032101A814F0D2FF55
:1063C000034600286BD10134A9F10309D6E7013D4A
:1063D0004FF0000B022D10DD331901A8325B9B78C2
:1063E000ADF8042083703A46032114F0BBFF034646
:1063F000002854D10334033DECE7BBF1000F14D067
:10640000A8EB0402012A1BD0022A2BD05AB9CAF3E6
:106410000F238DF804308DF805A03A46022101A81B
:1064200014F0A0FF0346002B39D101211E48B847C4
:106430000346A0BB41F20443ADF80230002591E7CA
:10644000651C335D8DF80430CAF30F238DF80530D9
:106450008DF806A03A46032101A814F083FF0346F5
:106460002C46E0E7631C325D8DF80420F35C0234B7
:106470008DF80530CAF30F238DF806303A46032114
:1064800001A814F06FFF034648B98DF804A03A46FE
:10649000012101A814F066FF0346C4E70023184653
:1064A00003B0BDE8F08F00BF10AA040010B50C4681
:1064B0001346074A0FF000FB002803DBA04204D27A
:1064C000002010BD6FF01500FBE76FF01500F8E736
:1064D000BCB004002DE9F04182B016462F4AD2E844
:1064E000AF2F12F0010F4AD00446984600284BD037
:1064F00001A913F05FFB0546022815D0042D46D1F3
:106500002A46274920460FF02FFA0746002841D196
:106510001C2224494046B047002831DB224B03446B
:10652000002283F850212BE00246204920460FF03C
:106530001BFA07460028E1D1184BD3E8AF3F13F010
:10654000080F1DD1072218494046B04706280AD92E
:106550001749A1FB0031401A01EB50018908124B89
:10656000D9713B4607E0104B00221A60C3F80320A4
:10657000DA7105E00133CAB29A42FBDC00E0002781
:10658000384602B0BDE8F0816FF00107F8E76FF020
:106590000107F5E76FF00107F2E700BF44020020B2
:1065A00084940400C002002070010020C4B00400E4
:1065B000254992242DE9F04188B00D460E9C0CB37C
:1065C00099795E791F7993F803C093F802E093F804
:1065D00001801B7807940693CDF81480CDF810E065
:1065E000CDF80CC00297019600911346144A294633
:1065F0000FF062FA00281DDBA8421ED2002008B06E
:10660000BDE8F08199795C791E79DF7893F802C052
:1066100093F801E01B780693CDF814E0CDF810C094
:1066200003970296019400911346064A29460FF0FB
:1066300043FADFE76FF01500E1E76FF01500DEE7E2
:10664000C8B00400ECB0040000B583B0064BDA79A2
:10665000C2EBC202009200221146044814F05DFF12
:1066600003B05DF804FB00BF70010020C4B004005B
:1066700000B583B0009313460A460146024814F061
:106680004CFF03B05DF804FB10B1040008B50A46E6
:106690000146024814F066FF08BD00BF10B10400B7
:1066A00000B583B0009313460A460146024814F031
:1066B00034FF03B05DF804FB14B1040000B583B0EF
:1066C000009313460A460146024814F026FF03B021
:1066D0005DF804FB18B1040000B583B003460091D7
:1066E00000221146024814F018FF03B05DF804FBC5
:1066F00000B0040000B583B00346009100221146AB
:10670000024814F00AFF03B05DF804FB849404000F
:1067100008B502480AF0B6FC002008BDE8180020C1
:106720001F4BD3E8AF3F13F0010F36D010B51D4B10
:1067300093F85031E3B11B4BDB7913B3194BDB7981
:1067400013B901F0DDFB90B9154BD3E8AF3F13F05F
:10675000040F1BD0124BD3E8EF2F22F40061C3E8E3
:10676000E01F0028F7D112F4006F12D1002010BDF5
:106770000D4C1C220D4920460FF024F900232377ED
:10678000D9E701F0A9FB0028D8D0F0E700F00EFC13
:10679000E0E7FFF7BDFF0020E9E70020704700BFFA
:1067A0004402002070010020C00200202495040053
:1067B00000B583B0009313460A460146024814F020
:1067C000ACFE03B05DF804FB1CB1040008B50A463A
:1067D0000146024814F0C6FE08BD00BF1CB104000B
:1067E00070B586B003AD0024039404940594084B5F
:1067F0000393084E30461EF03AFB00950A2340F6FC
:106800003802054930460AF045FC204606B070BD06
:1068100028B10400882D0020F89E002008B501460C
:1068200001481EF036FB08BD882D002008B5014642
:1068300001481EF0E7FA08BD882D002010B58446F7
:106840008E460378012B14D0022B2BD083B91B4C1E
:106850000FCCCEF80000CEF80410CEF80820CEF809
:106860000C30BCF802301A0A8EF802208EF8033081
:1068700010BD124C0FCCCEF80000CEF80410CEF8AC
:106880000820CEF80C30DCF804301A0C190E8EF803
:1068900000108EF80120C3F307228EF802208EF834
:1068A0000330E5E71030102304E010F8012901F867
:1068B000012B013B002BF8D1DAE700BF14B904002B
:1068C00038B504461EF06EFB054638B1064BD3E8DA
:1068D000AF3F0BB1204698471DB138BD0AF08CFF81
:1068E000F4E70AF0A1FFF8E7E06F002038B50446AE
:1068F000074813F0A7FE054638B1204614F0D5FE30
:10690000014605F10C0013F03BFF284638BD00BFDF
:10691000D41D0020034BD3E8EF2FC3E8E10F00297B
:10692000F9D17047E06F002010B50F280ED80E285F
:106930000ED291B10B4813F085FE044624B1042118
:1069400004F10C0013F01CFF204610BD1328F0D1F9
:10695000054813F077FE0446F0E70220FFF7C6FF74
:106960000446F1E7681D00201C1E0020014B002298
:106970001A807047E86F0020002303B17047074A70
:1069800032F813200AB10133F7E740F47040034AAC
:1069900022F81300024AD154704700BFE86F00206C
:1069A000E46F002040F4704000230BB100207047DA
:1069B000064A32F81320824201D00133F5E7034A38
:1069C000002122F81310024AD05C7047E86F0020C3
:1069D000E46F0020C2685178084B83F8701051882A
:1069E000A3F87210117983F87110B2F80710A3F8A8
:1069F0007410B2F80520A3F87620704770010020CB
:106A0000C268034BD2F80100D2F8051003C37047E7
:106A10004802002030B5C46804F1010C094D41342E
:106A2000AE46DCF80000DCF80410DCF80820DCF8E6
:106A30000C30AEE80F000CF1100C7546A445EFD1F8
:106A400030BD00BFF0010020C268034BD2F8010046
:106A5000D2F8051003C37047E801002008B5C068EC
:106A6000013014F0B3FE024BC3E9380108BD00BF8A
:106A700070010020C3685A78014B83F812217047D7
:106A800070010020054BD3E8AF2F02F00B02D3E8D2
:106A9000EF1FC3E8E02F0028F9D17047440200201F
:106AA00008B5C368B3F8012091B209B1D97801B92A
:106AB00008BD0548A0F8FC20D9780A4600F580708A
:106AC0001EF02DF8F4E700BF7001002008B5C26881
:106AD000084BB3F8FC3003B108BDB2F801300548EB
:106AE000A0F8FC3091880A4600F580701EF017F877
:106AF000F2E700BF70010020012801D0002070479C
:106B000008B50622074B93F86F0002F0BBFC00B1FA
:106B100008BD05220449034B93F86F0002F0B2FC54
:106B2000F6E700BF70010020F4B8040000B9704718
:106B30002DE9F0410E4615468046334B0022D3E83E
:106B4000EF4FC3E8E12F0029F9D127462CB917B13F
:106B5000384613F0A9FDBDE8F081204613F0E6FCAD
:106B600000EB4000294B03EB80035B88434533D1A6
:106B7000AC4208D0204613F0F8FC2A8AE96804F1F8
:106B80000C0013F0F2FD204613F0D0FC00EB4000A7
:106B90001E4B03EB80035B6803B12EB3204613F05A
:106BA000C5FC00EB4000194B03EB80039B68002BF6
:106BB000CDD0204613F0BAFC144D00EB400005F890
:106BC0002060204613F0B2FC00EB400005EB80058E
:106BD000A8680AF067F8BAE70B4BD3E8EF7FC3E881
:106BE000E24F002AB3D0F8E7204613F09FFC00EBF9
:106BF0004000064B03EB80035B681A7A59681868FB
:106C000014F00AFFCAE700BFA0020020EC6F0020CA
:106C100070B582B00446C36842699B1AADF804306F
:106C2000038AADF8063000F10C050121284613F067
:106C3000BDFD0221284613F0C1FD054600783E281F
:106C400027D014F021FE064610F0010F0ED141F2BC
:106C50006813184A1849194811F0A6F9002383F35C
:106C60001188BFF36F8F0323184602DF0623144AEF
:106C70002146287814F0E3FD16F0020F15D0636961
:106C8000BDF804201344E360BDF80630238202B04F
:106C900070BDE3681B78012B03D00A2B03D00226BA
:106CA000D5E70326E2E70326E0E7204613F0FCFCE5
:106CB000EDE700BF34B1040068B1040084B1040002
:106CC00060B9040010B5044601210C3013F076FDC4
:106CD0000223034A2146007814F0B1FD10BD00BF25
:106CE00090B9040038B5044602210C3013F066FD5B
:106CF000054600783E2804D014F0C6FD10F0020FBF
:106D000009D006230C4A2146287814F098FD204625
:106D100013F0CAFC38BD40F69A43084A08490948AE
:106D200011F042F9002383F31188BFF36F8F03231F
:106D3000184602DFE5E700BFA0B9040034B1040043
:106D4000A4B1040084B1040010B5044601210C3044
:106D500013F034FD0823034A2146007814F06FFD38
:106D600010BD00BFD0B9040010B5044601210C309D
:106D700013F024FD0023034A2146007814F063FD3C
:106D800010BD00BF10BA040008B50146034813F057
:106D90005FFC034903481EF035F808BDA40200203B
:106DA00008190020382F002010B5104813F065FC9A
:106DB000B0B104460C3013F009FD022805D00428B8
:106DC0000FD0204613F070FC02E0204614F034FF90
:106DD000074BD3F834311BB1064907481EF012F8AF
:106DE00010BD2046FFF77EFFF2E700BFA40200209F
:106DF0007001002008190020382F002030B583B022
:106E0000C5680121B5F8010002F0B8F828B30446BE
:106E10002B781A2B23D02B78002B3ED1B5F80330DA
:106E200040F2E24202FB03F3C4F88830B5F80530C3
:106E3000A4F89030B5F80730A4F89230231DD3E8B9
:106E4000EF1F21F48051C3E8E21F002AF7D120464A
:106E500002F04EF9204601F067FF03B030BDC37861
:106E6000012BD8D10E21043014F053FD0028D2D1CB
:106E7000B4F88C30ADF80030B4F88E30ADF8023094
:106E8000B4F89430ADF80430B4F89630ADF806306C
:106E90006946204616F042FADCE7231DD3E8AF2FFF
:106EA00012F4805F02D02A78202A08D0D3E8EF1F9E
:106EB00021F48051C3E8E21F002AC8D0F6E794F815
:106EC0009820002AF2D0013A84F89820034A00233F
:106ED00004F140000AF024F9B9E700BF5A62020049
:106EE00010B586B003AB0024039404940594074ABC
:106EF000039200934FF0FF334FF462720449054848
:106F00000AF0C8F8204606B010BD00BFD4B1040096
:106F100030A70020602E002010B50C460A604B60A0
:106F20009DF808300B7213F001FB00EB4000024BA0
:106F300003EB80035C6010BDEC6F002070B502466F
:106F40000B46124813F07EFB0446E8B104210C30D6
:106F500013F0F8FB204613F0E9FA0D4D00EB40006A
:106F600005EB800000264680204613F0DFFA00EB98
:106F7000400005EB80008660204613F0D7FA00EB56
:106F8000400005EB80056E60204670BDB01D0020FE
:106F9000EC6F002008B50146034BD3F84C01826822
:106FA0009268904708BD00BF70010020044BD3E8F1
:106FB000EF1F41F00401C3E8E21F002AF7D1704738
:106FC0004402002070B505460EF098FC1C2818D825
:106FD000044629460C48F2F7F5FC00B970BD0A4E8C
:106FE000224629463046F2F729FEA6F5A873234427
:106FF000002583F8505121463046FFF77BFB284699
:10700000ECE76FF00B00E9E7C00200200048704792
:10701000C002002008B5024902481DF0F3FE08BD79
:10702000F8180020602E002070B5054649B30C46C4
:10703000CB684A699B1A032B39D9204613F076FA9C
:1070400000EB40001B4B03EB80035D8004F10C065A
:107050000321304613F09BFB0580238A033B83709A
:107060000121304613F09BFB40F635439D4214D07E
:10707000214611481DF02BFDFFF7CCFF00252846C7
:1070800070BD4FF0FF304FF0FF31FFF757FF044660
:107090000028D2D16FF06805F1E72046FFF77AFFAC
:1070A00005460028EBD0204613F0FEFAE7E76FF024
:1070B0001505E4E7EC6F0020AC0200202DE9F0415B
:1070C00084B005461646A9B30C46887AFDF750FEF3
:1070D0003C4B834270D10122002168461DF01FFD08
:1070E000204613F023FA00EB4000374B03EB8003FC
:1070F000C3F808D0204613F0FBFA01462846FFF7F4
:1071000093FF074610BB314A0023684609F000FE92
:107110008046F8B9204613F009FA00EB40002A4BEC
:1071200013F820505DBB002E42D03460384604B0C6
:10713000BDE8F0814FF0FF304FF0FF31FFF7FEFE6A
:1071400004460028C7D16FF06807EFE7204613F028
:10715000ABFAEBE74FF4F1731D4A1E491E4810F0DD
:1071600023FF424629461D4810F01EFF002383F3EB
:107170001188BFF36F8F0323184602DFCAE720464A
:1071800013F092FA093D092D0FD8DFE805F0050E3E
:107190000E0B180E0E0E0E086FF06E07C6E76FF09E
:1071A0001507C3E76FF00C07C0E76FF00407BDE7F2
:1071B000204613F079FAB9E76FF01507B6E76FF0DC
:1071C0000B07B3E7B01D0020EC6F0020B4C404002F
:1071D00034B10400E4B1040084B10400F0B104004F
:1071E00038B54FF0FF304FF0FF31FFF7A7FED0B3B7
:1071F000044608210C3013F0B2FA02461B4B93F8F8
:10720000D83013F0400F29D040F2022E4FF0000C7E
:107210004EF00C00614613F0020F01D04EF02C002E
:1072200013F0200F01D040F04000104D95F8D9C068
:107230001CF0010F02D11CF0080F01D040F40060D7
:1072400013F0010F01D040F0100014F0AEFA00224C
:10725000214642F20100FFF731FF38BD4FF0030E27
:107260004FF0000CD4E76FF06800F6E770010020E3
:107270003A4B93F87C3013F0400F6BD010B582B0CE
:1072800014F058FE034610B1184602B010BD01AA12
:10729000002142F20200FFF711FF03460028F3D15C
:1072A0000198FFF7FDFB019813F0FEF92B4B1F220D
:1072B000A3F8102193F87C3013F0200F1ED0274B39
:1072C00093F89C3013F0080F34D1244B93F8D83046
:1072D00013F0400F0ED001AA002142F22A00FFF75E
:1072E000EDFE03460028CFD10198FFF7C3FB0198BC
:1072F00013F0DAF9FFF774FF0346C5E74FF0FF30EC
:107300004FF0FF31FFF71AFE044680B102210C3026
:1073100013F025FA0123037000224270214640F643
:107320006D40FFF7CBFE03460028C8D0ACE76FF0F6
:107330006803A9E701AA002142F21C00FFF7BEFE84
:1073400003460028A0D10198FFF788FB019813F0AD
:10735000ABF9BAE76FF012031846704770010020CE
:1073600010B582B00B4BB3F8FC301BB100242046A3
:1073700002B010BD01AA002141F20500FFF79EFEF8
:1073800004460028F3D10198FFF7A0FB019813F001
:107390008BF9ECE77001002010B582B001AA002142
:1073A0004FF60140FFF78AFE08B102B010BD019808
:1073B00013F07AF901AA00214FF60240FFF77EFE92
:1073C0000028F2D10198C368B3F801300C4CA4F83E
:1073D000C13013F069F994F8C13013F0040FE4D010
:1073E00001AA00214FF60340FFF768FE0028DCD118
:1073F0000198C3685A7884F8C02013F055F9D4E78F
:107400007001002008B514F056FD034608B1184677
:1074100008BDFFF72DFF03460028F8D1194B93F85C
:107420007C3013F0200F20D0164BB3F8FC3013B390
:10743000F6F73AFB03460028E9D1FFF7ADFF114B01
:10744000DB7973B10F4B1B785BB90E4B93F8C130EE
:1074500013F0200F12D00C4814F080FD03460028D2
:10746000D5D115F01DF80346D1E7FFF779FF0346A4
:107470000028DDD0CBE76FF00403C8E76FF0850389
:10748000C5E700BF700100207101002010B5FFF7B3
:10749000B9FF044608B1204610BD02F04BF904467E
:1074A0000028F8D1074BDB79002BF4D0064BD3E84A
:1074B000EF1F41F00801C3E8E21F002AF7D1FFF7F0
:1074C00075FDE8E7700100204402002008B5FFF7D1
:1074D000DDFF024B1B6803B1984708BD0470002014
:1074E00070B582B005462B4BD3F84C011DF068F9FE
:1074F000002849D0284BD3E8EF2F22F00202C3E83E
:10750000E12F0029F7D1D3E8EF2F42F00101C3E8C2
:10751000E01F0028F7D112F0010F38D113F0F9FF66
:10752000044610B1204602B070BD1C4B1D601C4CBF
:107530000122114620461DF0F2FA04F11C001DF054
:10754000BEFA184E30461DF092FC002300936FF0F7
:10755000070340F698021449304609F09BFD134991
:10756000304609F04DFEE06A83681B681049984771
:1075700004460028D6D11DB10E4809F083FDD1E79D
:10758000FFF784FF0446CDE76FF01204CAE76FF0FF
:107590007704C7E770010020440200200470002037
:1075A00090020020382F0020B8AA002038B2040032
:1075B00021BC030034020020F0B585B00546B0F8C8
:1075C00001703846FFF7EEF9064600F0D5FAEB7881
:1075D000012B24D000232A46694602A814F0AFF9F3
:1075E0006946E878FFF788FA0446E0B12A4669461A
:1075F00014F060F9012384F8A83084F8A930E37806
:10760000012B15D00721204601F044FC66BB204623
:1076100015F051FB204601F087FB05B0F0BD154B7E
:1076200093F86F30D7E71321384614F0B3FCF4E732
:107630000298C4F87700BDF80C209DF80E30A4F82D
:107640007B2084F87D3000F0D5FD237AC3EBC303A3
:1076500008495A18CB58C4F87E3091889379A4F819
:10766000821084F88430CDE726730121204601F092
:1076700011FCCCE77001002000B589B0C368187810
:1076800080BB8DF80000B3F80120ADF80120DA7856
:107690008DF80320B3F80B20ADF81720B3F80D20B8
:1076A000ADF81920B3F80F20ADF81B205A7C8DF8E7
:1076B0001D20586801901A899B7AADF808208DF832
:1076C0000A300A4B1A68CDF80B209B88ADF80F30B2
:1076D000CDF81120ADF81530684614F076FC09B0ED
:1076E0005DF804FB14F091F9F9E700BF0CB9040050
:1076F00070B5404BD3E8EF2F42F00201C3E8E01F22
:107700000028F7D112F0020F70D1D3E8EF1F21F05B
:107710000401C3E8E21F002AF7D100F05BFD01F08D
:1077200087F801F05FFCFFF721F914F068F898B3CF
:10773000314BD3F84C0183685B68002B38D09847F5
:10774000044610F1580F33D0002845D12B48FDF7DF
:1077500089F82B4E4022002130460EF077F80023A6
:1077600006F8793C86F8933005F004F8254B186844
:1077700046F8180C9A889B7926F8142C06F8123CC7
:1077800006F15405D5E8EF3F23F00103C5E8E23FD9
:10779000002AF7D1204670BD0022114640F6034072
:1077A000FFF78CFC04460028F4D1FFF76BF9BFE724
:1077B000104BD3E8EF2F22F00202C3E8E12F00299B
:1077C000F7D1D3E8EF1F41F00401C3E8E21F002A1C
:1077D000F7D16FF08504DDE7064BD3E8EF1F41F0EA
:1077E0000401C3E8E21F002AD4D0F6E76FF0770463
:1077F000D0E700BF4402002070010020382F002095
:10780000F0010020FCB8040038B5044604210C3017
:1078100012F0D4FF4578224601784088FFF786F9B8
:1078200005B938BD024809F03DFAFFF7F3FBF8E768
:107830009002002038B5044603210C3012F0BEFF40
:107840000578B0F80100E368197840F635439842AE
:1078500003D02246FFF76AF905B938BD024809F09E
:1078600021FAFFF7D7FBF8E79002002010B50022BD
:107870000023204809F0DEF90446A0B11E4BD3F8DE
:10788000300128B112F010FF1B4B0022C3F8302149
:10789000204612F02DFF184BC3F830012046FFF7A9
:1078A00079FB80B910BD40F6AA43144A1449154823
:1078B00010F07AFB002383F31188BFF36F8F03234B
:1078C000184602DFDAE7104809F0ECF9204612F01A
:1078D0002DFE00EB40000D4B03EB800322461F21E1
:1078E0005888FFF723F9204612F0DEFEFFF792FBDF
:1078F000D8E700BFAC0200207001002034B10400C2
:1079000044B2040084B1040090020020EC6F002017
:1079100008B50B460849D1F83C1151B10246074859
:1079200009F0F6F908B1002004E0FFF79FFF0120FD
:1079300000E0002008BD00BF700100209002002080
:1079400070B50546002401E00134E4B2094BDB794F
:10795000A3420BD92646C4EBC4010722054B1944A8
:1079600028460EF001F80028EED101E06FF0010684
:10797000304670BD7001002038B504460622144917
:107980000DF0F2FF00B938BD4FF0FF304FF0FF317E
:10799000FFF7D4FA0546B8B1062221460C3012F0A2
:1079A000E4FE0022294642F20500FFF787FB00288B
:1079B000E9D1084B2268C3F86920A288A3F86D209A
:1079C000012283F86820DEE76FF06800DBE700BF84
:1079D000D901002070010020164A92F8A72012F069
:1079E000040F01D10020704710B582B00346006833
:1079F00000909A889B79ADF804208DF806308DF8B8
:107A000007104FF0FF304FF0FF31FFF797FA0446B1
:107A100060B1082269460C3012F0A7FE0022214610
:107A200042F24E00FFF74AFB02B010BD6FF0680053
:107A3000FAE700BF7001002030B583B004460D4660
:107A400029B107221E4928460DF08EFFE8B9684685
:107A500013F00EFE034648BB6846FFF771FF00288F
:107A6000F5DAC4EBC404174AA31800981051BDF806
:107A700004009DF806109880997185B112592A600A
:107A80009A889B79AA80AB7109E0C4EBC4040D4AC3
:107A9000A31829681151A988AA7999809A710A4B6B
:107AA000D3E8AF3F13F0040F03D10023184603B00F
:107AB00030BDFEF72DFE13F077FD0023F6E700BF83
:107AC000FCB8040070010020440200202DE9F041C0
:107AD00082B0204B93F8C24014F0010403D1204639
:107AE00002B0BDE8F08105460E4601AA00214FF61E
:107AF0000940FFF7E3FA844648BB019BD3F80C80AA
:107B000098F80140B44228BF34461AE0162101FB20
:107B10000CF16A1808EB0103D3F802E0D3F8067001
:107B2000D3F80A60D3F80E0045F801E0576096607C
:107B3000D060D3F812E0C2F810E0DB8A93820CF137
:107B4000010C6445E2DC019812F0AEFDC7E70024A9
:107B5000C5E700BF70010020064BD3E8EFCF4CF41F
:107B6000806CC3E8E2CF002AF7D1037A194301728F
:107B7000704700BF4402002008B5094BD3E8EF2F3F
:107B800022F48061C3E8E01F0028F7D112F4806F6F
:107B900000D108BD00220349022004F047FEF8E7A7
:107BA0004402002077C4030000B585B001AA002379
:107BB00001935360936001908DF80C1003490220EB
:107BC00004F034FE029805B05DF804FB6BC20300BC
:107BD00000286BD038B50446354B93F8123123B1E9
:107BE000334A92F8132193420AD2314A92F8133160
:107BF000013382F81331237A43F00403237238BD32
:107C000002220021084601F03DFC054638B1012161
:107C10002046FFF7A1FF284601F086F8EFE7002194
:107C2000244800F0CFFA224B93F81331B3B9204B1C
:107C300093F8132193F812319A4215D0651C22460D
:107C400012F82E0B294614F063FB00B3012014F048
:107C5000C2FB0021184800F0B5FAD0E7002014F06C
:107C6000BAFB0028E3D0F4E70022114642F22900D3
:107C7000FFF724FA0028ECD10D4A92F813310133B2
:107C800082F81331237A43F004032372E1E7084AB0
:107C900092F81331013382F81331237A43F004034D
:107CA000237201212846FFF797FECFE7704700BFF8
:107CB00070010020E7C20300CDC2030000285FD09E
:107CC00038B504462F4B93F812312BB12D4A92F858
:107CD000132101339A420CDD2A4B93F813311BB167
:107CE000013B284A82F81331237A23F004032372DC
:107CF00038BD02220021084601F0C4FB054638B118
:107D000002212046FFF728FF284601F00DF8EFE793
:107D100000211D4800F056FA002014F05CFBA0B9C9
:107D2000184B93F8132193F812319A4216D8601C1D
:107D300014F033FB48B9134A92F81331013B82F82F
:107D40001331237A23F0040323720E4B93F813317B
:107D500093B900210D4800F035FAC9E7013A094B03
:107D600083F81321237A23F00403237200220849A5
:107D7000022004F05BFDE8E7012014F02CFBE8E7AB
:107D8000704700BF70010020E7C20300CDC20300AE
:107D90007FC3030070B584B0002952D104460E465B
:107DA00020B107222E490DF0DFFD10BB2D4BDB79F2
:107DB000012B52D02C4BD3E8AF3F13F0010F0BD166
:107DC000002300930193029303938CB30722244969
:107DD00020460DF0C9FD58B3224BD879421CDA7108
:107DE000054632462146FFF727FE20BB284604B051
:107DF00070BD2046FFF7A4FD002825DA23786BB973
:107E0000184BDB791BBB174A20681060A088A1794A
:107E1000908091710133D3710025E7E7012B19D1CF
:107E2000A37903F0C003C02BC0D06FF01505DDE7C8
:107E30006FF01505DAE70B49CB79013BCB710546AD
:107E4000D4E76FF01505D1E76FF07705CEE76FF057
:107E50007705CBE76FF01505C8E76FF00B05C5E7B1
:107E6000FCB80400700100204402002060B3F0B5AB
:107E700083B0044601AA002141F20900FFF71EF970
:107E800020BB019EF7687D1C0622114928460DF093
:107E90006BFD28B106220F4928460DF065FD28B973
:107EA000304612F001FC002003B0F0BDD7F80130DD
:107EB000C4F80130AB88A4F8053000232370019882
:107EC00012F0F2FB0120EFE7002070470020EBE703
:107ED0000CB9040004B9040000B583B06846FFF78C
:107EE000C5FF064BD87118B9002003B05DF804FB3C
:107EF000002269461046FFF79FFDF6E7700100205B
:107F000010B588B0184BDC7924BB012102A8FFF71B
:107F1000DDFD154BD87101E00134E4B2124BDB7981
:107F20009C4216D202AA162304FB03F3D118D3589D
:107F3000CDF801308B88ADF8053001238DF8003085
:107F4000002269462046FFF777FD03460028E3D06C
:107F500005E03BB900210846FFF71CFF0346184621
:107F600008B010BD0023FAE770010020002867D098
:107F700070B50C4616461D460346002D63D00178A9
:107F800014F4002F08D014F0040F5FD114F057FA46
:107F900008B901232B7070BD14F0030F29D042B132
:107FA00014F0200F05D02E4A92F8D82012F0400F7E
:107FB0004FD0C1EBC1022A48825C012A0DD00AB918
:107FC00000232B70002E47D014F0200F46D02B78C2
:107FD00043F002032B700020DDE7C1EBC101014437
:107FE0000131184614F01EFA0028D4D101232B7059
:107FF000E8E714F0040F1ED0C1EBC1021848825C00
:10800000012A0AD0AAB90020287014F0200FC2D08B
:108010002B7843F002032B70BDE7C1EBC101014493
:108020000131184614F0FEF90028B4D101232B7059
:10803000EBE70020E9E714F002FA01232B70AAE72E
:108040006FF0150070476FF01500A4E76FF0150092
:10805000A1E76FF085009EE700209CE700209AE7EB
:108060007001002010B504460078214BDB7998425E
:1080700030D2C0EBC00007221E491D4B18440DF042
:1080800073FC48B3636813F0030F07D1184A92F8E2
:108090007020082A02D8A2689F2A1FD913F0300F37
:1080A00001D02269E2B113F0100F08D1226932B178
:1080B00003F46033B3F5603F18D001200BE0A268F1
:1080C000E1688A420ED81F2A0ED9B1F5804FEFD948
:1080D000002000E0002010BD0020FCE70020FAE7AF
:1080E0000020F8E70020F6E70020F4E70020F2E7A0
:1080F00070010020FCB804002DE9F04105468846D7
:10810000044614F8096B194B83F86F60072218496D
:1081100020460DF029FC70B907461649304601F09B
:1081200061F90446C8B1052100F0B4FEC8F800406A
:108130003846BDE8F0812146304614F066FE78B935
:108140002146287801F04EF9044660B1062100F07E
:10815000A1FEC8F800400027EAE76FF00B07E7E749
:108160006FF01507E4E76FF00B07E1E770010020FF
:10817000FCB80400F4B8040070B504460D4600F1E4
:10818000090607220D4930460DF0EEFB78B90522AD
:108190000B49207801F076F904463CB125730021A3
:1081A000204600F077FE204600F0BEFD70BD06229E
:1081B0003146207801F066F90446EEE7FCB8040089
:1081C000F4B8040008B503460148984708BD00BF4D
:1081D0008801002008B500210448FFF7F3FF502272
:1081E000002103480DF032FB08BD00BF45C7030066
:1081F0008801002000487047880100202DE9F04FD9
:108200008DB004920593002307930E69B6EB030922
:1082100018BF4FF00109824BD3E8AF3F13F0040FB2
:1082200000F0EF8005460C46084614F02BFA0028B3
:1082300000F0EA80204614F01BF98246002800F086
:10824000E68005F11008D8E8AF3FC3F3002B13F424
:10825000807F40F0DF80724BD3E8AF3F13F4806F34
:108260004ED10023089309930A93CDF82B30A368CD
:10827000ADF82030E368ADF822306768384614F076
:1082800034F98DF82D00384614F02DF98DF82E00B4
:10829000634BD3E8EF2F22F48072C3E8E12F00296B
:1082A000F7D122782A7003F8652C0DF125034A4690
:1082B00061682846FFF75AFE074600287ED116B3AC
:1082C00023691A68C5F809209A889B79A5F80D20BA
:1082D000EB73636813F0030F27D016B313F0100F7E
:1082E0001BD004238DF8243023691A68CDF826208A
:1082F0009A889B79ADF82A208DF82C30DA461DE05B
:10830000FFF73AFCADE7474B1A68C5F809209A8891
:108310009B79A5F80D20EB73DBE701238DF8243062
:10832000E2E700238DF8243008E013F4007F02D147
:10833000169B002B46D002238DF824304FF0FF30DF
:108340004FF0FF31FEF7FAFD0746002865D00F22F7
:1083500008A90C3012F009FA0022394642F2060050
:10836000FEF7ACFE074648BB8EB3636813F0030FFD
:1083700005D007A92846FFF7BFFE0746F0B901213F
:10838000284614F0D6F9074688BB079808B100F0D4
:10839000CBFC626812F0030218BF0122092140469B
:1083A00014F081F952460A21404614F07CF96268C3
:1083B000C2F380020C21404614F075F938460DB026
:1083C000BDE8F08F03238DF82430DA46B6E7CDF808
:1083D00008A000230193179B0093169B059A04990C
:1083E000284614F024F907460028BED0E6E707988F
:1083F0000028E3D0002100F04DFD079800F094FC28
:10840000DCE76FF00A07D9E76FF01507D6E76FF0E2
:108410001507D3E76FF07707D0E76FF06807CDE770
:1084200044020020FCB804002DE9F04383B08046EC
:108430000C4617461D4614F035F8814618B14846DB
:1084400003B0BDE8F083FFF7D5FE06460A9B019313
:1084500000953B4622464146FFF7D0FE814639460D
:10846000204614F021F80028E9D018360449304697
:108470001CF003FD034A0023304608F059FEDEE7F6
:108480009BC703001C4E0E0010B582B0044647F295
:10849000121303804FF48073438044F2010301936D
:1084A00001A814F07EF9019BA360024BE36002B0C7
:1084B00010BD00BF0000020970B59AB013AC0023D4
:1084C00013931493159316931793189319932046A7
:1084D000FFF7DAFF12A920461DF0FFFD88B11F2526
:1084E000384BD3E8EF1F21F00101C3E8E21F002A57
:1084F000F7D109F081F9344B1C68002C52D0043CB0
:1085000050E06B46412201A912981DF02EFC08B1E3
:108510001F25E5E70DF105042C4E0DF1450C354600
:1085200020686168A268E3680FC510342E46644570
:10853000F5D16B462022264912981DF0F2FB08B1B6
:108540001F25CDE712980AF0A1FC0546F8B9214A8B
:10855000214B202104E012F8010903F8010B013935
:108560000029F8D11D4A1E4B202104E012F8010910
:1085700003F8010B01390029F8D11A4BD3E8EF1F9A
:1085800041F01001C3E8E21F002AA9D0F6E71F2539
:10859000A6E7231D03D11C4604E000209847646829
:1085A00004B1043C34B12368002BF2D0002DF4D187
:1085B0000948F3E7044B00221A605A6009F034F9C5
:1085C0001AB070BD68700020707000202870002004
:1085D000087000204770002078700020677000202D
:1085E000987000204402002030B5A7B01FAC0021D5
:1085F0001F9120912191229123912491259104236F
:108600000D933D220EA80DF021F92046FFF73CFF07
:108610001EAB20222B4920461DF0D0FBC8B16FF0C5
:10862000040509F0E9F8284B1C6874B100221A60AF
:10863000264BD3E8EF1F21F00201C3E8E21F002A16
:10864000F7D1002D3AD00020A04709F0EDF827B06F
:1086500030BD1C4B03F120050DF1350403F1600E14
:10866000AC46BCE80F0020606160A260E360654634
:108670001034F445F4D10CAB029320230193144B36
:10868000009341230DAA1E9912481DF0DAFC10B187
:108690006FF00405C5E71E980AF0F8FB05460028B0
:1086A000BFD06FF00405BCE712F8010903F8010B15
:1086B00001390029F8D104A8A047C6E7064A04AB4F
:1086C0002021F6E7087000206C7000206870002000
:1086D00028700020000002094770002008B54022E1
:1086E00003490DF041F9B0FA80F0400908BD00BF20
:1086F00024BA040030B59BB00446002302930393D0
:108700000493059306930793089344F21213ADF86C
:1087100008304FF48073ADF80A304FF48043009373
:10872000684614F03EF8009B0493194B059304230C
:108730008DF8243004F11F020DF12503202104E0FF
:1087400012F8010903F8010B01390029F8D104F1ED
:108750003F000DF14503202204E010F8011903F851
:10876000011B013A002AF8D102AD01AB412209A94F
:1087700028461DF023FB044628461DF0BCFD14B11D
:1087800000201BB030BD01980AF080FB0120F8E703
:1087900000000209002839D008B50246204B1B68AA
:1087A00003B1043B33B1934233D05B68002BF9D063
:1087B000043BF7E71B4BD3E8AF3F13F0020F2BD17D
:1087C000111D174B1868506019605B686BB1154B31
:1087D000D3E8EF2F42F00101C3E8E01F0028F7D1F2
:1087E00012F0010F04D0002015E00D4B5960EEE7A8
:1087F0000D4BD3E8EF1F21F01001C3E8E21F002A60
:10880000F7D10A48FEF712F8002004E06FF01500D7
:1088100070476FF0770008BD6FF00F00FBE700BFF7
:108820007070002068700020440200202819002089
:1088300010B5104BD3E8EF1F21F00101C3E8E21F90
:10884000002AF7D10C4B1C6804B1043C64B12368C6
:1088500033B1002098476468002CF7D0043CF5E75A
:10886000231DF8D11C46F1E7034B00221A605A6021
:1088700010BD00BF6870002070700020044BD3E86A
:10888000AF3F13F0100F01D002487047002070472F
:10889000440200207870002008B5234B1B688B42EF
:1088A0003CD0224BD3E8AF3F13F0100F39D01E4B12
:1088B0001B68CBB91E4BD3E8AF3F13F0010F13D1A8
:1088C0001B4BD3E8EF2F42F0020CC3E8EECFBEF112
:1088D000000FF6D112F0020F06D1134B196000F110
:1088E0001F02144B202107E06FF00F0015E012F873
:1088F00001C903F801CB01390029F8D13F300E4BF3
:10890000202204E010F8011903F8011B013A002AA3
:10891000F8D10A48FDF78AFF002008BD6FF0770004
:10892000FBE76FF07C00F8E76C7000204402002049
:10893000687000202870002048700020181900205E
:1089400000487047B0410020024B1868B0FA80F030
:1089500040097047101D0020054B5B8A2BB9044B62
:108960001868B0FA80F0400970470020704700BFD7
:108970008C1D002010B50F4B1C6804B1243C64B161
:10898000A3682BB19847646A002CF8D0243CF6E722
:1089900014F12403F7D11C46F1E7074C00E028341A
:1089A000064B9C4204D2A368002BF8D09847F6E708
:1089B00010BD00BF1071002090870400E087040004
:1089C000024B93F8D800C0F3C0007047700100203C
:1089D00038B50546104B1C6804B1243C74B12368BB
:1089E0003BB1297B28469847646A002CF6D0243C8A
:1089F000F4E714F12403F7D11C46EFE7074C00E03D
:108A00002834074B9C4206D22368002BF8D0297BE0
:108A100028469847F4E738BD10710020908704007D
:108A2000E087040038B50546104B1C6804B1243CAF
:108A300074B163683BB1297B28469847646A002C6F
:108A4000F6D0243CF4E714F12403F7D11C46EFE7F9
:108A5000074C00E02834074B9C4206D26368002B89
:108A6000F8D0297B28469847F4E738BD10710020DC
:108A700090870400E087040008B511F057FD024B11
:108A800003EB001008BD00BFB870002008B5014618
:108A900000234360836002481CF019F808BD00BF42
:108AA000101D002008B500220023024808F0C2F87B
:108AB00008BD00BF101D002070B505460E460022FF
:108AC00000230021074811F055FD044640B1FFF78F
:108AD000D3FF034632462946204612F022FE0446C2
:108AE000204670BD8C1D002010B5044600220023D6
:108AF000054808F00DF900B110BDFFF73BFF204617
:108B000008F0C0FAF8E700BFDC1C002008B50248F6
:108B100008F0B8FA08BD00BF38190020034BB3F8BD
:108B2000FC300BB1024870470020704770010020F4
:108B3000700200202DE9F04105460C461E460B8AC6
:108B400063B96FF07907204611F0AEFD1EB13A46C9
:108B500006992846B0473846BDE8F08117460846D2
:108B600012F019FE10B16FF00407ECE72846FFF78A
:108B7000D5FF0022002308F0CBF810B16FF00B07EF
:108B8000E1E7FFF78FFF8046002854D04660069B40
:108B90008360384BB3F8FC108F4200D8B9B220463E
:108BA000FFF78AFF0446334BB3F8FC309F424AD9A3
:108BB00095F8D070012385F8D03005F1CC06D6E8C1
:108BC000EF3F0133C6E8E23F002AF8D10023C8F89E
:108BD0000030AB69002B40D0C3F80080C5F8188086
:108BE000284613F019FEE8BB284613F017FE38B1EB
:108BF0003A462146284613F023FF0746002FAAD005
:108C0000D6E8EF3F013BC6E8E23F002AF8D14146F3
:108C100005F1140013F0E7FD204611F045FD414633
:108C2000284613F063FE2846FFF778FF08F03AF86D
:108C30006FF004078FE72846FFF770FF08F032F85F
:108C40006FF00B077FE795F8D03023B1032700239F
:108C500085F8D030B1E70227F9E7C5F81880C5F8E4
:108C60001480BDE73A462146284613F0B9FE074670
:108C7000C4E700BF7001002070B588B004460D46FF
:108C8000FBF768FE0B4B1E58FFF75AFED0F8B830C2
:108C90009E4206D0243421461CF0B4F82DB908B009
:108CA00070BD204613F0F8FDF9E7694620461CF038
:108CB000B3F8F4E70800000038B500238B4224D253
:108CC000D82404FB030404F1D4024FF0010CD2E8D1
:108CD000EFEFBEF1000F03D1C2E8E5CF002DF6D1D2
:108CE00011D174B1D422002120460CF0AFFD084907
:108CF00004F140001CF0C1F8064904F124001CF006
:108D000024F8204638BD6344D8E70024E9E700BFD3
:108D100031960200E3C8030008B501210148FFF7BE
:108D2000CBFF08BD1030002008B500F1D403D3E814
:108D3000EF2F013AC3E8E12F0029F8D17AB90C4BA3
:108D400098420CD303F1D802904208D2C01AC3084B
:108D5000084AA2FB0323D82202FB130000B108BD7E
:108D6000054807F09FFF054808F08CF9F7E700BFBA
:108D7000103000205F427B09DC1C002048190020D5
:108D800010B5044613F02BFF08F036FD04F1C802BD
:108D9000124BD3F8143100E01B6813B19A42FBD197
:108DA0000123A3B9C4F8C8300C4BD3F8183143B130
:108DB0001A600A4BC3F8182108F036FDFEF72AF9AD
:108DC00010BD064BC3F81821C3F81421F4E708F0CE
:108DD0002BFD2046FFF7A8FFF0E700BF7001002041
:108DE00070B5FFF7B9FD00284ED1284BD3F81441D8
:108DF000A4B3C83C14F1C80503D0D4F8C85005B1D9
:108E0000C83D00262FE02046FFF79EFD30B92046E2
:108E100013F010FD28B104F1C8062DE004F1C806D6
:108E20002AE0204613F095FD28B9204613F0D7FE1E
:108E30000446204670BD04F1C8023146144813F0C0
:108E4000BFFCD4F8BC30204698470028F1D0637BA3
:108E5000072BEED12046FFF793FFEAE72546D0E740
:108E60002B462C461D46002CE3D0204613F02BFE4B
:108E70000028C8D004F1C806002DF1D0D5F8C830BC
:108E8000002BEED0C83BECE70024D2E770010020B5
:108E90008402002038B5457B8D4208D004464173DA
:108EA00035B1637B012B63D0072B04D0BBB138BD38
:108EB00013F095FEF5E700236363A363E378012BCA
:108EC000F5D1A378012B06D02B4A002304F14000F2
:108ED00008F026F9EBE7032384F89830F4E7082D2F
:108EE000E5D801A353F825F0AF8E02000D8F0200E4
:108EF000318F0200458F0200618F0200698F0200EE
:108F00004D8F0200AF8E0200AF8E020004F14005CB
:108F100028461BF0F3FF01212046FFF7ADFE204657
:108F200013F0F1FD00220023284608F001F9BEE706
:108F3000237B1BB92046FFF7F7FEB8E72046FFF773
:108F400047FDF7E72046FFF7EFFEB0E7237B1BB9AD
:108F50002046FFF7E9FEAAE72046FFF739FDF7E7CD
:108F60002046FFF7E1FEA2E72046FFF7DDFE9EE781
:108F7000204613F0B0FD9AE75A62020010B502468F
:108F80000C460121054813F06BFE10B18378234293
:108F900000D010BDFFF7C8FE0020FAE71030002017
:108FA0002DE9F04180460F46164600240CB1BDE87D
:108FB000F081D8200A4B00FB043013F010FE054668
:108FC00040B1837813EA080F06D03146B8472846E7
:108FD000FFF7AAFE0134E9E7FFF7A6FEFAE700BFB4
:108FE0001030002008B5002202490F20FFF7D8FFFB
:108FF00008BD00BF19CC030008B5002202490120BA
:10900000FFF7CEFF08BD00BF89CA0300074BC31A94
:1090100023F0070000EBE300400000EBE300C0EBAF
:10902000402000EB80404042C0B27047103000202A
:1090300038B504460D4653EA020108D0FBF78AFC16
:109040000B4908580B49D1F8B81088420BD06CB1C5
:10905000204611F0F7FA044618B1691D0C3011F0E2
:1090600071FB204638BD00221346F0E7024CEFE7C3
:1090700008000000B0410020201D002030B587B05E
:10908000002305930393FFF7ABFE38B30446437BFD
:10909000072B1ED1D0F8B43004AA1449B1F8FC1043
:1090A00098470546B8B1114BB3F8FC20049B9A428F
:1090B00006D303AB05AA01462046D4F8B8C0E04762
:1090C000039B0093059B049A29462046FFF732FD37
:1090D00030B9FDF79FFF2046FFF726FE07B030BDF1
:1090E0001321204613F0F2FDF5E700BF70010020C8
:1090F000F8B50546D0F88870254BA3FB0737C7F3B2
:109100008F27031DD3E8AF2F12F4005F0DD0B0F806
:109110008C20BA4209D8B0F88E20BA4205D3D0F8D4
:109120009010D0F89420914212D01A4B1C6804B1D0
:10913000243CDCB12669A6B1B5F89230B5F8902090
:1091400039462846B047646A002CF2D0243CF0E748
:10915000D3E8EF1F21F40051C3E8E21F002AE4D056
:10916000F6E714F12403EED11C46E2E70A4C00E0D6
:1091700028340A4B9C420AD22669002EF8D0B5F852
:109180009230B5F8902039462846B047F0E7F8BD50
:109190005917B7D11071002090870400E0870400B0
:1091A00038B50546114B1C6804B1243C7CB1236AD8
:1091B00043B105F1AA0128469847646A002CF5D00E
:1091C000243CF3E714F12403F7D11C46EEE7084CE6
:1091D00000E02834074B9C4207D2236A002BF8D0CA
:1091E00005F1AA0128469847F3E738BD1071002021
:1091F00090870400E087040038B50546114B1C68D1
:1092000004B1243C7CB1E36943B105F1A8012846CF
:109210009847646A002CF5D0243CF3E714F124034A
:10922000F7D11C46EEE7084C00E02834074B9C427F
:1092300007D2E369002BF8D005F1A801284698472A
:10924000F3E738BD1071002090870400E087040028
:10925000F8B506460D46084612F05EFD074668B3AF
:10926000194B1C6804B1243C9CB1E36863B12946E6
:109270003046984708B3284612F04EFD00B3646AA2
:10928000002CF1D0243CEFE714F12403F7D11C4665
:10929000EAE70E4C00E028340D4B9C420ED2E36806
:1092A000002BF8D029463046984758B1284612F08E
:1092B00033FD0028EFD1074600E007463846F8BDE9
:1092C0000746FBE70746F9E7107100209087040086
:1092D000E087040070B50546C37893B900F17E06B7
:1092E000144B1C6804B1243C9CB1636963B105F163
:1092F0007002314628469847646A002CF4D0243C1A
:10930000F2E700F17706EBE714F12403F4D11C46F1
:10931000EAE7094C00E02834084B9C4208D2636914
:10932000002BF8D005F17002314628469847F2E745
:1093300070BD00BF1071002090870400E08704001A
:1093400070B505460C46164613F085FA21462846A8
:1093500013F0E2FE114B1C6804B1243C7CB1A369FC
:1093600043B13246697A28469847646A002CF5D0A2
:10937000243CF3E714F12403F7D11C46EEE7084C34
:1093800000E02834074B9C4207D2A369002BF8D099
:109390003246697A28469847F3E770BD107100207D
:1093A00090870400E087040000F124020C4B1B6846
:1093B00000E01B6813B19A42FBD101236BB94362F1
:1093C000074B5B6823B11A60054B5A600020704759
:1093D000034B5A601A60002070476FF0100070470E
:1093E0001071002038B505460C46FFF795FC034682
:1093F000D8B1057222680267A188A279A0F874101A
:1094000080F876200122427282728270084AC0F887
:10941000B420084AC0F8B820074AC0F8BC20182277
:10942000A0F88C202822A0F88E20184638BD00BF56
:109430000598020009C9030029C80300F8B50746CA
:109440000E46002414B100252846F8BDD8200C4B48
:1094500000FB043013F0C3FB054670B18378012B89
:1094600009D13246394613F0A9FC0028ECD1284630
:10947000FFF75AFC01E0FFF757FC0134E2E700BFB9
:10948000103000202DE9F04180460F461646002599
:109490001DB100242046BDE8F081D820104B00FB10
:1094A000053013F09CFB044688B18378012B10D162
:1094B00027B13A46414613F081FC68B1637BB34261
:1094C00002D1237A4345E5D02046FFF72DFC013534
:1094D000DEE7FFF729FCFAE72046FFF725FCF6E771
:1094E0001030002038B504460D4683780B70C378E1
:1094F0004B70037A8B70407B13F0B0F985F828002D
:10950000002385F82B30204613F051FC85F8290004
:10951000204613F013FC85F82A00A378012B44D1D0
:1095200004F17003AB60237AC3EBC303224A1344F4
:109530006B60E37893BB04F17703EB6004F17E0387
:109540002B61D4F888306B611C4AA2FB03239B0A71
:109550002B83B4F890306B83B4F89230AB8304F172
:10956000A8032B6204F1AA036B62D4F8A43033B1D0
:109570005B7C13F0100F02D0012385F82B30D4F858
:10958000A430ABB15B7C13F0200F13D095F82B30D7
:1095900043F0020385F82B30002038BD04F17E0330
:1095A000EB6004F177032B61CBE76FF01500F4E774
:1095B0000020F2E70020F0E7700100205917B7D132
:1095C00038B504460D46084612F0A6FB50B3174BBB
:1095D00093F8D83013F0020F04D094F8993013F0B8
:1095E000020F13D1E378C3B92946204613F03EFC9D
:1095F000B8B92B88A4F88C306B88A4F88E30AB886F
:10960000A4F89430EB88A4F896300AE0231DD3E840
:10961000AF3F13F4804FE5D1E6E72946204613F02B
:109620007DFE38BD6FF01500FBE700BF7001002024
:1096300070B584B0A0F1400510F8333C33B1044656
:1096400010F83E3C012B0BD004B070BD284613F03F
:1096500048FD2846FFF7E6F92846FFF765FBF3E7E4
:10966000A0F13C060D21304613F05AF930B3B4F89E
:109670004C30ADF80030B4F84E30ADF80230B4F8EC
:109680005430ADF80430B4F85630ADF806306946C1
:109690002846FFF795FF40B1D6E8EF3F43F400635B
:1096A000C6E8E23F002ACFD0F6E7D6E8EF3F23F442
:1096B0008053C6E8E23F002AEED0F6E70A4A02AB42
:1096C00092E8030083E8030019462846FFF778FF75
:1096D0000028E1D1D6E8EF3F43F48053C6E8E23FEB
:1096E000002AD9D0F6E700BF288904000146C0B19E
:1096F00000F10C020E4B1B6823B19A4201D01B688B
:10970000FAE7012383B9CB60094B5B6823B11A6088
:10971000074B5A6000207047054B5A601A600020C2
:1097200070476FF0150070476FF07700704700BF0B
:109730001871002010B510481BF0C1F9002408E092
:1097400004EB44010D4B03EB81010B481BF0BFF907
:109750000134052CF4D914F037FD02F009F9044660
:1097600008B1204610BD02F0F3FF04460028F8D1EE
:1097700013F0F4FDF5E700BF101D0020C8700020B5
:1097800005490A78531CDBB20B700BB902320A7020
:10979000014B1878704700BFEA7C0020002010B110
:1097A0006FF00B00704700EBC003074A52F83330EC
:1097B0000BB10130F3E700EBC002034B03EBC20334
:1097C000024A5A600B607047247100208CBA040072
:1097D00038B5044653EA020008D0FBF7BBF8074D42
:1097E0002858074DD5F8B850854204D0043120469A
:1097F000FFF71EFC38BD00221346F7E70800000003
:10980000B04100202DE9F0470E46904613F0B2FB20
:109810000446002837D000F1300948461BF06EF9A5
:109820000546A0B311F0B7FF002861D1636C1BB9E6
:10983000204613F0C0FB68B3284610F059FF0546D8
:10984000636C63B3676CB5F810A0BE4201D3574593
:1098500035D0BE420BD3A28CA2F140039BB23F2B6A
:1098600005D8574533D000231A46AB61EA61BE42A2
:109870002FD2636CC8F800309E4236D29B1B6364C3
:109880002846BDE8F087FDF7C5FB2546F8E7FDF75C
:10989000C1FBF5E7204613F059FB0025F0E7014630
:1098A000204613F07BFB0746042105F10C0010F065
:1098B0006EFF0780A38C438004376764C2E70022F1
:1098C0000023484607F0B6F910F0EEFEC1E7094B59
:1098D000CBE7204613F03AFB204613F046FB002866
:1098E000C7D0204613F0B1FBC3E700236364C7E78A
:1098F0000025C5E7FBD1030070B582B006461C4CBD
:1099000003E000F11001984708341A4B9C422DD215
:109910002188304613F05FFC0190636801A930464E
:1099200098470028F0DB019D2388AB82AB8400229E
:109930002946304613F0BBFBC0B105F130001BF0E7
:10994000BEF8019843681B6803B19847019B103328
:10995000D3E8EF1F41F00101C3E8E21F002AF7D16D
:1099600001984368DB69002BCBD1CDE702B070BD15
:109970007887040090870400522833D81B2821D30D
:10998000A0F11B03372B2FD8DFE803F0372E393B2C
:109990002E2A352E372E2E2E2E2E2E2E2E2E2E2EDB
:1099A0002E2E2E2E2E2E2E2E2E2E2E2E2E2E2E2ED7
:1099B0002E2E2E2E2E2E2E2E2E2E2E2E2E2E2E2EC7
:1099C0002E2E2E3319280FD843B26BB101238340BA
:1099D000104A1A40BAB9104A1A402AB101207047F9
:1099E00001207047D22810D010F0400F0FD1062070
:1099F0007047002070470220704703207047052001
:109A000070470420704702207047002070470020F4
:109A1000704700BFAAAA8A025455450108B5EFF362
:109A20001182402383F31288BFF36F8F00230360FA
:109A30000E4B5B6863B118600C4B586082F3118861
:109A4000BFF36F8F0A4807F01DFB002804DB08BD39
:109A5000064B58601860F1E7002383F31188BFF3C9
:109A60006F8F0323184602DFF1E700BF6C710020FF
:109A70008019002008B510F059FD00EB4000024BA2
:109A800003EBC00008BD00BF7471002008B58068FA
:109A900000F14C03D3E8AF3F13F0010F06D0036D84
:109AA00023B1034A0023683007F042FB08BD00BF22
:109AB0001C4E0E00F0B587B00646EFF3118340222E
:109AC00082F31288BFF36F8F234A156825B1296886
:109AD0001160526895422FD01F4A176883F311888E
:109AE000BFF36F8F35B32846FFF7C4FF8446EE46B9
:109AF00004460FCCAEE80F0094E803008EE80300A4
:109B00000023CCF80030CCF80430CCF80830CCF886
:109B10000C30CCF81030CCF81430284613F096FCFA
:109B20009DF804305BB92FB1314600201BF06AF973
:109B3000002808DB07B0F0BD074A5160CCE7684653
:109B400013F02DFEEFE7002383F31188BFF36F8F2F
:109B50000323184602DFEDE76C71002070B506465E
:109B60000C46551C13F020FC854231D82046FFF7E7
:109B700003FF022813D0042811D0FAF7EBFE154B8F
:109B80001B58154AD2F8B8209A421BD0134A1268C3
:109B900093421AD04FF0FF324FF0FF3301E0104AEA
:109BA000002300210F48FFF713FE054640B1FFF7E1
:109BB00061FF8660012105F10C0010F0D0FD0470FA
:109BC000284670BD00220023EBE700220023E8E7CF
:109BD0000025F5E708000000B041002004720020D5
:109BE0001C4E0E00441D002070B582B005460E4686
:109BF000C36903B1983B0193002202E0013205E002
:109C00000193019C6CB12368AB42F7D0012A34D098
:109C100014F19803F4D0D4F89830002BF0D0983B8E
:109C2000EEE70022002301A9164806F0FDFE28BB3E
:109C3000A022002101980BF009FE0198124B8360CD
:109C400054301AF03CFF019B4C33D3E8EF2FC3E8AC
:109C5000E16F0029F9D1019B1D600199284613F09D
:109C6000FEFD019C204613F09DFB10B1F52363839C
:109C700004E017236385638300E00024204602B0DC
:109C800070BD00BFB41B00205819002070B582B011
:109C900006460C460022002301A9134806F0C4FE24
:109CA000E0B90546FAF756FE104B1A58104B1A60E9
:109CB0002422002101980BF0C9FD019B1E60019830
:109CC000002141608160C1610162FFF78DFF0346A1
:109CD00038B104332360284602B070BD6FF00B0525
:109CE000F9E76FF00B05F6E7981B0020080000006D
:109CF0000472002008B5011F002305E00A4A02EBA8
:109D0000CC02002090600133052B08D803EB430CF4
:109D1000054A02EBCC0292688A42F4D1EEE703488E
:109D20001AF0C0FD08BD00BF74710020B41B0020F4
:109D30002DE9F0418AB004460D4617461E460368D9
:109D4000003918BF0121186815F0D2F930B18EB969
:109D50004FF0010840460AB0BDE8F081032104F14C
:109D60004C0013F0C8FD10B14FF00008F2E74FF0BF
:109D70001208EFE7002304930593069307930893D3
:109D800009933FB11A4639462046FFF7E7FE059092
:109D900000283CD023681B6804938DF81850BDF848
:109DA0004030ADF82230119B0793BDF84830ADF834
:109DB000203001238DF8243004AB0293154B01931E
:109DC0000022009213463146304601F031F89DF8EA
:109DD0002480B8F1000F06D105990029BAD0204699
:109DE00013F09FFDB6E727B9182D0DD04FF00008EE
:109DF000B0E7059810F058FC9DF82430324629460B
:109E0000204613F09BFDEFE79DF82480A2E74FF07A
:109E100011089FE787D803002DE9F04184B005467B
:109E20000E461446176800238DF808304FF420536F
:109E3000ADF80A3002A9006811F0B8FB58B1002350
:109E40008DF80C3042F60103ADF80E3003A92868F6
:109E500011F0ACFB50BB6168286811F0A7FB68BB30
:109E6000E36893F80080B8F1000F07D0384613F08C
:109E70009BFAA3681B8AC01A404525DBA068042111
:109E80000C3010F06CFC2061068023695E80019428
:109E9000104B00930023A2682946384613F095FD25
:109EA000002813DB23699BB101200AE023691BB161
:109EB0005A88B24200D25E80012002E00023236172
:109EC000012004B0BDE8F0810020FAE70020F8E7A7
:109ED0000020F6E723D40300F8B504460F460F4AE6
:109EE00000230F4810F0AEFB064690B1204613F059
:109EF00059FA80B9092106F10C05284610F022FC18
:109F00003046FFF7B7FD84600121284610F027FC9A
:109F100007703046F8BD0B21EDE700BF1C4E0E0068
:109F2000441D00202DE9F0418AB0054688461646BA
:109F30001F4600240594069407940894099411215F
:109F4000FFF7CAFF079050B30595CDF8188001219F
:109F50000C3010F004FC089022460470099405AB04
:109F60000293104B0193009423463946304600F08B
:109F70005FFF089B1C7844B10799284613F0D1FC79
:109F8000002420460AB0BDE8F081079810F08CFB51
:109F90000A2332461021284613F0D0FCF1E71124A1
:109FA000EFE700BF199E020070B588B006460D4667
:109FB00003680121186815F09BF850B9032106F1D8
:109FC0004C0013F098FC10B1002008B070BD1220B6
:109FD000FBE7002304930593069307932121304662
:109FE000FFF77AFF069058B304962B8A012B21D9EC
:109FF00005F10C0010F0F2FB044601238DF81C3033
:10A0000004AB02930F4B01930022009213460146CA
:10A0100000F00EFF9DF81C30002BE6D0069810F0E3
:10A0200043FB9DF81C3022462021304613F086FC6D
:10A030000020CAE70699304613F073FC0020C4E7FD
:10A040001120C2E78FDB030070B588B006460D46CD
:10A0500003680121186815F04BF850B9032106F187
:10A060004C0013F048FC10B1002008B070BD122065
:10A07000FBE7002304930593069307930F213046D3
:10A08000FFF72AFF069058B304962B8A012B21D99B
:10A0900005F10C0010F0A2FB044601238DF81C30E2
:10A0A00004AB02930F4B019300220092134601462A
:10A0B00000F0BEFE9DF81C30002BE6D0069810F094
:10A0C000F3FA9DF81C3022460E21304613F036FC80
:10A0D0000020CAE70699304613F023FC0020C4E7AD
:10A0E0001120C2E70FDC0300F0B589B004460F462B
:10A0F00016461D4603680121186814F0F9FF20B1C7
:10A100006DB90126304609B0F0BD032104F14C00C1
:10A1100013F0F1FB08B10026F4E71226F2E7002362
:10A12000049305930693079331462046FFF7D4FE28
:10A13000069030B30494BDF83830ADF814300123E4
:10A140008DF81C3004AB02930F4B01930022009258
:10A1500013462946284600F06BFE9DF81C6026B980
:10A160000699204613F0DDFBCCE7069810F09CFA28
:10A170009DF81C302A463946204613F0DFFB0026A6
:10A18000C0E71126BEE700BF0FDC03002DE9F04158
:10A190008AB00546884616461F4600240494059456
:10A1A00006940794089409940921FFF795FE0690F8
:10A1B00068B30495CDF8148001210C3010F0CFFA6B
:10A1C0000790224604700A238DF8243004AB0293D2
:10A1D000104B0193009423463946304600F028FE88
:10A1E0009DF824403CB90699284613F09AFB204676
:10A1F0000AB0BDE8F081069810F056FA9DF82430B8
:10A2000032460821284613F099FB0024EFE7112479
:10A21000EDE700BF09A302002DE9F0418AB0054631
:10A220000E46174698460024059406940794089411
:10A2300009940721FFF750FE069060B3059522466A
:10A240000794CDF820809DF840308DF824300A2303
:10A250008DF8253005AB0293104B019300942346F3
:10A260003946304600F0E4FD9DF825403CB906999A
:10A27000284613F056FB20460AB0BDE8F081069848
:10A2800010F012FA9DF8253032460621284613F0C8
:10A2900055FB0024EFE71124EDE700BF71DC03005C
:10A2A00070B588B004460D46164600230493059306
:10A2B000069307930521FFF70FFE0590F8B104946C
:10A2C00004AB02930F4B01930022009213463146D8
:10A2D000284600F0ADFD069B33B10599204613F0EA
:10A2E00020FB002008B070BD059810F0DDF90A23AE
:10A2F0002A460421204613F021FB0020F2E711201A
:10A30000F0E700BFDFDD03002DE9F04383B0054631
:10A3100088461446D2F80090D9F804705168006855
:10A3200011F044F920B10126304603B0BDE8F083B6
:10A3300095222946384614F0B6FD0646207530B100
:10A34000E3681B780BB1002323750026ECE7294650
:10A35000384614F015FF10B908232375E4E70027E9
:10A360002775A06810F0CEF902210C3010F0F7F933
:10A370002061A0F800800194114B00933B46A26835
:10A380002946484613F021FB002808DB2369002BEF
:10A39000CAD0484613F008F8A368002206E013F07C
:10A3A00024F82075C0E7198A0A445B68002BFAD1AB
:10A3B000861AE3681B789E4294BF00260126B3E705
:10A3C000FBD303002DE9F04105460C46A0F104083B
:10A3D000404613F039F8238A13B90020BDE8F08114
:10A3E0000646012104F10C0010F0E8F90746737BE2
:10A3F000072BF2D155F8043C002BEED000230B2B99
:10A400001ED83978174A12F83320914201D001330F
:10A41000F5E7144D05EBC305228A6B789A421ED3EB
:10A420006B68214640469847AB78012BD5D1002870
:10A43000D3D0034600223978404613F07FFACCE7A8
:10A440003C782046FFF798FA0028C6D00528C4D0EB
:10A45000062300222146404613F070FABDE704208F
:10A46000E2E700BFB4BA040010B50446043804F1B2
:10A470004803D3E8EF1F41F00101C3E8E21F002ABF
:10A48000F7D113F015FD044904F164001AF0F5FC4E
:10A49000206801F0A7F910BD17E3030000B583B0F1
:10A4A00002460B4600210191FAF754FA1049095867
:10A4B00010480068884204D00F48D0F8B80088429D
:10A4C00001D10022134601A90C4806F0ADFA60B98B
:10A4D000019B00221A605A609A60DA601A615A6120
:10A4E0009A61019803B05DF804FB0020FAE700BF11
:10A4F0000800000004720020B0410020D01B0020A2
:10A5000010B50446806818B110F0CEF80023A3609F
:10A51000214602481AF0C6F910BD00BFD01B00202A
:10A5200070B582B0054602E0184610F0BDF805F19E
:10A530000C000022002306F07DFB03460028F3D127
:10A5400004E0AB6009E02046FFF7DAFF6C6884B1F5
:10A5500023686B60AA68A242F3D06668002EF2D02E
:10A56000A369009300231A466FF067012868B0477B
:10A57000E9E700232B60294602481AF093F902B05C
:10A5800070BD00BF981B00202DE9F04782B0044643
:10A590000F4691461E4668301AF0B0FC206DF0B1AF
:10A5A000124B98421FD045684FF0000AC0F804A033
:10A5B000206DD0F81880FFF7A3FFC4F850A02068E2
:10A5C00012F0D6FF3DB123681868CDF800804B46E5
:10A5D0003A463146A847002002B0BDE8F087204641
:10A5E00013F08FFEF7E700252565E8E708720020E5
:10A5F0008068034B984214BF00200120704700BFC1
:10A600007DEA0300064B1A68C0F801209A889B79FE
:10A61000A0F80520C371002303700381704700BFB9
:10A62000FCB8040010B51446102203491846A04790
:10A63000002800DB002010BD4031002070B588B03C
:10A6400005460E4601AC0023019302930393049345
:10A650000593069307934FF41053ADF8043080230D
:10A66000ADF806304FF480630093684613F0D8FECF
:10A67000009B03930F4B049305F5C67310223146DC
:10A6800020461BF09BFB70B94FF4C6720021284690
:10A690000BF0DCF8074AD5F88C1128461BF075FC46
:10A6A00020B908B070BD6FF00400FAE76FF0040045
:10A6B000F7E700BF0002C00330B583B0054601AB29
:10A6C000102207491BF07AFC0446D5F88C0108F0EB
:10A6D000DDFB14B9204603B030BD6FF00404F9E788
:10A6E0003031002070B505460E46002400E00134EC
:10A6F000012C11D82301094AD35CAB42F7D102EBFC
:10A7000004110722013130460BF02EF90028EED15A
:10A71000024800EB041000E0002070BD40720020F1
:10A72000F8B505460F46002400E00134012C11D88D
:10A7300004EB4403094A02EB830612F82330AB42D0
:10A74000F3D131460722013138460BF00DF90028CC
:10A75000EBD100E000263046F8BD00BFE830002015
:10A7600070B505460E46002400E00134012C17D8D0
:10A7700004EB44030B4A12F82330AB42F5D104EB4F
:10A78000440302EB83000722314601300BF0ECF862
:10A790000028EAD104EB4404024800EB840000E006
:10A7A000002070BD607200200B4BD3E8EF2F42F009
:10A7B0000201C3E8E01F0028F7D112F0020F0AD10E
:10A7C000064B05E05A680649088802440A800833A7
:10A7D000044A9342F6D3704778720020E087040061
:10A7E000CA7C00200088040070B505460E46144659
:10A7F000FFF7FEFE00283AD0ED68A36843B1E26897
:10A80000002A36D01B88B34209D013D301202FE091
:10A8100022792168284613F067FF012028E0266886
:10A8200022793146284613F00AFF034660B1A26838
:10A8300052881A81A3680433A360E0680138E0609D
:10A84000003818BF012013E000220B49284613F0FE
:10A85000F6FE03460028EDD03268C0F80120B1882A
:10A86000B279A0F80510C27122790270DFE70120E9
:10A8700070BD0020FCE700BFFCB8040008B5102143
:10A880000148FBF729FF08BD3031002070B50646AE
:10A89000002407E0284607220D4901300BF064F838
:10A8A000A0B10134012C10D80A4D05EB0415002E7F
:10A8B000F0D02301074901EB04120132C95C304694
:10A8C00012F07CFA0028ECD000E00025284670BD8C
:10A8D000FCB8040040720020F8B507460D4600247D
:10A8E00014B100263046F8BD04EB840605EB46069D
:10A8F00067B104EB84033246013215F81310384671
:10A9000012F05CFA0028EDD10134E9E704EB840091
:10A9100005EB40000722034901300BF025F8002821
:10A92000F2D1DFE7FCB8040070B500240AE0002192
:10A93000284613F01EFF230131460A4AD05C13F06B
:10A940004DFF0134012C0BD8064D05EB04156E1C90
:10A950000722054930460BF007F80028F1D0E6E75A
:10A9600070BD00BF40720020FCB804008446002384
:10A97000012B21D810B503EB4300104C04EB8000F1
:10A9800003EB4302920008322244D2E8AF2F22B1F7
:10A990000133012BEFD9002010BDD1F800E0C0F841
:10A9A00001E0B1F804E08979A0F805E0C17103EB9A
:10A9B000430304F823C0EFE700207047E83000208D
:10A9C000F8B504460D46174611F069FA06462946C1
:10A9D0002046FFF7A5FE56B150B13946083013F0B6
:10A9E000A0FE47F612220023044806F0A1FBF8BDA2
:10A9F00029462046FFF7BAFFEFE700BF00310020ED
:10AA000010B502460B46134CD4E8EF1F41F001008D
:10AA1000C4E8EC0FBCF1000FF6D111F0010F0AD120
:10AA2000A4F150010A834B830A4BD3E8AF3F13F0E4
:10AA3000020F07D010BD0849881E13F000FD002842
:10AA4000F2D1F7E740F239120023044806F070FB18
:10AA5000F0E700BFF0310020BA310020C031002003
:10AA600008B50F4BD3E8EF2F42F00402C3E8E12F03
:10AA70000029F7D1D3E8EF2F22F00202C3E8E12F3B
:10AA80000029F7D1D3E8AF3F13F0010F01D1002027
:10AA900008BD40F239120023024806F049FBF6E7F0
:10AAA000F0310020C03100202DE9F04107468846F2
:10AAB00016461D46FFF754FE0446A0B123890BB984
:10AAC000638923B32B46324604F10A0104F10800DE
:10AAD00013F0B5FC28B1214611F8010B11F0DFF994
:10AAE000C0B9BDE8F0810D49FFF73AFE04460028E1
:10AAF000F7D0034603F8017BD8F80020C0F8012006
:10AB0000B8F8041098F8062099809A71D6E7268143
:10AB10006581E0E7204613F0CDFEE2E7FCB80400D3
:10AB2000094B1A68C0F801209A889B79A0F8052083
:10AB3000C371002303720C30D0E8EF2FC0E8E13F6F
:10AB40000029F9D1704700BFFCB8040010B50446D5
:10AB5000124BD3E8EF2F22F00202C3E8E12F0029C5
:10AB6000F7D1D3E8AF3F13F0010F04D1204613F023
:10AB70000BFC30B910BD00220023094806F0D8FABA
:10AB8000F4E72046FFF782FE0028F3D0027A12F0A5
:10AB9000010FEFD0012113F045FEEBE7F03100206B
:10ABA000C03100202DE9F04F83B005461646FFF76F
:10ABB0001FFD009078B1EF687B8963B10024A14646
:10ABC0006CB1B9F1000F06D100237B81FB6813B192
:10ABD000002128469847012003B0BDE8F08F04EB20
:10ABE000840807EB4808B8F80830CBB104EB8403BD
:10ABF00008F1010A524617F81310304612F0DEF839
:10AC000098B904EB8403514617F81300FEF716FCBD
:10AC1000034628B1427B072A04D01846FEF784F881
:10AC20000134CDE7DDF80090F7E706F170030193FA
:10AC30001946307A11F033F950B90B4B9F4203D0CB
:10AC40004046FFF7DFFCEBE7304613F052FEF7E734
:10AC5000336FC8F80130019B9A889B79AAF80420C9
:10AC60008AF80630DCE700BFB8190020F8B50646C0
:10AC70000F4614461D4607480021FFF70FFC844687
:10AC800028B14574069B4361C46046608761604695
:10AC9000F8BD00BF1C4E0E002DE9F04184B0002825
:10ACA00042D00C4615461E46074602A910F007FC86
:10ACB000804600283BD101A938460EF07BFF019861
:10ACC000B0B10A2200210BF049F998BBC7B202A922
:10ACD0003846FFF745FD014660B1F4B10422083162
:10ACE0003046A84700282BDB404604B0BDE8F08181
:10ACF0000027ECE78CB11349FFF732FD0146E0B1C4
:10AD0000034603F8017B0298C1F80100BDF80C006E
:10AD10009DF80E2098809A71DFE70029E4D0002387
:10AD20000B604B608B60DFE76FF01508DCE76FF0BE
:10AD30001508D9E76FF01508D6E76FF00B08D3E7D1
:10AD40008046D1E7FCB80400184BD3E8EF2F42F05F
:10AD50000101C3E8E01F0028F7D112F0010F00D075
:10AD6000704710B5FFF720FD114C124920461AF02C
:10AD700084F840F2391200232046FBF74FFD0E4CB9
:10AD80000E4920461AF079F83034D4E8EF3F43F00A
:10AD90000203C4E8E23F002AF7D1094909481AF042
:10ADA0006CF80948FEF7A2FC10BD00BF78720020C5
:10ADB00050310020C9ED0300C031002021B4020051
:10ADC0002BEE0300003100209019002028B38446A8
:10ADD000008A38BB70B4144D012203E06B68134441
:10ADE0009AB20835114B9D421AD22C686445F5D8A9
:10ADF0006E6806EB86039B00143B23446345EDD34A
:10AE000000239E42EDD903EB830104EB81016145F0
:10AE100005D00133013292B2F3E7002070471046AB
:10AE200070BC7047704700BFE087040000880400D2
:10AE30002DE9F04F89B08246079190469946139FBD
:10AE4000DDF850B0BDF848301BB94FF6FF73ADF8D0
:10AE500048301B4B1B8853452AD209B0BDE8F08F00
:10AE60008CB20836174B9E42F7D27368E118B9428C
:10AE7000F6D300257368AB42F3D905EB8500CDF816
:10AE800010B0CDF80CA012AB0293CDF80490CDF821
:10AE90000080079B3A462146D6F800C00CEB8000A4
:10AEA00013F095FD0028D8D001350134A4B2E1E7B4
:10AEB000054E012413975746DDF84CA0D2E700BF9A
:10AEC000CA7C002000880400E087040010B5EEB0C2
:10AED0006AA900236A934B608B60CB6005A8FFF7DB
:10AEE000ADFB08B16EB010BD05AC02940E4B0193E2
:10AEF0000022009213464FF6FF710120FFF798FFE2
:10AF00002046FFF7D9FB0028ECD11021074813F0A9
:10AF100071FA074BD3E8EF1F41F00801C3E8E21FC5
:10AF2000002ADFD0F6E700BF4BE5030030310020F8
:10AF3000F0310020F0B585B004460D4616461F4698
:10AF40001C49A1F1300019F0E8FF1B4BD3E8AF3FDB
:10AF500013F0080F17D02046FFF798FC034618B1EE
:10AF6000027A12F0010F15D110230293134B0193B3
:10AF7000BDF8283000933B4632462946204613F060
:10AF800052FE05B0F0BDFFF7A1FFFFF7CDFCFFF7C4
:10AF900075FCE0E70C33D3E8AF2F12F0010FE3D1DB
:10AFA000D3E8EF1F41F00201C3E8E21F002ADBD023
:10AFB000F6E700BF80310020F03100203031002062
:10AFC00010B5224BD3E8AF3FC3F3C00383F00104B5
:10AFD00063B11E4AD2E8AF3FC3F30013D2E8AF2FEC
:10AFE000C2F340120BB14AB11CB910BDFFF76EFF9E
:10AFF000EFE7FFF799FCFFF741FCF6E7134BD3E8C7
:10B00000EF1F41F02001C3E8E21F002AF7D11049E9
:10B01000102288180AF0A8FC48B14FF6FF710120F1
:10B02000FFF7EEFCFFF780FCFFF728FCDDE7094C9B
:10B03000204619F063FF3034D4E8EF3F23F00103DA
:10B04000C4E8E23F002AD0D0F6E700BFF03100208C
:10B0500030310020C031002008B5064BD3E8EF1F87
:10B0600041F01001C3E8E21F002AF7D1FFF7A8FF63
:10B07000002008BDF031002070B5B8B004460D4680
:10B0800005918DF818000022379205AB02930F4B03
:10B090000193009213464FF6FF710120FFF7C8FE9F
:10B0A000379E56B1B60007AA334629462046FBF71D
:10B0B00005FB00B946B938B070BD0022F4E7013392
:10B0C000379A9A42FBD8F6E70023F9E77FE60300B8
:10B0D0002DE9F04186B004460E46154604910592CE
:10B0E00000F170084146007A10F0D9FE074604AB23
:10B0F0000293134B01930022009213464FF6FF7107
:10B100000120FFF795FE87B93146207AFFF7EAFA6A
:10B1100040B12A68C0F80120A988AA79A0F80510D2
:10B12000C2713FB906B0BDE8F0814146207AFFF711
:10B13000A3FFE9E74146207A13F050FBF2E700BF96
:10B1400091E70300F0B5BDB004460D4617461E4614
:10B1500005A90EF02FFD002C38D0059840B10A2229
:10B1600000210AF0FBFE002833D18DF8240002E014
:10B1700000238DF8243006A9204610F0A0F90446DB
:10B1800050BB06AB08937DB1C0220CA93046B8472E
:10B19000002824DB0CAB0A9380080B90002300E00E
:10B1A00001339842FCD802E000230A930B9308ABCA
:10B1B00002930C4B01930022009213464FF6FF714D
:10B1C0000120FFF735FE20463DB0F0BD6FF01504BD
:10B1D000F9E76FF01504F6E76FF01504F3E704469E
:10B1E000F1E700BFE9A7020070B582B00C46154632
:10B1F0001E4601AA074906980EF0B2FC38B1334644
:10B200002A4621460198FFF79DFF02B070BD6FF0FE
:10B210001500FAE748B2040010B584B004460A46A7
:10B2200000230360029007490191012100914FF62C
:10B23000FF718088FFF7FCFD2068003818BF0120EF
:10B2400004B010BD2FE5030010B586B000240594AE
:10B25000FFF7BCFD013080B205AB0293054B0193B3
:10B260000094234622460146FFF7E2FD059806B00A
:10B2700010BD00BFF1E403002DE9F04182B00546A6
:10B280000F4614469422616813F00DFE00283FD14A
:10B2900002226168284613F051FE00283BD0A68A9E
:10B2A000023600961D23002221461E48FFF7DEFCD1
:10B2B000804698B332461D21284612F055FF0646B7
:10B2C000E0B101230022114613F088F8A18A02316F
:10B2D00006F10C000FF043FA20F8027BA28A2169E4
:10B2E000EEF7ACFCC8F808604146284613F02DF88C
:10B2F000044648B9204602B0BDE8F0814046FFF759
:10B30000FFF86FF00B04F5E74046FFF7F9F8F1E7B7
:10B310004FF0FF34EEE76FF01504EBE76FF00B042E
:10B32000E8E700BF03E503003B4BD3E8AF3F13F072
:10B33000040F64D030B58DB005460C4610B1437B88
:10B34000072B5FD160680590FFF740FDADF818004E
:10B35000216871B305A8FFF75FFF002855D0059B52
:10B360006360059B186800238DF82C3042F60303B8
:10B37000ADF82E300BA910F019F948B90598C3683B
:10B380009B7913F0200F19D013F0C5FCADF818000D
:10B39000059813F06EFD6060002839D08DB101234F
:10B3A000A3752246BDF818102846FFF765FF0DB0BB
:10B3B00030BD0028D5D16FF00100F8E76FF015001F
:10B3C000F5E76FF07F0307930223ADF8203009946F
:10B3D0000023A3758DF8283042F60212ADF82A201A
:10B3E00005AA02920D4A0192012200920AAA4FF682
:10B3F000FF71BDF81800FFF71BFD0798D7E76FF046
:10B400000A0070476FF07F00D1E76FF00100CEE7D0
:10B410006FF01500CBE700BF440200207DB60200AC
:10B4200010B582B0034630F8082CADF8042030F88F
:10B43000062CADF80620A0F1200100F13004D4E87C
:10B44000EF2F22F00102C4E8E02F0028F7D10020FE
:10B4500023F8080C23F8060C0C4A43F81C2C0C4A61
:10B4600043F8182C01AA43F8102C042223F80C2CC2
:10B47000FFF75AFF08B102B010BDD4E8EF3F43F028
:10B480000203C4E8E23F002AF5D0F6E750BB04000F
:10B490004DAB020038B5044600F17001007AFFF7A9
:10B4A0005FF9F8B1054603890BB94389D3B120464A
:10B4B000FDF7ACFD2B890C4A22F820306B8902EB9A
:10B4C00080025380094D00EB400305EBC30308499C
:10B4D0005960084999601A6104229A8219462046E7
:10B4E000FFF722FF38BD00BF247200202872002021
:10B4F00050BB040095E903002DE9F84306461546C4
:10B50000D2F80080FFF774F810B1F768002414B186
:10B510000120BDE8F88304EB840307EB43031B8998
:10B520007BB304EB840307EB4302013217F81310DB
:10B53000404611F043FC20B34FF49572314640462B
:10B5400013F0B1FC50B103281BD0052811D04FF0E7
:10B550000209404611F02BFC81450DD83946304692
:10B5600013F060FA084B9F42D2D14046FFF792FF9A
:10B57000CEE74FF00309ECE72B79994501D985F81F
:10B5800004900134C3E700BFB8190020394BD3E859
:10B59000AF3F13F0040F60D030B58DB005460C46B8
:10B5A00010B1437B072B5BD160680590FFF70EFC61
:10B5B000ADF81800216861B305A8FFF72DFE00283B
:10B5C00051D0059B6360059B186800238DF82C30D3
:10B5D00042F60303ADF82E300BA90FF0E7FF48B990
:10B5E0000598C3689B7913F0100F17D013F093FBE5
:10B5F000ADF81800059813F03CFC6060002835D0C9
:10B600007DB12246BDF81810284613F03BFD0DB061
:10B6100030BD0028D7D16FF00100F8E76FF01500BA
:10B62000F5E76FF07F0307930122ADF8202009941E
:10B6300000238DF8283042F60211ADF82A1005A932
:10B6400002910D49019100920AAA4FF6FF71BDF8CF
:10B650001800FFF7EDFB0798D9E76FF00A00704775
:10B660006FF07F00D3E76FF00100D0E76FF01500B7
:10B67000CDE700BF440200207DB602002DE9F0476F
:10B6800007461646FEF7B4FF002800F0A280FD68CA
:10B69000514B9D422DD000245FE033691A6904EBC1
:10B6A0004400538812884146DFF830C11CF820005E
:10B6B000FFF7FAF90134012CEDD804EB4402474BB3
:10B6C00003EB820808F101080722454940460AF0C9
:10B6D0004BF90028EED004EB4403072241463F48D3
:10B6E00010F82300FDF7CEFE0028D6D0FDF71CFB96
:10B6F000E0E70024DFE7FDF717FB2DE04046FDF70C
:10B7000013FB29E04046FDF70FFB25E004EB840224
:10B7100005EB4202128912F0020F49D03269B1885A
:10B720004046FFF7A9FD814670B93269937D013328
:10B73000937509E004EB840305EB43031B8913F0C5
:10B74000010F3AD14FF000094046FDF7EDFAC6F877
:10B750000890B9F1000F39DB0134002C34D104EB2F
:10B76000840305EB4303B3F808C0B3899C45F3D1C8
:10B7700004EB840305EB4301013115F81300FDF7D9
:10B780005DFE80460028E7D0437B072BB3D16B6971
:10B790001BB1394698470028B0D09422394640461C
:10B7A00013F081FB82460028ACD1B389022BADD0C7
:10B7B000012BBFD04FF00009C6E73269B18840467F
:10B7C00013F060FC8146BFE74FF0010A5046BDE828
:10B7D000F0874FF0010AF9E7B819002060720020E5
:10B7E000FCB8040070B590B004460E9001238DF8AB
:10B7F0003C3000F170052946007A10F050FB90B102
:10B80000227A2AB304AE04213046F7F769FE009687
:10B810002B46164A242105A8FAF7CCFE05A80246B5
:10B820001349F8F7CFF90EAB0293124B01930022A4
:10B83000009213464FF6FF710120FFF7F9FA2046F8
:10B8400011F0B5FA9DF83C1088420AD310B070BDD3
:10B85000002300932B46054A242105A8FAF7AAFEE7
:10B86000DCE7204611F079FAF0E700BF18B10400D8
:10B87000E9B10200F9B402002DE9F04106460F4695
:10B8800090460F4B1B6833B1043B1C1D08D05C680D
:10B8900034B1043C04E01C4602E0254623462C4615
:10B8A00063B11B681BB14246394630469847002CAD
:10B8B000F3D06568002DF1D0043DEFE7BDE8F081DD
:10B8C0007C72002030B587B00446049001208DF8CA
:10B8D000140004AB02930B4B0193002500952B46FB
:10B8E0002A464FF6FF71FFF7A3FA2946204613F0C8
:10B8F000FFFB08B107B030BD4FF6FF710120FFF725
:10B900007FF8F7E7F9B4020030B587B0044602903B
:10B91000154B01930022009213464FF6FF71012050
:10B92000FFF786FA04F170052946207A13F050FAE1
:10B930002946207A10F0B3FA20B9204613F010F807
:10B9400007B030BD0495237A8DF8143004AB029310
:10B95000064B01930022009213464FF6FF7101201F
:10B96000FFF766FAE9E700BFA5AB0200C5E60300F2
:10B9700000B587B0002304938DF814304FF42052A3
:10B98000ADF8162004AA0292094A0192009305AA72
:10B990004FF6FF710120FFF74BFA049B012B03D1F7
:10B9A000002007B05DF804FB6FF01500F9E700BF59
:10B9B00089F10300002010B16FF00B0070470D4BB0
:10B9C0004FF4B87202FB0033D3F8EC300BB1013006
:10B9D000F1E710B4074A4FF4B87300FB03F302EB2E
:10B9E000030C054CCCF8F040E833134404330B60EF
:10B9F00010BC7047F8310020F8BB040038B505468C
:10BA000000240CB1002038BD4FF4B873074803FB85
:10BA100004002946043013F060FC08B90134F0E753
:10BA20004FF4B873014803FB0400ECE7F831002041
:10BA300000F5B470074B1A68074BD0E8EF1F994226
:10BA400004D1C0E8EC2FBCF1000FF6D1D0E8AF0F65
:10BA5000704700BF20710020F831002008B5FFF7C3
:10BA6000E7FFC0B10346026832B1416821B1816885
:10BA700099B90D49097891B10B49097821B11AB1E9
:10BA8000996809B1012003E05B6853B90AB100204D
:10BA900008BD0320FCE70320FAE70420F8E70420B0
:10BAA000F6E70220F4E700BFEB7C002010B5024669
:10BAB0000C46037BC17C03EA010010F0080F07D09D
:10BAC000D07A92F812C040EA0C0010F0010F0ED1AB
:10BAD000042C0ED80B4313F004000BD01046FFF7D4
:10BAE000BDFF04EB8404044B2344185C02E00520F2
:10BAF00000E0002010BD00BF98BC040038B504462B
:10BB0000FFF796FF0546D4F8EC309B7A032B16D04E
:10BB100007D8013BDBB2012B01D8012038BD002042
:10BB2000FCE7042B09D12046FFF798FF032816D025
:10BB3000104B1B78DBB90020F0E70020EEE7204631
:10BB4000FFF78CFF032801D00120E7E72DB1EB6858
:10BB50000BB10120E2E70020E0E70020DEE725B19D
:10BB6000EB68002BE4D10020D8E70020D6E70120C5
:10BB7000D4E700BFEB7C002000F5B670084B1B78C3
:10BB8000D0E8EF2FB2F1FF3F03D1C0E8E13F002939
:10BB9000F6D1D0E8AF0F003818BF0120704700BFC2
:10BBA000081B002038B505460E4B1B788BB101F001
:10BBB0000F042846FFF752FF03280DD044F0040479
:10BBC0002846FFF7D9FF50B144F0010000F0EF0024
:10BBD00038BD01F00704ECE704F00B04F0E704F0D3
:10BBE000FE00F3E7EB7C002010B586B00446037A34
:10BBF000052B25D8DFE803F00F05050F24030020EF
:10BC00001CE0D0F8D83090F8DC20D34003F00103DA
:10BC100043F0800300E0002302AA009204F13702FF
:10BC20000A49096804F1570014F0E3FA50B91022E8
:10BC300002A904F1170009F097FE28B906B010BD5B
:10BC40000820FBE70820F9E70420F7E784720020CA
:10BC500070B50E46041DD4E8AF3F13F0100F0ED0A0
:10BC60000022002300210846FDF7B2FD054648B139
:10BC700001210C300EF073FD0670284670BD064A97
:10BC80000023EFE7D4E8EF3F43F01003C4E8E23FBE
:10BC9000002AF2D0F6E700BF1C4E0E0038B504466D
:10BCA0000D460023EC3011F06CFA30B9054A002340
:10BCB00004F59C7005F03CFA38BD28460EF0F4FC03
:10BCC000FAE700BF1C4E0E0070B582B00446057A3C
:10BCD000022D04D86BB233B975B1082032E0032DC0
:10BCE00032D008202EE0D0F8D85090F8DC30DD407B
:10BCF00005F0010545F08005102203212046FFF7DD
:10BD0000A7FF064638B310210C300EF028FD009036
:10BD10002B4604F1270204F157011048006814F083
:10BD200068FA98B900231A4631462046FFF7B6FF55
:10BD30000434D4E8EF3F23F00103C4E8E23F002AD3
:10BD4000F7D1002002B070BD0025D5E730460EF0D7
:10BD5000ABFC0820F6E70820F4E700BF847200205F
:10BD600038B5044640220C21FFF772FF00283ED070
:10BD7000054640210C300EF0F2FC1E4B1B68D3F838
:10BD800000E0D3F804C09968DA68C0F800E0C0F8B1
:10BD900004C08160C260D3F810E0D3F814C0996980
:10BDA000DA69C0F810E0C0F814C08161C261D3F84C
:10BDB00020E0D3F824C0996ADA6AC0F820E0C0F81D
:10BDC00024C08162C262D3F830E0D3F834C0996BEA
:10BDD000DA6BC0F830E0C0F834C08163C26300237E
:10BDE0001A4629462046FFF759FF002038BD082093
:10BDF000FCE700BF8472002070B582B00446D0F822
:10BE0000EC60FFF715FE05464FF0FF330193042168
:10BE10000DEB010002F014FC08BB019A114BA3FBCF
:10BE200002139B0C104901FB13230193C4F8D83073
:10BE3000002384F8DC307DB12B686BB1231DD3E87F
:10BE4000EF1F41F40061C3E8E21F002AF7D12B681D
:10BE5000D4F8D81030469847002002B070BD0820B2
:10BE6000FBE700BF83DE1B4340420F0010B5041DFB
:10BE7000D4E8EF3F43F48073C4E8E23F002AF7D1EF
:10BE800008495730FCF708FD08B9002010BDD4E878
:10BE9000EF3F23F48073C4E8E23F002AF7D1082083
:10BEA000F4E700BF5BFC030070B50446FFF7C0FD7C
:10BEB0000546261DD6E8AF3F13F4804F08D1202257
:10BEC000344B196804F1570009F04EFD00285CD08E
:10BED0002046FFF745FF0346C0B9237A052B56D805
:10BEE000DFE803F0032D1603554AD4E8EF3F43F093
:10BEF0001003C4E8E23F002AF7D12046FFF7E4FE32
:10BF0000034618B9204613F0D9FC0346184670BD05
:10BF10002046FFF771FF03460028F7D1D4E8EF3F32
:10BF200043F00803C4E8E23F002AF7D1D4E8EF3F2A
:10BF300043F48043C4E8E23F002AE3D0F6E7D4E8C4
:10BF4000EF3F43F00803C4E8E23F002AF7D1D4E80A
:10BF5000EF3F43F48043C4E8E23F002AF7D1D6E83C
:10BF6000EF3F43F48063C6E8E23F002AF7D16B68F5
:10BF7000D4F8EC009847C5E7D4E8EF3F43F010034E
:10BF8000C4E8E23F002ABDD0F6E70823BEE7082355
:10BF9000BCE700BF8472002010B5084C4FF0FF32A0
:10BFA0004FF0FF33204604F06FFD04F1140005F05C
:10BFB000C7F8204604F0E8FD10BD00BFD0190020EE
:10BFC00038B50446EC22002109F040FC102104F1B0
:10BFD000270002F035FB054668B9D4E8EF3F43F08F
:10BFE0002003C4E8E23F002AF7D1FCF747FC034BEB
:10BFF0001860284638BD0825FBE700BF8472002082
:10C00000F8B504460D46D0F8EC70FFF711FDED6869
:10C01000EB78102B40F0B180D7F8A430002B79D00A
:10C02000261DD6E8AF3F13F4004F04D12046FFF79A
:10C03000C7FF00287AD1012363722B68C4F80A3045
:10C04000AB88E38102232374A9782046FFF7AAFD79
:10C05000E0742046FFF702FD6074102323752B79EE
:10C0600003F0030363756B7903F00103A375E37CAD
:10C0700013F0080F03D0AB7813F0080F58D1D6E8AF
:10C08000AF3F13F0200F62D03F4B1B78A374E37CCB
:10C0900013F0200F03D0AB7813F0200F5BD1E37CBB
:10C0A00013F0010F03D0AB7813F0010F5CD1002324
:10C0B0006375A375A37D84F8E830637D84F8E93067
:10C0C000D6E8EF3F43F00803C6E8E23F002AF7D185
:10C0D00029782046FFF7EAFC2072D7F8A410204602
:10C0E00013F047F900284AD0204613F080F90028C1
:10C0F00044D1D6E8AF3F13F0200F42D0D4E8EF3F51
:10C1000043F48053C4E8E23F002AF7D1204613F0FD
:10C1100090FA33E007F17001387A00F035FBC7F888
:10C12000A40000287FF47CAF082027E0C0B225E0FF
:10C13000D6E8EF3F43F02003C6E8E23F002AF7D1FC
:10C14000637D03F0020363750023A37597E70F4B2C
:10C150001B78A3749BE7D6E8EF3F43F48013C6E84F
:10C16000E23F002A9BD0F6E7D6E8EF3F43F40053C6
:10C17000C6E8E23F002A9DD0F6E70620F8BD03207E
:10C18000FCE70320FAE700BFED7C0020EC7C0020F8
:10C1900038B504460D46FFF74BFCEB6804F1570534
:10C1A000D3F800C058689968DA68C4F857C0C4F872
:10C1B0005B00C4F85F10C4F86320D3F810C058695E
:10C1C0009969DA69C4F867C0C4F86B00C4F86F10E5
:10C1D000C4F87320D3F820C0586A996ADA6AC4F8A0
:10C1E00077C0C4F87B00C4F87F10C4F88320D3F86C
:10C1F00030C0586B996BDA6BC4F887C0C4F88B00F9
:10C20000C4F88F10C4F893202846FCF767FA70B181
:10C21000231DD3E8EF1F41F48041C3E8E21F002A49
:10C22000F7D1204613F05FFB28B9032009E0284628
:10C23000FCF760FA88B10A4B1B681BB12046FFF778
:10C2400033FE38BD0434D4E8EF3F43F04003C4E884
:10C25000E23F002AF7D10020F3E70B20F1E700BF0F
:10C2600084720020F0B585B004460D46FFF7E0FB70
:10C270000646EB681D6858689968DB68C4F8375053
:10C28000C4F83B00C4F83F10C4F84330237A052BB0
:10C2900000F29780DFE803F020383803956F04F14F
:10C2A000370203AB009304F127034B49096804F1FB
:10C2B000570000F01FFC002840F08580231DD3E8C4
:10C2C000EF1F41F48061C3E8E21F002AF7D1B36891
:10C2D0000399D4F8EC009847D4E8EF3F43F40053B7
:10C2E000C4E8E23F002AF7D1231DD3E8EF1F41F451
:10C2F0008031C3E8E21F002AF7D1204613F076F917
:10C300000546284605B0F0BD2046FFF76DFC054602
:10C310000028F6D1D4E8EF3F43F00803C4E8E23F39
:10C32000002AF7D1204613F061F905460028E8D12C
:10C3300094F8DC300133DBB284F8DC30142B08D005
:10C34000102104F1270002F07BF90028D9D008253C
:10C35000D7E7D4E8EF3F43F40053C4E8E23F002AB4
:10C36000F7D10434D4E8EF3F43F48033C4E8E23F2C
:10C37000002AC6D0F6E7102104F1270002F060F988
:10C3800018BB26B3F36823B3144B1B88ADF80830F1
:10C3900002AF3946204612F074FF0025C4F8E05081
:10C3A000C4F8E450231DD3E8EF1F41F48051C3E8E3
:10C3B000E21F002AF7D1F3683946D4F8EC00984719
:10C3C0009FE708259DE708259BE7082599E70225B3
:10C3D00097E7022595E700BF8472002030890400AA
:10C3E00038B50446A0F1EC050C494C3018F045FD79
:10C3F000284613F037F804F17C03094AD3E8EF1F0D
:10C40000C3E8E02F0028F9D180344FF0FF33D4E89F
:10C41000EF2FC4E8E13F0029F9D138BD87FE0300C2
:10C42000F8310020F8B50646D0F8EC50D5F8A44015
:10C43000002C4FD0084631B312F0C0FE074674B14D
:10C44000237C2BB1331DD3E8AF3F13F0040F06D08C
:10C45000D5F8A40013F0E1FD0023C5F8A430341D85
:10C46000D4E8AF3F13F0040F36D0D4E8AF3F13F059
:10C47000080F4CD02D4B1A68002A44D052F80C49B2
:10C48000B4B30C3C34E0331DD3E8AF3FC3F34037C3
:10C4900013F4005F04D0D5F8A40008B113F089FEAE
:10C4A000224B1A6822B152F80C4934B10C3C04E01A
:10C4B000144602E0234622461C4642B3136813B1D9
:10C4C000394628469847002CF4D0E368002BF2D078
:10C4D0000C3BF0E70820AFE7384612F0A7FE014614
:10C4E0003A462846FCF72CFFBFE70C3B22461C4689
:10C4F0006AB1536813B13946284698472CB1E368AE
:10C50000002BF2D1F2E71446F2E72346EEE730467D
:10C5100012F0A8FF6B7B072B00D0F8BD6A7AAB7ACC
:10C520009A42FAD0284613F044FBF6E7187100202F
:10C5300038B504460F4B1860FFF72EFDA4B1002458
:10C5400010E04FF4B8730C4D03FB04552B1DD3E8DA
:10C55000AF3F13F0400F04D02846FFF7A5FC01467B
:10C5600018B90134002CECD038BD284613F02BFB51
:10C57000F7E700BF84720020F8310020F8B50B8A7D
:10C580000BB90020F8BD05460C46A0F1EC060121D0
:10C5900004F10C000EF012F90746A5F1E803D3E808
:10C5A000AF3F13F0100FECD101780E29E9D8194BE9
:10C5B00053F83130CBB1A5F1EC0012F097FFC8B1C0
:10C5C000218A3A78134B03EBC2031B7999421BD1A2
:10C5D000104B53F832302146304698470146002828
:10C5E000CFD0304613F0EFFACBE70721304613F0F7
:10C5F000EAFAC6E7304612F02FFF0028C1D0082122
:10C60000304613F0E0FABCE70A21304613F0DBFABB
:10C61000B7E700BF20BC04002DE9F04184B0044618
:10C62000D0F8EC60CD6890F8E93023F0020380F890
:10C63000E9302B7823B1AB7903F0C003C02B7ED156
:10C6400006F1700707222946384609F08DF970B1C6
:10C650002946307A00F09EF9804640B101462046D6
:10C6600012F087FE00286CD0404613F0D6FC231D44
:10C67000D3E8AF3F13F4005F0CD194F8E93013F026
:10C68000040F4DD1B4F8E830002B52D0002004B094
:10C69000BDE8F0813A46317A022013F0A9FC8046C9
:10C6A000002850D0F37883B906F17E031A78012A66
:10C6B00004D19A7902F0C002402A09D041462046AE
:10C6C00013F0D7F90028D8D0E1E706F17703EDE7BA
:10C6D000D3F80120C8F83E20B3F80530A8F842305E
:10C6E00096F87030002BE9D096F8763003F0C0034E
:10C6F000C02BE3D001970295CDF80C8001AA134915
:10C700000120FCF74DFC2B68C8F80130AA88AB79F2
:10C71000A8F8052088F807303046FCF7DBFDCDE7A8
:10C72000D4E8EF3F43F48063C4E8E23F002AA9D095
:10C73000F6E700212046FFF775FE0020A7E70A2054
:10C74000A5E70820A3E70820A1E700BFA1F40300A4
:10C7500008B512F031FD054B187020B10448FCF704
:10C7600019F8002008BD6FF00100FBE7EB7C00200A
:10C77000EC19002008B544220021024809F066F8AF
:10C7800008BD00BF887200202DE9F04180460F46A9
:10C790000125002424B13DB300263046BDE8F081D8
:10C7A00004EB04131F4A02EB830612F823304345BF
:10C7B00003D0012D0AD00134ECE730460722394678
:10C7C000013009F0D1F80028F3D1E6E704EB0413B7
:10C7D000144800EB830007221349013009F0C4F824
:10C7E0000028E8D12546E6E705EB05130D4A02EBE4
:10C7F000830602F823803B68C6F80130B988BB790C
:10C80000A6F80510F3711123337305EB05139B0094
:10C81000083313445A1D0221597100235370937039
:10C82000BBE700BF88720020FCB80400F8B50546DD
:10C830000E461746002404B1F8BD04EB0410064B65
:10C8400003EB80035B8A1D4204D03946024B03EBA5
:10C850008000B0470134EEE78872002008B500225E
:10C8600002490220FFF7E2FF002008BDD5FF0300C8
:10C87000F8B505460E46174600240CB10020F8BD59
:10C8800004EB04100D4B03EB80035B8A1D4204D0C4
:10C890000A4A12F82030B34201D00134EDE702EB2E
:10C8A000800007223946013009F05EF80028F4D1F3
:10C8B00004EB0414014800EB8400E0E788720020D8
:10C8C000F8B50B78012B60D106460C468B7903F046
:10C8D000C003402B05D100252DB1002535B3002024
:10C8E00054E0002052E005EB0512294B03EB8203D4
:10C8F0005B8A13F0020F05D01346254A12F8233045
:10C90000B34201D00135E7E705EB05118900383165
:10C91000114406221144601C09F026F80028F1D1C8
:10C9200005EB05151A4800EB85002FE005EB051215
:10C93000174B03EB82035B8A13F0020F05D01346FB
:10C94000134A12F823309E4201D00135C6E705EBA9
:10C950000510800028301044671C394606300EF060
:10C960009AFD0028F1D005EB05139B0038330848E9
:10C970000344D4F80120C3F80620B4F805205A81F6
:10C9800005EB051500EB850000E00020F8BD00BFB9
:10C990008872002070B506460D4600240CB10020B8
:10C9A00070BD04EB04130C4A12F82330B34201D0DB
:10C9B0000134F3E704EB041302EB8300072229465A
:10C9C000013008F0D1FF0028F2D104EB0414024832
:10C9D00000EB8400E4E700BF88720020F0B59BB054
:10C9E00084460E4615461C460DF1300E3F4F0FCFC4
:10C9F000AEE80F000FCFAEE80F000FCFAEE80F008C
:10CA000097E803004EF8040B8EF800100CF11F009D
:10CA1000EC46202304E010F801290CF8012B013B1F
:10CA2000002BF8D108AB20226946314800F0B4F859
:10CA30000746002841D106F10F010DF13503102200
:10CA400004E011F8010903F8010B013A002AF8D1BA
:10CA500005F10F020DF14503102104E012F8010960
:10CA600003F8010B01390029F8D1234613F8062BEE
:10CA70008DF855200DF15602062104E013F8010946
:10CA800002F8010B01390029F8D1209B13F8062B7D
:10CA90008DF85C200DF15D02062104E013F8010918
:10CAA00002F8010B01390029F8D1219B35220CA98C
:10CAB00008A800F071F8074610B138461BB0F0BD69
:10CAC0001021219813F07FFB01238DF83030229B39
:10CAD00035220CA908A800F05FF807460028ECD121
:10CAE0001021229813F06FFBE7E700BF34890400A0
:10CAF000B4BC040030B599B01C9C1F300DF1100C73
:10CB0000202504E010F801E90CF801EB013D002DAF
:10CB1000F8D11F310CA8202504E011F801C900F854
:10CB200001CB013D002DF8D10F3314A9102004E0F2
:10CB300013F8015901F8015B01380028F8D10F32D0
:10CB40006B46102104E012F8010903F8010B0139CA
:10CB50000029F8D168466B46502204A900F01CF861
:10CB6000A0B9039A2260130A03F47F4343EA1263D5
:10CB7000110201F47F010B4343EA0263044AA2FB62
:10CB80000312920C034901FB1232226019B030BD2E
:10CB900083DE1B4340420F002DE9F0438FB0064671
:10CBA0000F469046994606AC0025069507950895D0
:10CBB00009950A950B950C954FF41053ADF8183064
:10CBC0008023ADF81A304FF44063049304A813F0A7
:10CBD000C8FB049B0893134B09930DAB10223146FD
:10CBE000204619F0EBF8A0B905AB0293102301938E
:10CBF000CDF8009043463A460A490D9819F013FAC9
:10CC000004460D9806F042F934B940B90FB0BDE8BA
:10CC1000F0836FF00400F9E76FF00400F6E76FF0BF
:10CC20000400F3E70002C0034FF0000C944515D256
:10CC300010B411F80C3043401809094C205680EA12
:10CC40000310C3B2C0F30310205C1B01DBB25840D9
:10CC50000CF1010C9445ECD310BC7047704700BF39
:10CC6000C4BC040030B583B00C4601A9F6F7FAFE47
:10CC7000054610B1284603B030BD202322460021CE
:10CC800001980CF0F9FC054601980CF0F4FC002D1D
:10CC9000F0D122682189054B9A4204D11F29E9D895
:10CCA0006FF00405E6E76FF00405E3E73DB8F3969F
:10CCB000142817D838B502460C460C4B13F8101040
:10CCC00000252068A1FB000C03EB42035A782B4699
:10CCD000D4F804E001FB0EC1EDF726F8C4E9000129
:10CCE000284638BD6FF01500704700BFD4BC040063
:10CCF000C9B1C1F30D028B0B012B11D0012312FB23
:10CD000003F292B20C4BA3FB0213DB08013B9BB274
:10CD1000B3F5A07F0AD27C2A0BD94380002070474C
:10CD20004FF47A73EBE742F21072EBE76FF0150005
:10CD300070476FF015007047D34D62104068044B88
:10CD400093F850301840003818BF0120704700BFDA
:10CD50004803002010B54468214B93F851C093F864
:10CD6000500093F898300BB9012325E05FFA84FE58
:10CD70001EEA0C0F0CD100230DE031F9103003EB4B
:10CD8000D3735B1021F8103001308242F5DC10BD06
:10CD90000020FAE701339A42F9DD31F91300002847
:10CDA000F8DA002021F81300F4E7B1F90020002A96
:10CDB00013DB02315B009BB29842E8D3E2B21A4225
:10CDC000F8D01842F5D01CEA030FEED0B1F90020DC
:10CDD00002EBD27252100A80EBE700220A80E8E7E9
:10CDE0004803002008B5044B93F8983003B108BD00
:10CDF000024805F0B7F9FAE748030020A80300202D
:10CE00000F4B93F89830CBB910B5044631B90C4BA1
:10CE10009A6D93F8521002EB41029A65084B93F811
:10CE20005210986D02F0BAFF00B910BD6FF0040304
:10CE3000636204F1140003F035FFF6E7704700BFAA
:10CE40004803002010B590F83A301BB1084803F0B1
:10CE5000B9F810BD044603F009F80028F9D06FF0C6
:10CE60000403636204F1140003F01CFFF1E700BF48
:10CE700075CE020010B5037883B904461148FFF758
:10CE80005DFF20B91049114813F0B9FB10BD0F48E0
:10CE90002289816D2830FFF75DFFF3E7022B05D073
:10CEA000052BF3D10A4803F0FDFEEFE702F0DEFFA9
:10CEB0000028EBD005486FF004034362143003F000
:10CEC000F1FEE3E770030020AC7D0400480300207E
:10CED0005C03002000B583B0114B93F8983093B9F0
:10CEE000C36B1F332CBF012200225B0943EAC263DC
:10CEF000520900930192002200230A4805F0F8F835
:10CF000003B05DF804FB02F0B1FF0028F8D004483C
:10CF10006FF004034362143003F0C4FEF0E700BF77
:10CF200048030020A8030020F0B583B04F687B1EA3
:10CF3000FE2B00F287800E460024254603E00134D4
:10CF4000E4B2072C0DD827FA04F313F0010FF6D042
:10CF500002F092FEE04010F0010F76D00135EDB204
:10CF6000EDE7002D74D00DF10701304613F0CEFA35
:10CF7000034610B1184603B0F0BD0DF10602294674
:10CF8000304613F0DFFA03460028F3D1012D04D117
:10CF9000336813B15A68002A31D02F4B002283F82E
:10CFA00098202E4B9DF806209DF80710384602F079
:10CFB00069FE0346002BDDD12946304613F0F9FA0D
:10CFC00003460028D6D1244B83F85250B0689865A8
:10CFD00093F89830002B33D033689D890135A9B27E
:10CFE00002F0DCFE03460028C4D11B4C314620462B
:10CFF00013F04AFB204613F0F5FA0346BAE71B6824
:10D00000802BCAD8002BC8D09DF806308DF8003090
:10D0100000238DF8013033681B881B01013BADF8FC
:10D02000023001238DF804300B4A82F898300B4B04
:10D030006A469DF80710384602F056FE0346B9E7E7
:10D040002946CDE76FF0150394E76FF0150391E7DC
:10D050006FF015038EE700BF4803002075CE020075
:10D06000F8B504460D46F6F71DFB064608B13046F6
:10D07000F8BD094F00221146384613F0AAFA294696
:10D080002046FFF751FF0646381D03F00BFE2046F1
:10D090000CF045FAEBE700BF4803002010B584B060
:10D0A0000C4600230193029303934B798DF80C30C7
:10D0B0000B7913F0200F04D08B797F2B02D1FF2343
:10D0C00000E0FF238DF80D302379C3F304028DF8BF
:10D0D0000E2003F01F03072B63D8217801A813F05B
:10D0E000D9F9034610B1184604B010BD617801A803
:10D0F00013F0FDF903460028F5D1618801A8FFF778
:10D10000F7FD03460028EED1237913F0200F2AD033
:10D11000A3797F2B0ED001238DF80830224890F898
:10D120005020217901F01F018B4022EA030380F88F
:10D13000503031E000238DF808301B4A92F850003F
:10D14000237903F01F03012101FA03F3034382F85B
:10D15000503092F85130207900F01F0081400B438D
:10D1600082F8513018E000238DF808300E4A92F80A
:10D170005000237903F01F03012101FA03F3034355
:10D1800082F8503092F85130207900F01F00814031
:10D1900023EA010382F8513001A816F007FC034688
:10D1A000A1E76FF015039EE74803002010B5044681
:10D1B00000220C490C4818F020FA002002F03EFD35
:10D1C00060B900220121D5200CF0F2FF074813F0CE
:10D1D00053FA074920460CF034F910BD6FF00400F3
:10D1E000FBE700BFF5D10200A803002048030020A0
:10D1F000CF05040008B5024813F071FA08BD00BF5E
:10D2000048030020024B0122C3F80424704700BFEA
:10D21000002008E0094BD3F80C3403F480330146B6
:10D2200018B1B3FA83F2520902701BB10B781BB12B
:10D2300000207047002070470120704700E0105028
:10D240000048704720730020034BC01A8010034B26
:10D2500003FB00F0704700BFE0720020B76DDBB643
:10D2600038B505460C46FFF7EFFF0146402203485C
:10D2700013F0B7FA01462846A04738BDAC7C04003D
:10D2800030B583B005460C46FFF7DEFF014640236C
:10D2900000932346054A064813F0BDFA011E01DB40
:10D2A00003B030BD2846A047FAE700BF5F0804007E
:10D2B000AC7C040008B5022805D0042802D104483B
:10D2C00013F0D5FA08BD0121014813F078FAF9E707
:10D2D000AC7C040010B582B0EFF31184402383F3DB
:10D2E0001288BFF36F8F134A136843F00201116075
:10D2F00013F0010F09D1002384F31188BFF36F8F5E
:10D3000093B913F0C3FA02B010BD0DF10700FFF797
:10D3100081FF9DF807300BB10023EDE7FFF790FF89
:10D3200013F03BFA0123E7E70021034813F047FA23
:10D33000E9E700BF30730020AC7C040010B5EFF3C8
:10D340001184402383F31288BFF36F8F074A136859
:10D3500023F00201116013F0010F04D084F311884F
:10D36000BFF36F8F10BD13F096FAF7E7307300200C
:10D3700070B50546012806D12B4BD3F8503403F085
:10D380000303012B49D017F00DFE044610B9274BBB
:10D390001B789BBBEFF31186402383F31288BFF306
:10D3A0006F8F0124204BD3F84C24D3F84C3403F076
:10D3B000030312F4803F03D0012B29D0012D27D085
:10D3C00014B330460CF021FF174BD3F8403413F060
:10D3D000FF0FE7D1144BD3F80831002BE2D0124BEA
:10D3E0000022C3F80821D3F808210122C3F8402401
:10D3F0000F492020C1F8A0011A61D3E70A4B04228B
:10D40000C3F808230026CDE7012013F049FADBE733
:10D4100024B186F31188BFF36F8F70BD024B0422D5
:10D42000C3F80423F9E700BF00E01050F17C0020AE
:10D4300000E100E000B585B06B46CDF800D0CDF836
:10D4400004D00022029201220392074A13F0FFF94E
:10D45000002805DB43F609520023684603F058FC18
:10D4600005B05DF804FB00BFFD080400F8B50646F2
:10D470000022012140F205100CF09AFE114801F043
:10D4800099F9D8B9074615F0D7F9002403E001232C
:10D49000AB601C44E4B2012C0ED82146304613F098
:10D4A0002EF905462146304613F034F906490AF0B4
:10D4B000DEFE031EEBDA1F463846F8BD6FF00407A8
:10D4C000FAE700BFB5D2020000BD040008B5C1B242
:10D4D000014813F01FF908BDAC7C040010B50446E8
:10D4E0000E4B0121D3E8EF2FC3E8E01F0028F9D14C
:10D4F0001AB1631E012B0DD910BD094813F00AF9AA
:10D50000084900234B608B60CB6001238B600AF0DD
:10D51000CBFEEEE72046FFF72BFFEDE7DC720020A5
:10D52000AC7C0400CC72002010B5044C2046F7F708
:10D53000E7FB2046F5F73EFE10BD00BF5DD50200BB
:10D5400008B5054817F03CF918B1FFF7EDFF0020CA
:10D5500008BD6FF01200FBE76C7D040038B504468F
:10D560000C48F6F79FF800280CDB0A2C0CD0E1B22F
:10D57000084DAB68DB6928469847202200232846DF
:10D580000CF055F8204638BD02488368DB690D2150
:10D590009847ECE76C7D0400074BD3F8183413F080
:10D5A000010F07D1C1F3080121B1034B01229A6099
:10D5B000BFF35F8F704700BF00B00450024A0023E2
:10D5C000C1E900230020704700D0170000487047D1
:10D5D0001CBD0400024B0B6001231360704700BFA9
:10D5E00024BD040000B587B002910390049201238A
:10D5F0008DF81430064B009302AB01934FF4FA50B0
:10D6000001F040F9684601F043F907B05DF804FB0A
:10D61000230A040000290FDB10460C4A91420ED861
:10D62000C1F5BE1202F5805293420BD808B51A46D6
:10D63000ECF704FB002008BD6FF0150070476FF099
:10D64000150070476FF01500704700BFFFCF17003F
:10D6500030B583B004461546124B1B88ADF8043034
:10D660009DF8043043F400530F4AC2F8003599B1D5
:10D670002A46ECF7E3FABFF35F8F29462046FFF70F
:10D680008BFF00238DF804309DF805301B02064AFD
:10D69000C2F8003503B030BD2A46FF2108F0D6F8A5
:10D6A000E9E700BF6C89040000B0045070B5041EA7
:10D6B00028DB0E461546184B9C4227D8C4F5BE13EE
:10D6C00003F580539A4224D80AB900241CE04FF095
:10D6D000FF324FF0FF33114803F01AFB15F0B9F891
:10D6E00048B12A4631462046FFF77CFF04460B48E6
:10D6F00003F0D8FA08E02A4631462046FFF7A8FF93
:10D700000024F4E76FF01504204670BD6FF0150497
:10D71000FAE76FF01504F7E7FFCF17003473002026
:10D7200000B583B0012211460B4817F0F8F901F05B
:10D730009FF80A4B5B6801939DF8063053B14FF098
:10D74000004343F08003064AC2F80C35002003B0C2
:10D750005DF804FB0023F4E7347300206C890400B7
:10D7600000B00450036803F01F0202605B09012B44
:10D7700004D0022B04D02BB90348704703487047EC
:10D78000034870470020704700A0105000820D50E1
:10D7900000040550022806D0012806D008B9044824
:10D7A000704700207047034870470348704700BF28
:10D7B000CC7C04000C7D0400EC7C040038B50446ED
:10D7C0004568284613F04AFA20B9114920460BF063
:10D7D00038FE38BDA86815F00BFF0028F5D10021F0
:10D7E000A86815F001FF80B900220A49A86815F061
:10D7F000F3FE00220121DB200CF0DAFC00220121E3
:10D8000040F20D100CF0D4FCDFE76FF00400E0E70D
:10D810001D0D0400FF0C0400204BD3F8003613F05C
:10D82000010200D0012213F0060F01D042F01002D5
:10D8300013F0800F01D042F4807213F4807F01D086
:10D8400042F0800213F4806F01D042F0200213F006
:10D85000400F01D042F0020213F4007F01D042F0E9
:10D86000800213F4805F01D042F0800213F0080FB1
:10D8700001D042F0200213F0100F01D042F020023C
:10D8800013F0200F01D042F0200213F4006F01D0FA
:10D8900042F4006202600020704700BF00E01050B8
:10D8A000034B4FF0FF32C3F800260020704700BF43
:10D8B00000E0105008B5054B054A9362054A1A600E
:10D8C00000220121C7200CF073FC08BD78730020F2
:10D8D000081A002000700C5038B505464468A3694A
:10D8E00098470121E06913F06AFC2B462269214622
:10D8F000A06A16F0BEF9002804DB044928460BF0A4
:10D90000A0FD38BD6FF00400FBE700BFF312040078
:10D91000036803F01F0202605B09012B04D0022B95
:10D9200004D02BB903487047034870470348704739
:10D930000020704700A0105000820D5000040550D8
:10D94000F0B583B001900C4617461E4601A8FFF7BC
:10D95000DFFF0199203150F82130094D1D4044EA84
:10D96000470444EA86039DF8202043EA02239DF8F9
:10D97000242043EA02432B4340F8213003B0F0BD9A
:10D98000F0F0FCFF2DE9F04F83B006460F469046BD
:10D990000024BC4280F08C804FEA840956F8243081
:10D9A000C3F3C320C3F30805082800F28380454A67
:10D9B00012F800A040F2FF1295420ED01A0EB3F1F9
:10D9C000506F0DD20C2A78D8DFE802F030363D4394
:10D9D000777777777777774A54004FF0FF35EDE721
:10D9E000382A20D10421284613F0CDFC4FF0010B3A
:10D9F0004FF0FF31B5F1FF3F12D0B1F1FF3F4FD1F2
:10DA000056F8093013F4004F4ED15A4600210191C7
:10DA1000CDF800A0C3F3412359462846FFF790FFF5
:10DA20000134E4B2B5E76FF0850048E0C8F8045669
:10DA30004FF0010B5946DDE7C8F80C564FF0000BCC
:10DA40004FF0FF31D6E7C8F810564FF0010B59469A
:10DA5000D0E7C8F808564FF0000B4FF0FF31C9E788
:10DA6000C8F80056BAF1000F0ED04FF0000B4FF07F
:10DA7000FF31BFE7C8F80456BAF1000F0AD04FF0E3
:10DA8000000B4FF0FF31B5E7D3464FF0FF314FF0B9
:10DA9000080AAFE7D3464FF0FF314FF0080AA9E775
:10DAA000284613F068FCABE701224FF0000BADE70E
:10DAB000002004E06FF0150001E06FF0850003B076
:10DAC000BDE8F08F94BD040010B500240CB1002017
:10DAD00010BD01224FF48051034B53F8340001F084
:10DAE00033F90134F2E700BFA0BD040008B5426875
:10DAF000054B1B7803B908BD90684FF0FF324FF01B
:10DB0000FF3302F0C1FFF6E7F17C002008B5426860
:10DB1000034B1B7803B908BD906803F035F8FAE7AA
:10DB2000F17C002008B584464FEAE17EA1FB0001AC
:10DB3000054A00230CFB0E11ECF746F940F2FF33C7
:10DB4000984228BF184608BD40420F002DE9F8430F
:10DB500004460E46476817F025FA20B9274B1B7874
:10DB6000C3B1002300E00123D4F810806268D2F82A
:10DB7000009003B3EFF31185402383F31288BFF3C2
:10DB80006F8F204613F069FC30B985F31188BFF31D
:10DB90006F8FEFE70123E7E7D8F800307BB1D3F8C8
:10DBA000A42062B1D3F8B420002A08DAD9F84427B7
:10DBB000C3F8B42003E0204613F09BFD0546D8F8D7
:10DBC000083013F0080F10D0FB6A1E700122F96AAA
:10DBD000204613F04BFC4FF48053C9F8043385F30F
:10DBE0001188BFF36F8FBDE8F88343F00803C8F8CE
:10DBF00008302046F5F756FDE6E700BFF17C00202F
:10DC00002DE9F04F83B09946D0F810B0DBF8004012
:10DC1000D0F804A0DAF800509AF80830002B40F051
:10DC20008B8007468846164694F86330002B40F0F8
:10DC3000868094F86430002B40F08480B9F1FF3F77
:10DC400034D04946DAF81000FFF76CFFC5F87805C4
:10DC5000D5F8003243F00053C5F8003229EAE973E1
:10DC6000DA171F3342F100025B0943EAC26352092B
:10DC7000A365E265C4F8408066640023A364E3649E
:10DC800023653846F5F70EFD94F861709FB9C5F825
:10DC90000487C5F808672D4BC5F80433012384F8C1
:10DCA0006330AB62002003B0BDE8F08F0022002398
:10DCB000C4E91623DEE7B74228BF37463A46DAF80A
:10DCC00028104046EBF7BAFFB844F61B10D0B9F164
:10DCD000FF3FDCD00023C5F81031D5F8103104F136
:10DCE0000800D4E91623CDE9002304F001FACEE7B9
:10DCF00094F86120D21BD2B284F86120DAF82800AF
:10DD0000C11907F0BBFC0BF1080BDBE8EF3F43F058
:10DD10000403CBE8E23F002AF7D1C5F30F32C5F385
:10DD2000083502F01F026D09012393404035084A6F
:10DD300042F825300020B6E76FF08500B3E76FF0BA
:10DD40000F00B0E76FF00F00ADE700BF2002180032
:10DD500000E100E038B5044605692868002208495A
:10DD6000083017F04AFC2B68DC632868002205495C
:10DD7000683017F042FC2B68C3F89C40002038BD87
:10DD8000171B04004718040038B5044645680121F4
:10DD9000E86813F06AFE636818686B69C0F8243598
:10DDA00005F1180113F042FB23691B6823B12046DB
:10DDB000FFF7D0FF002803DB204613F051FC00B131
:10DDC00038BD024920460BF03CFBF9E7DD1A0400A0
:10DDD00010B586B0044603691A6801A900230193AF
:10DDE0004B608B60CB600B614FF0050C8DF804C06D
:10DDF00082F8633043681B68054AC3F8082313F0B0
:10DE000043FB0022002320460BF011FC06B010BD9E
:10DE10003002180038B501248440E243094BD3E8AE
:10DE2000EF5F05EA0201C3E8EC1FBCF1000FF6D179
:10DE3000C0B201F0F5FB04EA0500003818BF01206C
:10DE400038BD00BFDC73002001B9704708B501235D
:10DE50008340064AD2E8EFCF4CEA030CC2E8E1CF98
:10DE60000029F7D1C0B201F0F1FB08BDDC7300203E
:10DE700038B50E4C21686568501A63EB050C4009F3
:10DE800040EACC604FEA401C11EB0C0145EBD06539
:10DE90002160656006490A604B60064B002400253E
:10DEA000C3E9004514F03BF838BD00BF48340020FA
:10DEB000303400204034002008B500220121E42045
:10DEC0000CF076F9164AD2F8183723F44033C2F82A
:10DED0001837002001F0ECF9002820DB114901205F
:10DEE00001F04AFA00281ADB01F0BAF920F01F000D
:10DEF0000D4B186059600D4B186059600C4B4FF07A
:10DF0000FF304FF0FF31C3E90001002209490A4BFD
:10DF1000187A01F0B3F9094B67221A60002008BD96
:10DF200000200E50601A00204834002028340020C1
:10DF30003034002071DE0200581A0020DC7300200B
:10DF40002DE9F04786B005460E4601F097FA002805
:10DF500000F0958001F084F9074689460DF10C0820
:10DF6000404615F0FEFB049C039B1C44474B03FBFF
:10DF700004F4E40B04F57A7400238DF81430404661
:10DF800001F0DEF9A54276F100037BD3EFF31184B3
:10DF9000402383F31288BFF36F8FA0463C4815F0EF
:10DFA000DAFB002831DBDFF8E8A09AF8000001F086
:10DFB00037FB720142EAD5626B015B1B62EB060222
:10DFC000520242EAD3525B025B1946EB0202910114
:10DFD00041EA93619801C01A61EB020140192B4A92
:10DFE0004FF0000346EB0101EBF7EEFE3A184FF05D
:10DFF00000030193009349EB01039AF8000013F02A
:10E0000075FF002808DB67240FE084F31188BFF355
:10E010006F8F06B0BDE8F08784F31188BFF36F8F70
:10E02000F7E70120A84024EA00045CB194FAA4F5C3
:10E03000B5FA85F5164B1B78AB42F2D0284601F0B5
:10E0400025FAEEE7124B1A789200124B9B587BB9D7
:10E05000114BD3F8A4060D4B03FB00F0C00B4D3061
:10E0600016F08AFB88F31188BFF36F8F0020D0E78A
:10E0700088F31188BFF36F8F6FF01500C9E76FF059
:10E080008500C6E76FF01500C3E700BF40420F00F0
:10E09000F07C002000210E5000200E5008B501F049
:10E0A000DFF8064A13685268C01A61EB0201044B9C
:10E0B00018605960400940EAC16008BD483400203A
:10E0C0004034002008B501F08DF90120FFF7FEF97A
:10E0D0000AF040F9074A084B1B680849A1FB0313E3
:10E0E0009B0C4FF47A7003FB00F042F00103984759
:10E0F00008BD00BF808C0400641A002083DE1B432F
:10E10000F0B583B00146254B187A254B1C685D6835
:10E11000244B1A685B689D4208BF94422BD0CB17F2
:10E120005B0143EAD16349011F4E32687668DFF82C
:10E130007CC0DCF80070DCF804E012EB070C46EB66
:10E140000E0E11EB0C0243EB0E0315490A604B60F7
:10E15000944275EB03011ED2B4EB0C0465EB0E0583
:10E16000C82C75F10005B4BF01210021009101F018
:10E17000B5F903B0F0BDB1F1806FD0D2490100D143
:10E180000121074B0C1945F100051C605D6001225F
:10E1900001F024FAEDE70021E8E700BF581A00205B
:10E1A000383400203034002048340020403400202F
:10E1B00008B502460B46024802F066FC08BD00BFE7
:10E1C000501C002008B5024802F0DEFC08BD00BF6C
:10E1D000501C002010B503460A46034881680C68AD
:10E1E0001946A04710BD00BF4C7D040030B585B076
:10E1F00001AD002401940294CDF80B4000910A2255
:10E200000146284607F0DEFB009A2946074809F038
:10E21000BDFE074809F0BAFE84F31188BFF36F8F83
:10E220000323184602DF05B030BD00BFF8B204007A
:10E2300010AA040008B5124B93F800312BB911490C
:10E24000A1F5807013F08CFEC8B90D4991F800213A
:10E250000D4813F003FF10F1690F10D038B10023FF
:10E2600083F31188BFF36F8F0423184602DF044B3A
:10E27000002283F800210549054816F0C3FD08BDBA
:10E28000E4730020E47400208C7D0400E874002016
:10E29000683F002008B50D4B93F80031042B04D0E3
:10E2A000022B0AD0082B0CD008BD10F0020FF7D0BB
:10E2B0000749084816F0A6FDF6E710F0080FF7D159
:10E2C000F0E710F0200FEFD0F2E700BFE47300207A
:10E2D000E8740020683F002008B50548E2F7A6FD75
:10E2E00000B108BD13F0D0FE13F0DCFEF9E700BF6B
:10E2F000EDE1020038B504464FF0FF304FF0FF313A
:10E30000FFF756FF054608B1284638BDE068EBF731
:10E31000D4FE0546FFF756FF002DF5D0024903480D
:10E3200016F070FDF0E700BFE8740020683F0020A1
:10E3300038B505464FF0FF304FF0FF31FFF738FF9B
:10E34000044608B1204638BDE86800F04FF904469D
:10E35000FFF738FF002CF5D10249034816F052FDB3
:10E36000F0E700BFE8740020683F002070B588B077
:10E3700006460D462549264816F0E7FC03A8EBF7AC
:10E3800046FD244816F01CFA002839D0224B02938F
:10E3900002A8E3F76FF9B0BB4FF0FF304FF0FF3149
:10E3A000FFF706FF044610B1204608B070BD1B49B8
:10E3B0001B48E2F7B7FD0446A8B941F64C53019358
:10E3C00001A8E4F7F7F988B901238DF80030684611
:10E3D000ECF727FD78B9FFF7F5FE33691D601148AA
:10E3E000F8F798FAE0E7FFF7EDFEDDE7FFF7EAFE62
:10E3F0006FF08504D8E7FFF7E5FE6FF08504D3E7FB
:10E400006FF01204D0E76FF01504CDE7812004000F
:10E41000E87400204C7D0400D5E102005034002057
:10E4200035E2020095E2020042F26403984256D0BF
:10E430002ED842F2190398421DD842F20D03984299
:10E440000BD240F2064398424BD040F21D43984213
:10E4500001D00120704700207047A0F500500D3812
:10E4600080B241F24123C34013F0010F01D10120DA
:10E4700070470020704742F23203984235D036D3BD
:10E48000A0F50150033880B2012832D9012070472D
:10E4900042F28503984216D842F2680398420AD3A2
:10E4A000A0F50150283880B2144BC34013F0010F7F
:10E4B00019D00020704742F26603984201D0012033
:10E4C0007047002070474FF60253984213D04FF622
:10E4D0000A53984201D00120704700207047002065
:10E4E00070470020704701207047002070470120CE
:10E4F0007047002070470020704700BF2F804020E9
:10E50000F0B583B004460F464378057845EA032505
:10E5100004238DF80630344B1E683EB10DF107031D
:10E520000DF10602B0470646012849D1AB0AB5F500
:10E53000105F0AD21AB2CAB3013B072B38D8DFE802
:10E5400003F01037151D2537372D3F2B07D10DF15F
:10E5500006023946204613F08FFF064629E00126C1
:10E5600027E0204613F073FE064622E00DF1060276
:10E570003946204613F082FE06461AE00DF10602E7
:10E580003946204614F0AFF8064612E00DF10602B7
:10E590003946204613F032FE06460AE00DF1060227
:10E5A0003946204613F0ADFE064602E0012600E0A3
:10E5B00001262846FFF738FF80F001008DF807009C
:10E5C0009DF807300BB9012E06D132462946384650
:10E5D00013F0F0FD03B0F0BD33469DF80620294648
:10E5E000384613F0F0FDF5E7F8740020074B1B7870
:10E5F0004BB910B5064C2146FFF782FF012304F802
:10E60000013C002010BD4FF0FF307047FC7400202B
:10E61000FD74002038B50C46084B1B7813B9EBF796
:10E6200057FD38BD054DAA780232691CEBF706FB91
:10E630000020287004232370F3E700BFFC7400203F
:10E6400038B505460C46094816F0BAF880F00103C3
:10E6500013F0FF0F06D1A2B2044883681B68294655
:10E66000984738BD6FF01200FBE700BF4C7D0400F7
:10E6700008B54FF40071024803F09CFF08BD00BFCD
:10E680004475002000B583B014F079F88DF80000CF
:10E690003223ADF8043000238DF806308DF80130B8
:10E6A0008DF80230094A1C216846EAF72DFF10B1A7
:10E6B00003B05DF804FB12F02EF980B2E9F758FBC5
:10E6C00001210348EEF7E2FDF2E700BFD5E60200C4
:10E6D0004877002030B585B001AD00240194029444
:10E6E000CDF80B4000910A220146284607F06AF94E
:10E6F000009A2946074809F049FC074809F046FCFA
:10E7000084F31188BFF36F8F0323184602DF05B02F
:10E7100030BD00BF2CB3040010AA040008B50249A4
:10E72000024816F06FFB08BDAC770020683F002060
:10E730000122054B1A63A3F54323D3F818050349B7
:10E740000860C3F81825704700E01050A877002033
:10E75000044B01225A63044B1A68044BC3F8182572
:10E76000704700BF00E01050A877002000B00450B0
:10E7700008B530B1022803D1044B1B680420984728
:10E7800008BD024B1B6800209847F9E7BC770020C2
:10E7900008B530B1012803D104490020E9F7E0F9B8
:10E7A00008BD034B1B6802209847F9E771E7020098
:10E7B000BC770020014B186000207047BC77002018
:10E7C00008B5064B002283F82120054A9A6203F11E
:10E7D0001C01187CEEF79BFD08BD00BFC077002030
:10E7E000FF3F420F08B51E4BD3E8AF3F9BBB062946
:10E7F00015D805292BD281B91A4B9B691A6858681C
:10E8000090470346012813D0174A904225D0154857
:10E810004363022300F82C3F07E0002005E00729AE
:10E8200004D1104802F03EFA002008BD0020FCE7A9
:10E830000C48012380F8213042F2107383620323D5
:10E8400080F82C3000F11C0303632C30EDE7FFF758
:10E85000B7FF0020E9E70020E7E70448E5E700BF4D
:10E86000F8770020C07700201F646602EC77002054
:10E8700008B501220021024816F051F908BD00BF79
:10E88000C0770020014B5861704700BFC07700205F
:10E8900038B505464FF0FF304FF0FF31FFF788FCE9
:10E8A0002D492E48EAF726FD0446FFF78BFC002C85
:10E8B0004FDB2B4C00222277012384F8203084F890
:10E8C000213063696433636242F21073A362A5610D
:10E8D0006FF07303636304F13803D3E8EF1FC3E8F9
:10E8E000E02F0028F9D14FF0FF304FF0FF31FFF754
:10E8F0005FFC04F11C01207CEEF709FDFFF762FCD0
:10E90000184A0023204602F003FA002812DB4FF0D9
:10E91000FF304FF0FF31FFF74BFC114C207CEEF73E
:10E92000D8FCFFF74FFC3834D4E8AF3F63B90C4B49
:10E93000586B38BD04F138030122D3E8EF1FC3E858
:10E94000E02F0028E3D0F8E7A4F1380002F008FA3D
:10E95000EDE76FF00B00ECE7D0770020E5E7020071
:10E96000C07700200E720B0003690C2918D110B477
:10E97000196881EAE173A3EBE173980803F00303DC
:10E98000094C04FB03F3002904DB106053600020F2
:10E9900010BC7047404210605B4253600020F7E7B4
:10E9A0006FF08500704700BF90D0030008B51022BB
:10E9B000034906F0D9FF08B1022008BD0120FCE799
:10E9C0004CBE040070B584B006468168103921F051
:10E9D0000F050AF0A7FE01461022684606F036FF32
:10E9E000074B0FCB8DE80F0010236A4629463046AF
:10E9F0000AF05CFE08B904B070BD0120FBE700BF5F
:10EA00004CBE040030B585B0440002A92E4B53F82B
:10EA1000240014F038F8002851D1013469462A4BFB
:10EA200053F8240014F02FF8012803D0002848D10F
:10EA3000002415E003238DF8003001228DF8012019
:10EA40008DF802308DF8033000238DF80430EFE7A5
:10EA50002B79042B29D09DF80A20934225D001342C
:10EA6000022C29D804EB4403184A02EB43059DF815
:10EA7000081012F8130013F028FF0028EFD09DF8BB
:10EA80000010687813F021FF0028E8D0AB78042B41
:10EA900003D09DF80B209342E1D1EB78042BD7D023
:10EAA0009DF803209342DAD1D2E76879831EDBB266
:10EAB000022B02D9FF2000E0012005B030BDFF206D
:10EAC000FBE7FF20F9E700BF30BE040038BE0400BA
:10EAD00010B582B00C464000013001A90A4B13F872
:10EAE0002000F4F7BFFF18B10124204602B010BD8A
:10EAF000221E18BF01220021019813F0F3FF0446E3
:10EB000001980AF0B8FDF0E730BE0400074BD3F8D7
:10EB10004023D3F844331C2A01D000207047012B36
:10EB200001D0002070470120704700BF00C0FF00E7
:10EB3000074BD3F84023D3F844331C2A01D00020DC
:10EB40007047012B01D0002070470120704700BFA3
:10EB500000C0FF00074BD3F84023D3F844331C2AEE
:10EB600001D000207047012B01D000207047012008
:10EB7000704700BF00C0FF00036813F0020F0DD004
:10EB8000036813F0010F0DD0074B0922C3F80C25C1
:10EB90000F22C3F8042501221A60FEE7034B03602D
:10EBA000EF3B0360704700BF00801050F000FA5048
:10EBB000036813F0020F0DD0036813F0010F0DD09E
:10EBC000074B0922C3F80C250F22C3F804250122A4
:10EBD0001A60FEE7034B0360EF3B0360704700BF22
:10EBE00000801050F000FA5008B50848FFF7C4FF45
:10EBF0000748FFF7C1FF0748FFF7DAFF0648FFF7AE
:10EC0000D7FF0648FFF7B8FF08BD00BF00C50D508D
:10EC100008C50D5010C50D5018C50D5000C70D503A
:10EC200008B53F4B0122C3F800283E4BD3F84033D0
:10EC30001C2B0AD0FFF7D8FF3B4AD2F88C3043F4A4
:10EC40004063C2F88C3000230DE0384BC3F80C242D
:10EC5000F0E7344A03F1800152F8310002EBC102BF
:10EC60005268026001333F2B0DD803F180022D4919
:10EC700051F83220B2F1FF3F05D003F1800251F884
:10EC80003220002AE5D1264BD3F840341BB9244B5F
:10EC9000C822C3F84024FFF74BFF48B1214BD3F8FB
:10ECA0003423234B9A4203D81D4B224AC3F84026F3
:10ECB000FFF750FF18B1204B204AC3F8AC27FFF7ED
:10ECC00025FF48B1164B3422C3F82426D3F83C263E
:10ECD00022F40022C3F83C26194BD3F8003613F077
:10ECE000010F04D0164B6FF00102C3F80026154B3C
:10ECF000D3F8182522F00302C3F81825D3F81825F5
:10ED000042F00302C3F818250749D1F88C2042F4D9
:10ED10004062C1F88C200022C3F8A02508BD00BFC6
:10ED20000000125000C0FF0000ED00E00030055070
:10ED3000001D0A1840E0A91E00A0085078000A042F
:10ED400000E0105000B0045008B5024B13F099FFDA
:10ED500008BD00BF7B2C040030B401F5A27150F84F
:10ED600021500E4C2C4040F8214050F8214041F6F3
:10ED7000F07C0CEA021C1B0403F440334CEA030C45
:10ED80009DF808301B0503F480134CEA030C44EA99
:10ED90000C0440F8214030BC704700BF0FE0ECFF8E
:10EDA000036803F01F0202605B09012B04D0022BF1
:10EDB00004D02BB903487047034870470348704795
:10EDC0000020704700A0105000820D500004055034
:10EDD00000B583B0019001A8FFF7E2FF019A20324D
:10EDE00050F82210044B0B4043F0020340F822304D
:10EDF00003B05DF804FB00BFF0F0FCFF30B585B058
:10EE000086460D4694460C4B93E8070004AB03E995
:10EE10000700734609E004AA02EB830252F80C2CA7
:10EE2000146A4CF8044B146201330EEB05029A424B
:10EE3000F1D805B030BD00BF748904004309034A0E
:10EE4000D35C00F01F001844C0B270475CBE0400E1
:10EE5000014B03EB80007047681A0020014B03EB65
:10EE6000C000704774BE040070B582B006460191C0
:10EE7000002500E00135022D17D80E4B5B5D03F035
:10EE8000070202A901EBD30313F8043CD34013F0AB
:10EE90000104EFD006EB850201212846FFF7AEFF03
:10EEA00056F82530002BE5D000E00024204602B0C3
:10EEB00070BD00BF6CBE040070B504460D461E4612
:10EEC00004984FF0000C01E00CF1010C84450ED2C7
:10EED0005FFA8CF2920002F580719208012303FA26
:10EEE00002F21542F0D0002363506358ECE715F4AA
:10EEF000003F04D00023C4F84431D4F84431064B19
:10EF00009C4207D040F20D100BF048F90EB1C4F846
:10EF1000145370BDDB20F7E700A00D502DE9F0473A
:10EF200084B081460F46904601A8002301934360B8
:10EF300083605168FFF798FF4DE094FAA4F4B4FAA7
:10EF400084F404F01F05264B9B5D45EA43152846D3
:10EF5000FFF774FF083037F810A0CAF3820A01AB3C
:10EF600003EB8603E00804F007041A5C0121A140CA
:10EF700022EA01021A54284613F06EFF0346524655
:10EF80002946384614F03FF9284613F074FF04ABC5
:10EF900003EB860353F80C4C002CCED10136022E25
:10EFA0000DD8104B9B5D08F10402D90803F007034C
:10EFB000525C22FA03F313F0010FEFD0E7E70022CF
:10EFC0004FF40031484613F0ACFED8F8041001A805
:10EFD000FFF74AFF08B10026E1E704B0BDE8F0877B
:10EFE00070BE04006CBE040010B5D0F8103523F0DC
:10EFF0000203C0F8103540F6FF73C0F82833002232
:10F000000AE0930003F5C07C002440F80C40DBB21A
:10F010008033C4500132D2B20B2AF2D901230366E5
:10F0200069B1074B074A1068074AA2FB0020800C11
:10F0300000EB4000C0EB401043F00103984710BDC7
:10F04000908C0400641A002083DE1B43024B586836
:10F05000C04300F06700704750050020024B9868DD
:10F0600000F06700704700BF50050020044BD3F844
:10F07000100500F00200003818BF0120704700BFE3
:10F0800000200E5003498B680122824013438B609D
:10F09000704700BF5005002003498B680122824061
:10F0A00023EA02038B6070475005002010B5037AF5
:10F0B0000C49CA1892F854201B0103F1A04303F530
:10F0C00062230024C3F82C4502EB420301EB8303C7
:10F0D0000468DC6044681C61007A1875FFF7D2FF91
:10F0E00010BD00BF50050020027A0A4BD3F810353E
:10F0F00023F001035AB101221343064AC2F8103526
:10F100000368C2F8A4364368C2F8AC3670470022E0
:10F11000F2E700BF00200E50064BD3F8102502F096
:10F1200001020272D3F8A4260260D3F8AC36436021
:10F13000704700BF00200E5030B583B004460191E7
:10F14000EFF31185402383F31288BFF36F8F0C4BCD
:10F150005A68019B1340019301A813F021FD002878
:10F1600008DB07494B680122824023EA02034B6017
:10F170002070002085F31188BFF36F8F03B030BD7E
:10F180005005002008B50146014813F02AFD08BDCE
:10F190005405002070B582B02D4BD3F82C4320E0ED
:10F1A0002B4A00F152031D0102EB03135B68525915
:10F1B0004FEA800C274D55F80C6096B1002645F8B3
:10F1C0000C60254D01EB41064FEA860CAC44DCF89F
:10F1D0000C6001EB41014FEA810C65442969009103
:10F1E000B04794B394FAA4F0B0FA80F001238340BE
:10F1F000DD4324EA0304184B1A1892F8541001EB6B
:10F20000410C4FEA8C021344DB68B3B1134AD2E8D5
:10F21000EF3F03EA0506C2E8EC6FBCF1000FF6D140
:10F22000C34013F0010FBBD10B4B01F10C0203EBF8
:10F23000C20553F832206B68BAE78000054B1A58B4
:10F24000002ACED000221A50CBE702B070BD00BF1A
:10F2500000200E5000210E5050050020D80500203F
:10F26000054BD3E900014FF0FF3383426FF0404379
:10F270008B41F5D3704700BF40270E5010B40A4CA5
:10F28000231893F8543003EB430C04EB8C0CCCF8AC
:10F290000C10CCF810208CF8140001238340034A92
:10F2A000C2F8243310BC70475005002000200E50D7
:10F2B00030B585B01F4B1C78002C38D105461E4A4E
:10F2C00001AB07CA83E807001C49D1F8102522F0DA
:10F2D0000202C1F810251846FFF706FF672014F058
:10F2E000CCF9052810D06FF08B001EE0204614F0FA
:10F2F000FDF9104B04EB440103EB81010875034455
:10F3000083F854400134E4B2042CEFD90B4C0023B1
:10F310002A466721204614F0FEF901212046FFF716
:10F3200063FE044B01221A70002005B030BD6FF05F
:10F330007700FAE7500500208089040000200E5075
:10F3400010B50C4BD3F8104514F0020406D01A4641
:10F35000D3F8103523F00203C2F81035FFF7C4FECE
:10F3600034B1044AD2F8103543F00203C2F8103524
:10F3700010BD00BF00200E5038B505460C46FFF703
:10F3800075FE18BB2946144814F056F9134B1B6838
:10F39000134AA2FB03239B0C03EB431300E0013B46
:10F3A0003BB10D4AD2F84007D2F8442712F0804F03
:10F3B000F5D173B14FF0FF312046FFF7BDFE0028B5
:10F3C00003DB2078FFF75EFE002038BD6FF077008A
:10F3D000FBE76FF07300F8E700200E50641A00207E
:10F3E00083DE1B4338B5FFF731FE0546214B67220C
:10F3F000C3F82823002406E02046FFF74DFE08E06E
:10F400000134E4B26D08C5B1204614F041F900287A
:10F41000F2D1204614F046F90028F1D0230103F17F
:10F42000A04303F562230022C3F82C2515F0010F39
:10F43000E6D02046FFF7A6FEE2E7E4200AF0B3FE9E
:10F440000C4BD3F8482722F00102C3F84827D3F821
:10F45000102522F00102C3F81025D3F8102522F060
:10F460000202C3F8102501225A669A66024B002256
:10F470001A7038BD00200E5050050020024B18783D
:10F48000003818BF012070475005002070B50446B1
:10F49000012303FA00F514F018F9064608B13046C6
:10F4A00070BD2046FFF7F8FD0B4B03EB0412002163
:10F4B000C2F82C15D3F820331D42F0D0064BC3F808
:10F4C0002853A40003F580731A59002AE7D0195174
:10F4D0006FF07306E3E700BF00200E5070B51546CD
:10F4E0001C469DF81010164A131893F854300C332C
:10F4F00002EBC30642F833507460B1B1114A00F117
:10F500005203190102EB03135550C4F313025A605E
:10F5100080000D4E0644336883B1FFF7A1FEA84278
:10F52000A1410BD20023336008E0064B52300201A8
:10F5300003EB00109D50C4F31304446070BD00BF82
:10F540005005002000200E5000210E502DE9F04102
:10F55000044616461D469DF81880007A14F0B5F84A
:10F56000074610B13846BDE8F0812046FFF79EFD02
:10F57000EFF31181402383F31288BFF36F8F227A58
:10F580009200134B134400221A60237A114A52331B
:10F59000180102EB03131650C5F313055D6081F3E8
:10F5A0001188BFF36F8FB8F1000FDBD0227A0123EF
:10F5B00003FA02F20849D1E8EF5F1543C1E8E05FC2
:10F5C0000028F8D1227A9340024AC2F82433C9E7CE
:10F5D00000210E5000200E50D805002070B40F4CB2
:10F5E000231893F854300C3304EBC30C54F8335005
:10F5F000DCF804604D1946F1000644F83350CCF8AD
:10F60000046021F0004141EAC271000100F1A04014
:10F6100000F56220C0F8281570BC70475005002026
:10F6200038B5044614F051F8054640B9204614F0A8
:10F630002FF830B10123A340034AC2F828332846EB
:10F6400038BD6FF01505FAE700200E5038B50446B6
:10F6500014F03BF8054608B1284638BD2046FFF7B0
:10F6600011FD0123A340024AC2F82433F4E700BF8E
:10F6700000200E5082B08DF80400C9B28DF805103C
:10F6800040EA0120054BC3F80005044BD3F80034D1
:10F6900013F0010FF9D002B0704700BF00B0045062
:10F6A00010B453781B0303F4805392F800C04FEA60
:10F6B0000C2C0CF4E06C43EA0C03B2F802C00F4CC3
:10F6C00004EA0C4C43EA0C0392F806C04FEA0C7CA7
:10F6D0000CF0E04C43EA0C0392F805C04FEACC2C46
:10F6E0000CF4006C43EA0C031279D20392B2134378
:10F6F00000EB0110C0F8183510BC70470000FF0186
:10F700002DE9F04182B006460D460023019311F029
:10F71000010F02D0D0F800313BB915F0200F17D0FF
:10F72000D6F814314BB9002313E00023C0F80031A0
:10F73000D0F8003101230193EFE70023C6F814311C
:10F74000D6F81431019B43F020030193012300E01C
:10F75000002315F0020F02D0D6F80411C9B915F034
:10F76000040F02D0D6F808311BBB15F0080F02D0E9
:10F77000D6F80C313BBB15F0100F02D0D6F8103183
:10F780005BBB274B2B40002B47D1019802B0BDE853
:10F79000F0810021C6F80411D6F80411019941F056
:10F7A00002010191002ADAD0002BD8D0D6F83436E5
:10F7B000D5E70023C6F80831D6F80831019B43F09D
:10F7C00004030193D1E70023C6F80C31D6F80C31BD
:10F7D000019B43F008030193CDE70023C6F81031E5
:10F7E000D6F81031019B43F010030193C9E7E700FD
:10F7F0000DF10408434607F58E722946304613F092
:10F80000F3FF434607F58C722946304613F0ECFFB0
:10F810000134E4B2072CEAD9B7E70024FAE700BFC5
:10F82000C0FF3F0080F08003032B04D9072807D9CD
:10F830004FF0FF3070478038034B53F8200070477B
:10F84000024B53F82000704784BE040094BE0400AD
:10F850000123002207E00A70002010BC70476FF0FF
:10F860001500FAE75B00FF2B10D80342FAD010B462
:10F87000084C94F862C01CEA030FF0D00132D2B2F7
:10F880005B00FF2BE7D80342FAD0F1E70A700020B3
:10F89000704700BF0078002070B582B00446857ABA
:10F8A0000279291D104B03EBC103191D0091012A98
:10F8B00014BF00220122417A007A13F0F5FF0646B8
:10F8C00010B1304602B070BD224629460748FFF706
:10F8D000E7FE054991F862200123AB40DBB21343F8
:10F8E00081F86230EDE700BF0078002000500D5035
:10F8F000084B93F86030012B07D0042B07D0022B64
:10F9000001D0012070470020704700207047002080
:10F91000704700BF00780020F0B585B005461E4650
:10F920000A9C294B002083F8650083F866009860E4
:10F9300018611C6083F8635098838DF80C108DF863
:10F940000D20224BC3F8F015C3F8F42524B123226F
:10F95000C3F80023002414E01C4B0022C3F800234A
:10F96000F8E73346E2B2120102F1502202F55022CA
:10F97000D2F8181521F4006141EAC321C2F8181524
:10F980000134072C1ED8124A01AB92E8030083E829
:10F9900003000123A34013EA050709D0221D0DF13E
:10F9A000040C094B03EBC20393E803008CE803004B
:10F9B000029B019AE1B2054813F00AFF002FD0D153
:10F9C0000023CFE705B0F0BD0078002000500D50B7
:10F9D0008C890400194B0022C3F80025D3F80433A6
:10F9E00023F03303164A92F8611082F8601012680F
:10F9F0000AB143F02303114A0021C2F81C11D2F8C6
:10FA00001C01C2F81811D2F81801C2F80811D2F876
:10FA100008210B4A92F8652012F0010F01D043F043
:10FA20008003074A92F8662012F0010F01D043F0DC
:10FA30004003024AC2F80033704700BF00500D5027
:10FA40000078002000B585B01F4B93F86030033B71
:10FA5000042B24D8DFE803F02E23032032000423F4
:10FA60008DF80430184B1B6801A89847174BD3F842
:10FA7000F83513F4805F02D0144B01225A60124B08
:10FA8000062283F860201A6932B15B690F49C1F818
:10FA90002C265B00C1F830360B4B1B6913B105B047
:10FAA0005DF804FB03238DF80430074B1B6801A8A5
:10FAB0009847F4E7054B01225A60F0E7002103481C
:10FAC00013F0E5FEEBE700BF0078002000500D507A
:10FAD000084B01229A600022C3F81421D3F81411B4
:10FAE00005494FF40010C1F89801C3F80025C3F888
:10FAF0000025704700500D5000E100E030B585B0A2
:10FB000000238DF80430254B9A6802929A89ADF84B
:10FB10000C2093F86030062B0ED0072B33D0032B2C
:10FB200008D1FFF7D5FF1D4B022283F860201B6828
:10FB300001A8984705B030BD184B93F8673033B132
:10FB4000164B1B691BB10021154813F093FE134C93
:10FB5000254655F8083B01A8984704F1100393E89F
:10FB6000030085E80300002323610028E2D1FFF7AA
:10FB7000AFFF042284F8602005228DF8042023685A
:10FB800001A89847D6E7FFF725FF02238DF8043038
:10FB9000024B5B6801A89847CCE700BF00780020C3
:10FBA00000500D5016E090FAA0F2B2FA82F2012154
:10FBB000914020EA0100094B93F862C02CEA010150
:10FBC00083F8621004324FF0FF3143F8321003EB38
:10FBD000C20359600028E6D1704700BF00780020BA
:10FBE00010B584B01248D0F80433002211491940EE
:10FBF000FFF786FD840917E094FAA4F3B3FA83F3C0
:10FC00001A46012101FA03F024EA0004CA40C3F3B2
:10FC100000034B408DF804108DF808208DF8093052
:10FC2000054B1B6801A89847002CE5D104B010BD16
:10FC300000500D50C0FF3F000078002038B50C4B3D
:10FC400093F8603083B90446094D012385F860308C
:10FC5000FF20FFF7A7FF002322463321054813F0BA
:10FC600044FE0020286038BD6FF07700FBE700BF3E
:10FC70000078002000500D50014B93F8620070474F
:10FC8000007800202DE9F04184B004460F46154667
:10FC90001E46FFF72DFE00BB0DF10F012046FFF7BA
:10FCA000D7FD804698B9B5B92B460D4A0021C2F858
:10FCB000F81500962A4639462046FFF72DFE094BD7
:10FCC0009DF80F2083F86420022283F860204046CC
:10FCD00004B0BDE8F0810123E7E76FF00F08F6E715
:10FCE00000500D50007800202DE9F04385B0054606
:10FCF000884614469946FFF7FBFD00283DD106468D
:10FD00000DF10F012846FFF7A3FD074660BB63888E
:10FD100033B19DF80F30012B32D8B9F1000F32D03A
:10FD2000227832B1637823B99DF80F30012B2DD89A
:10FD30000126CDF80090637841462846FFF7ECFD98
:10FD40006388ABB143F48053124AC2F8F835124BC2
:10FD50009DF80F2083F86420227983F8672083F8C8
:10FD60006860042283F86020384605B0BDE8F0835F
:10FD7000084B0022C3F8F825E9E76FF00F07F3E717
:10FD80006FF08507F0E76FF08507EDE76FF0850707
:10FD9000EAE700BF00500D50007800202F4B1B6990
:10FDA000002B48D100F06043B3F1005F47D12B4BEB
:10FDB00093F864C091FBFCF30CFB1313002B41D1AF
:10FDC00011F4004F41D1002942D082B0009001913E
:10FDD000224A92F86020052A0FD8042A15D2022A56
:10FDE00008D18C4537D11E4A02A911E9030082E8E7
:10FDF000030013E06FF0760310E0062A11D1194AD0
:10FE0000C2F82C064900C2F83016144A92685AB15A
:10FE1000154A02A911E9030082E80300184602B05E
:10FE200070476FF07603F9E70D4A02A911E9030064
:10FE300082E80300F2E76FF07703184670476FF02F
:10FE40000C03FAE76FF00603F7E76FF00603F4E739
:10FE50006FF00603F1E76FF00603DFE7007800209C
:10FE60000878002000500D5010780020534B9B68FC
:10FE7000002B00F09F8030B583B0504A92F860208C
:10FE8000022A05D0042A2FD06FF0760003B030BDCF
:10FE90004B4A0121C2F80015484A12687AB1474A14
:10FEA000032182F86010D2684548C0F82C36520011
:10FEB000C0F83026002113F0DDFC0020E6E73F4DBE
:10FEC000EA683F4CC4F82C365200C4F830260121B1
:10FED000204613F0CFFC05F10801204613F0A1FCE9
:10FEE0000020C4F80005D1E7354A0121C2F8001509
:10FEF000324A12687AB1314A052182F86010D2681C
:10FF00002F48C0F82C365200C0F83026002113F0DC
:10FF1000B1FC0020BAE7002200920192274C94F82D
:10FF200064200192A18B03EB410300932448C0F8A5
:10FF30002C365200C0F83026012113F09BFC94F8B7
:10FF40006830ABB11E4BD3F8F435DBB201259D40D0
:10FF500000240AE01A4B01225A60002204211848AA
:10FF6000FFF7CEFB0028F8D001346B1EA342F1D876
:10FF70006946134813F055FC104A938B92F86410AD
:10FF80000B449BB29383D268934210D30B4A002355
:10FF9000938302F1080402F1100103C984E803000D
:10FFA00013611846064B0022C3F800256EE76FF078
:10FFB0000F00F7E76FF00B00704700BF00780020DC
:10FFC00000500D5070B582B00546FFF791FC002837
:10FFD0004FD1294B93F8602083F86120072283F8E2
:10FFE00060205D60254B0122C3F80025D3F804434F
:10FFF0000022C3F800234DB10122DA6024F0C004CE
:020000040003F7
:1000000044F03304C3F8004302B070BD1B4D01211E
:10001000284613F01DFC1A4B93E8030002AB03E9DA
:100020000300184EC5F82C660423C5F830360121AC
:10003000284613F01FFC0121284613F028FC00205D
:10004000C5F80401D5F80431C5F80801D5F8083120
:10005000C5F8000596F8493086F84830C5F81C0107
:10006000D5F81C31C5F81801D5F81831C5F800438A
:10007000CAE76FF00F00C7E70078002000500D506E
:10008000948904001878002010B582B0264A3321E4
:100090002648FFF735FB044610F0100F23D114F06B
:1000A000200F13D0224B93F86030072B08D01F4B42
:1000B000D3F83436C3F34E031D4AD36000231361D3
:1000C0001A4BD3F8043313F0100F21D114F0020FA0
:1000D00021D114F0010F21D1154B93F86030072B7B
:1000E0001FD102B010BD114B1022C3F80823114AD2
:1000F00092E8030002AA02E903000F4AC3F82C2683
:100100000422C3F830260021184613F0B3FBC6E7DB
:10011000FFF760FCDAE7FFF7F1FCDAE7FFF792FCA4
:10012000DAE7FFF75DFDDCE70878002000500D50AE
:10013000007800209489040018780020036803F0F8
:100140001F0202605B09012B04D0022B04D02BB9E3
:1001500003487047034870470348704700207047C2
:1001600000A0105000820D5000040550F0B583B07F
:1001700001900C4617461E4601A8FFF7DFFF0199C4
:10018000203150F82130094D1D4044EA470444EA2B
:1001900086039DF8202043EA02239DF8242043EAA9
:1001A00002432B4340F8213003B0F0BDF0F0FCFFD8
:1001B0002DE9F04105460C4616461F46002380F8FF
:1001C0002330536833B1D36803F06043B3F1005F69
:1001D00040F01E813378023BDBB2012B48D98E4BB5
:1001E000C4F8083395F82430002B4AD107F01403E3
:1001F000B3FA83F35B0985F82430337885F820302F
:10020000737885F82130F368EB6073682B6133698C
:100210006B61B368AB61C7F3001385F82530EF61FC
:100220007378C4F888350023C4F83831D4F83821FD
:10023000C4F82831D4F82821C4F81431D4F8142192
:10024000C4F80431D4F8043117F0010F1FD0012392
:10025000C4F84C3717F0020F1DD00123C4F814372F
:100260003378032B00F2AC80DFE803F07D99661948
:10027000336903F06043B3F1005FB0D06FF00C0856
:1002800057E0AB68C4F804336FF00F0851E0002367
:10029000C4F84C37DEE70023C4F81437E0E74FF426
:1002A0008073C4F80032EA682B69C4F83C27C4F8AC
:1002B00040370123236500224FF00061204613F0F0
:1002C00081FB0028F7D16A69AB69C4F83C27C4F800
:1002D00040374FF48063AB604FF0000817F0080F11
:1002E00011D13378032B0ED0012B6CD02B68002B4F
:1002F00073D00021204613F0E5FB73681BB92B680F
:100300000BB1012363602B68002B69D017F0040F39
:1003100001D00023AB6017F0400F03D1AB6843F06E
:100320000203AB60AB6843F02003AB60AB68C4F87A
:1003300004334046BDE8F081EA682B69C4F83C27E5
:10034000C4F840376A69AB69C4F80427C4F80837B1
:100350004FF48453C4F80032012323610223AB60BD
:100360004FF00008BAE7EA682B69C4F83C27C4F8E4
:10037000403717F0200F0BD04FF48073C4F80032D1
:100380004FF48063AB60012323614FF00008A5E7C1
:100390004FF40073C4F800320223AB60F3E7EA685D
:1003A0002B69C4F80427C4F808374FF48053C4F805
:1003B0000032012323610223AB604FF000088DE778
:1003C0006FF015088AE72B6823B10021204613F04F
:1003D0005DFB92E705F10C01F8E705F10C0189E7F7
:1003E000D4F8C404C4F8C404002385F8243018B138
:1003F00013F0ADFB80469CE717F0400F99D12946DA
:10040000204613F0B9FB002893D16FF08B0890E7DA
:100410006FF00C088DE700BF2264F81F0021C16057
:100420000268094BC2F80833D2F8003223F0FF53B8
:1004300023F4BC53C2F80032C2F80015012380F83F
:10044000263080F8281070472264F81F2DE9F0410B
:1004500086B00446804658F8045B90F82430012B9F
:100460006ED000F118073A460221284613F0AAFA86
:1004700006463A462021284613F0A4FA00287DD0EB
:10048000002E60D0236A13F0400F04D194F8273077
:10049000002B00F0A680236A13F0040F33D1002351
:1004A000C5F83831D5F83821C5F83431D5F83431AC
:1004B00094F8293013B194F82730A3B10023C5F87C
:1004C0000032E360604BC5F80833C5F30F32C5F363
:1004D000083302F01F025B09012101FA02F26033C6
:1004E0005A4941F8232094F824308DF8043094F8C8
:1004F00025308DF805302369049363690293A3695D
:100500000593E3690393D5F8C434C5F8C43413F0F4
:10051000020F7FD001238DF8003094F829300BB9F9
:1005200084F82830236A13F0040F02D094F827309F
:100530001BB16368A1686846984706B0BDE8F081C2
:1005400000F110078FE7E368C5F808330223E36082
:10055000E368C5F8043300224FF48041284613F0C5
:1005600031FA20B1D5F8003213F4007F02D1012313
:100570002B616B60012384F82730DEE7002E81D1E8
:100580003A464FF48061284613F01CFA94F8243060
:1005900083BB94F829309BB9C5F80032E3602A4B3D
:1005A000C5F80833C5F30F32C5F3083302F01F0254
:1005B0005B09012101FA02F26033244941F823204A
:1005C00094F824308DF8043094F825308DF80530F7
:1005D0002369049363690293A3690593E369039311
:1005E00091E74146284613F0C7FA80F0010084F8ED
:1005F000270050E74FF40073C5F800322223E36070
:10060000114BC5F80833E368C5F8043301232B65A3
:100610002B6192E713F0040F03D002238DF8003012
:100620007BE713F0010F03D003238DF8003074E74C
:1006300094F827301BB104238DF800306DE70023B8
:100640008DF8003069E700BF2264F81F00E100E088
:10065000036803F01F0202605B09012B04D0022B28
:1006600004D02BB9034870470348704703487047CC
:100670000020704700A0105000820D50000405506B
:100680002DE9F04182B005460E4613F02AFB3046B4
:1006900013F027FB01950DF104084046FFF7D8FF42
:1006A000019A203250F82230214F3B4040F60D0491
:1006B000234340F8223001964046FFF7C9FF019AD4
:1006C000203250F822303B40234340F822300420AF
:1006D00012F062FA0024082C12D8304613F01BFBEB
:1006E00070B9284613F00AFB042012F055FA284688
:1006F00013F0F7FA042012F04FFA0134E4B2EAE7FB
:10070000304613F0FBFA042012F046FA304613F09C
:10071000E8FA042012F040FA304613F0FCFA18B15F
:10072000002002B0BDE8F0816FF08B00F9E700BF58
:10073000F0F0FCFF38B5EFF31185402383F3128806
:10074000BFF36F8F054B9C6814F052F885F3118846
:10075000BFF36F8F2046F4F785F838BD6C78002022
:1007600010B586B0B823104C03FB004400EB800C9E
:100770000E4B03EB8C030E4A0592012204920F22CA
:10078000039200220292019200930A4B4FF4A0724E
:10079000094901EB8C11204600F044FD237C23F035
:1007A0000403237406B010BD404000206C78002084
:1007B0005CB3040037490400F0BF002038B505469B
:1007C0000B4B53F8204002E02368984708346B1C19
:1007D000074A52F82330A34209D960680028F3D0B1
:1007E000037E13F0010FF1D113F0CCFFEEE738BD1B
:1007F000B4BE040008B553EA020102D101F0DAF8F0
:1008000008BD0249183001F0C5FAF9E7B5510400F6
:1008100010B586B0184C14E0636A0593236A0493FC
:10082000E3690393A36902936369019323690093C6
:10083000E368A2686168206800F0F4FC23685C65E6
:1008400030340E4B9C42E7D300F0D6FF0A4C03E055
:100850002068FFF7CFFF3034084B9C4208D2A26AD1
:10086000E36AB3F1FF3F08BFB2F1FF3FF3D0EFE718
:1008700000F0DAFF06B010BDA4860400A4860400D0
:1008800008B50A4B01221A700320FFF797FF14F0F6
:1008900080FF0420FFF792FFFFF7BAFF06F007FC86
:1008A000034A938923F00103938108BDF17C002062
:1008B000F840002008B50146014A0248F3F79AFFC4
:1008C00081080300F840002010B50446FFF748FFF8
:1008D000B8230A4903FB0411094A04EB840302EB21
:1008E0008303D9601C74074B03EBC42303F5006337
:1008F00004EB840402EB8402536010BD40400020EE
:100900006C780020F0B7002070B586B000F0BEFF14
:10091000104D114B5D61114B05930123049300248D
:1009200003940294019400940D4B4FF480520D49AE
:10093000284600F077FC06462B7C23F004032B743A
:10094000284614F0E2FB2046FFF7BEFF304606B013
:1009500070BD00BFF84000206C78002064B3040034
:100960008108030030C1002008B50020FFF726FFF2
:10097000184B03F5006282F3088883F30A88164C4B
:10098000E02384F822302023E37700232376637664
:10099000A37684F82030626A42F4E022626284F82E
:1009A0002330F3F709FEF3F747FF4FF0FF33A3625D
:1009B000E362F4F755F9F3F7D3FF084800F094FC2D
:1009C0000120FFF7FBFE0220FFF7F8FEFFF79CFF78
:1009D000FFF770FFF0B7002000ED00E08842002034
:1009E00010B5064C05E0A2686168204613F003FFCD
:1009F0001434034B9C42F6D3002010BDEC1B0020A6
:100A0000EC1B002010B5064C002000E01C34054B08
:100A10009C4204D2204613F011FF0028F6DA10BDE4
:100A2000981B0020EC1B002030B583B00D46EFF37F
:100A30001181402484F31288BFF36F8FC46864B1BE
:100A40002C602368C360836901338361002081F3D4
:100A50001188BFF36F8F03B030BD53EA020404D195
:100A600000232B606FF00B00F1E700920193024628
:100A7000083000F0EBFD0028EDD1024B9B685B696C
:100A80002B60E8E76C7800202DE9F04182B0044645
:100A9000EFF31187402181F31288BFF36F8FC16894
:100AA00099B9002950D1364B9B6893F90E302361D8
:100AB0000131E160324B9B68A36087F31188BFF37B
:100AC0006F8F002002B0BDE8F08116461D46826897
:100AD0002B4B9B689A42E4D055EA060136D092F936
:100AE0000E80414693F90E0013F032FF804534DC4E
:100AF0004FF000080096019522463946214800F043
:100B0000A5FD0028DED0EFF31185402383F3128882
:100B1000BFF36F8FA36843B323689C4223D013B302
:100B2000216993F90E0013F013FF0146204613F0DC
:100B30001AFFE8B9B8F1000F1AD185F31188BFF395
:100B40006F8F6FF00A00BDE72369B0E787F3118864
:100B5000BFF36F8F6FF00F00B4E70146204613F02C
:100B600002FF8046C6E72169E0E7B8F1000FE4D054
:100B70002946044814F05AFB6FF00A00A2E700BFB0
:100B80006C780020907800208368002B47D070B5E7
:100B90000446264A9268934244D1C368012B03D984
:100BA000013BC360002070BDEFF31186402383F347
:100BB0001288BFF36F8F016913F0D5FE2568AC4230
:100BC0001CD07DB16A682B6813605A6000232B60CB
:100BD0006B602A7C22F002022A74AB6005F11800D7
:100BE00014F064FCA560281E18BF012045B900233D
:100BF000E36086F31188BFF36F8FD4E70025F1E738
:100C000095F90E3023610024C5F8B440284614F04D
:100C10007CFA3146064814F009FB2046C3E76FF022
:100C2000150070474FF0FF30BDE700BF6C78002023
:100C30009078002010B582B00146EFF31184402077
:100C400080F31288BFF36F8F086888B1036823F0C0
:100C500003030B604A68904208D0012113F020FF83
:100C600084F31188BFF36F8F02B010BD4B60F4E7BF
:100C700053EA02000CD001F10800009201930246F1
:100C8000214600F0E3FC48B9054B9B685869EBE747
:100C900084F31188BFF36F8F0020E5E70020E3E7BE
:100CA0006C78002070B5EFF31186402383F312882F
:100CB000BFF36F8F0468A0421AD0CCB1626823687A
:100CC00013605A60002525606560237C23F00203D1
:100CD0002374A56004F1180014F0E8FBC4F8B450C4
:100CE000204614F012FA3146084814F09FFA70BDFD
:100CF0008368C268934207D001221344836086F35D
:100D00001188BFF36F8FF2E70022F6E7907800209A
:100D100010B582B0EFF31181402484F31288BFF341
:100D20006F8F846844B1013C846081F31188BFF304
:100D30006F8F002002B010BD53EA020406D000926B
:100D400001930246054800F081FCF3E781F3118826
:100D5000BFF36F8F6FF00F00ECE700BF90780020BB
:100D6000F8B50546EFF31186402383F31288BFF3ED
:100D70006F8F3746002317E06268236813605A605C
:100D8000002323606360227C22F002022274A360AD
:100D900004F1180014F08AFB6FF00A03C4F8B430B1
:100DA000204614F0B2F901232C68A54201D0002C92
:100DB000E2D10022AA6023B987F31188BFF36F8FB5
:100DC000F8BD3146014814F031FAF9E79078002077
:100DD00000B583B0064B00934FF0FF334FF4106221
:100DE0000449054800F056F9002003B05DF804FB03
:100DF000CCBE040030D10020B041002080B338B513
:100E00000D4604461C4B9A68D0F8B8309A421BD065
:100E100000231A46D4F8D430C3F38001C3F3C000D2
:100E200013F0010F1FD001B102B300B109B30023C9
:100E30002B60D4F8C03073B11D60C4F8C050204698
:100E400013F0DBFE012038BD14F0ACF808B9012323
:100E5000DFE70023DDE7C4F8C050C4F8BC50EEE77C
:100E60006FF0150070476FF01200ECE76FF00F00A5
:100E7000E9E76FF00F00E6E76C78002038B504462C
:100E80000D4608300122002113F049FE6560002361
:100E90002360054B5B681BB11C60034B5C6038BD75
:100EA000014B5C601C60FAE79078002010B5C368C5
:100EB00023F00203C360134B1C687CB1236803B1A9
:100EC0000CB100210FE02346FBE722460D4813F04A
:100ED0004EFE04F10800FFF7E5FE10BD2346F0E7E3
:100EE0001A461C461346002CF7D062688242ECD0AA
:100EF0002146002BF4D01A68002AF2D0002BF0D142
:100F00001A46EEE79078002070B584B005463EE0C2
:100F1000D5F8D43023F00402C5F8D42013F0040F20
:100F20000ED112F0100F14D00023C5F8D43086F380
:100F30001188BFF36F8F04B070BDC5F8C03038E0C2
:100F400005F1CC0400220121204614F0ECF9002820
:100F5000F8D1002302934FF0FF324FF0FF33CDE979
:100F6000002305F1C40231462F4800F003FE0EE0D5
:100F7000204613F0C5FE40E02046FFF797FF40E013
:100F8000002386F31188BFF36F8F002B49D1EFF355
:100F90001186402383F31288BFF36F8FD5F8BC40CE
:100FA000002CB5D02368C5F8BC30D5F8C0209442D9
:100FB000C3D0D5F8D43043F00203C5F8D430E36889
:100FC00043F00102E26023F0040343F00103E36015
:100FD000636886F31188BFF36F8F20469847EFF35D
:100FE0001186402383F31288BFF36F8FE36823F0E9
:100FF0000103E36013F0100FBAD1E36813F0020F9E
:10100000BAD1D5F8D43023F00203C5F8D43013F4A4
:10101000807FB5D1D5F8BC300BB10123B1E70023F7
:10102000AFE700F03BFCB2E79878002008B58446B3
:10103000084653EA02010CD0C16841F00801C160C2
:10104000DCF8001081620549103000F0A3FE012099
:1010500008BD614613F0DBFDFAE700BF6F4C0400EA
:1010600010B5044610300122002113F058FD044948
:10107000204613F06AFEE36843F01003E36010BDFE
:10108000B54B040008B50146014813F0BBFE08BD8E
:10109000B0410020F0B589B004460E9D0020C4F890
:1010A000BC00C4F8C00004F1C400C4F8C400C4F813
:1010B000C80004F1CC00C4F8CC00C4F8D0003DB3A3
:1010C000287938BB0120C4F8D4004FF0FF364FF028
:1010D000FF37CDE90667002004900393029001904A
:1010E00000940E4B204613F073FF55B1296811B1DF
:1010F000204600F085F86B791BB1A38943F001030A
:10110000A381204600F056FCC4F8B84009B0F0BDF9
:101110000120D8E740F20110D5E700BF090F030016
:1011200008B50146014813F0B4FE08BDB0410020E7
:1011300008B50146014813F0C5FE08BDB0410020C6
:101140002DE9F0410546EFF31187402383F3128820
:10115000BFF36F8FB8460468A04212D07CB16268BA
:10116000236813605A60002323606360227C22F0AE
:1011700002022274A36004F1180014F097F900260B
:1011800002E00024FBE70024E4B101360023C4F8A8
:10119000B430204613F0B9FF2C68A542F3D0002CE0
:1011A000F2D06268236813605A6000232360636092
:1011B000227C22F002022274A36004F1180014F0D1
:1011C00075F9E1E736B988F31188BFF36F8F3046C0
:1011D000BDE8F0813946024814F028F8F7E700BF6F
:1011E0009878002008B553EA020102D100F0E2FB32
:1011F00008BD0249183000F0CDFDF9E7B5510400F3
:1012000010B5044640B11F2204F17C0004F0DAFB63
:10121000002084F89B0010BD014B9C68F3E700BFE1
:101220006C7800202DE9F04F85B004460F46154636
:101230001E46DDF838A0DDF83C90DDF84080DDF892
:101240004CB000F158038365C365129B04221199C9
:1012500013F0B3FE2A463946204613F088FE0546B1
:10126000CDF80880CDF80490CDF800A033460246B2
:1012700039462046F3F79CFA00236365A666C4F856
:101280006CA0C4F87090C4F87480EFF3118240230E
:1012900083F31288BFF36F8F124B196AA1671C6228
:1012A00082F31188BFF36F8FBBF1000F13D01F22A1
:1012B000594604F17C0004F085FB002384F89B3040
:1012C000084B9B685BB1D3F8A830C4F8A830284617
:1012D00005B0BDE8F08F002384F87C30F0E7C4F857
:1012E000A830F4E76C780020012303748381002385
:1012F000C0F89C30C0F8A030C0F8A830014B98600E
:10130000704700BF6C7800200A4A9368C3F8B000A9
:101310006FF00A01C3F8B41007494B6843F08053DB
:101320004B60002383F31188BFF36F8F9368D3F86A
:10133000B40070476C78002000ED00E0084681B9E9
:1013400008B5EFF305833BB9084B5A699B689A428D
:1013500002D0FFF7D9FF03E080F31188BFF36F8F4E
:1013600008BD81F31188BFF36F8F70476C78002040
:10137000037C90F91020002A4EDB13F01F0F4BD195
:1013800010B563F07F030374244A52F8183F934268
:101390003AD07BB190F90E1093F90E20914202D011
:1013A000521A002A27DC19461C4AD269934201D0FE
:1013B0001B6833BB194BDA6903F118010160426005
:1013C0001060D861154B53F8184F9C421ED0ECB1F9
:1013D000124B9B681A7C12F01F0F04D1DA897F2A06
:1013E00001D9A269AAB1A34202D0204600F008FCAC
:1013F0000A4B5C6110BD5A6842600360106058601F
:10140000E0E70029C5D1D5E70023C2E7034BDC683C
:10141000DEE7024A5361EDE7704700BF6C780020B9
:1014200010B5037C90F91020002A19DB154B9A683F
:1014300053F8184F9C421ED0ECB1824208D0137C66
:1014400013F01F0F04D1D3897F2B01D9A369ABB14E
:10145000A24202D0204600F0D3FB0A4B5C6110BDD3
:1014600003F07F0303744268036813605A6000232B
:1014700003604360DAE7034BDC68DEE7014B5A6147
:10148000EDE700BF6C7800202DE9F84305460C46D7
:10149000424B9E68337C13F0600F2BD013F0200F6B
:1014A0002DD008271F4225D13B43337413F0800F02
:1014B00027D1082F30D04FF00009384B53F8188F40
:1014C00098454FD0B8F1000F4CD0344B9B68434542
:1014D00002D0404600F094FB304BC3F81480102F2C
:1014E00008D0304608F07AFE304600F013FCB9F11F
:1014F000000F3BD184F31188BFF36F8F47E01027B3
:10150000D0E703F07F0333747268336813605A6066
:10151000002333607360CCE7B3685BB172683368F3
:1015200013605A60002333607360327C22F0020241
:101530003274B36006F1180013F0B8FF06F15800DA
:1015400013F0B4FD154B9B689E4202D04FF000098A
:10155000B3E7EFF3058313B94FF00009ADE74FF0A0
:101560000109AAE70D4BD3F80C80AEE70C48FFF752
:10157000BBFEBFE7EFF31184402383F31288BFF370
:101580006F8F13F0E3F984F31188BFF36F8F2B7C17
:1015900013F0600FEED1BDE8F88300BF6C78002037
:1015A00088420020B3F1FF3F08BFB2F1FF3F00D1F6
:1015B000704708B50249183000F0ECFB08BD00BFC9
:1015C000B551040010B5204B9A68DB699A4205D0EA
:1015D0001368516812680A60516006E00023F8E75A
:1015E000194AD269934212D01B6883B1164A906897
:1015F00090F90E1093F90E209142F1D0521A002A60
:10160000EEDD5A68426003601060586008E00E4BDF
:101610009A68D96903F11800106051600A60DA61B4
:10162000094B53F8184F9C420AD04CB1064B9B68AB
:101630009C4202D0204600F0E3FA034B5C6110BDEF
:10164000014BDC68F2E700BF6C78002010B50C4657
:1016500011460A4882680A4B1A60EFF3118340234F
:1016600083F31288BFF36F8FDDE90223806813F0E4
:1016700040FD2046FFF748FE10BD00BF6C780020FB
:10168000987800202DE9F04104460E460023EFF340
:101690001185402282F31288BFF36F8F1F4643E00B
:1016A00003F07F0323746268236813605A60002389
:1016B0002360636071B2A173237C63F07F032374A2
:1016C000414A52F8183F934246D073B193F90E2025
:1016D000914202D0521A002A35DC18463A4AD269A1
:1016E000934202D01B68002B33D1374BDA6903F1E8
:1016F0001801216062601460DC61334B53F8188F6D
:1017000098452BD0B8F1000F28D02F4B9B689845F7
:1017100002D0404600F074FA2B4BC3F8148085F3D6
:101720001188BFF36F8F0123002B49D1237C03F075
:101730001F02002A0CBF01270027B1D013F0020FAF
:1017400010D1A673EBE75A686260236014605C6096
:10175000D3E70028B9D1C8E70023B6E71A4BD3F87E
:101760000C80D2E7A1686268236813605A60002386
:101770002360636070B2A0730B68994208D10023A4
:1017800006E01A46D1F804C0634513D01B686BB954
:1017900083B193F90E209042F3D0121A002AF0DDA3
:1017A0005A686260236014605C60B8E7002AEFD179
:1017B0001346EDE74B68216063601C604C60AEE748
:1017C0003846BDE8F08100BF6C78002008B50346BC
:1017D00050B9EFF305823AB9064A516992689142CD
:1017E00002D0FFF791FD03E083F31188BFF36F8F01
:1017F00008BD00BF6C7800200023EFF31181402268
:1018000082F31288BFF36F8F09E0064B9A68D37B8F
:10181000013BD37381F31188BFF36F8F0123002B3A
:10182000F3D070476C78002038B5EFF31185402372
:1018300083F31288BFF36F8F124B9A68D17B01310B
:10184000D17353F8184F9C4215D0A4B1137C13F0F8
:101850001F0F04D1D3897F2B01D9A36973B194429F
:1018600002D0204600F0CCF9064B5C6129460648C0
:10187000FFF764FD38BD034BDC68E7E7014B5A61B5
:10188000F4E700BF6C7800209878002008B5024883
:1018900013F003FD08BD00BF8078002038B5EFF3DA
:1018A0001184402383F31288BFF36F8F214B9A6812
:1018B000DB699A4205D01368516812680A6051606A
:1018C00006E00023F8E71B4AD269934212D01B6856
:1018D00083B1184A906890F90E1093F90E20914246
:1018E000F1D0521A002AEEDD5A684260036010609F
:1018F000586008E00F4B9A68D96903F1180010602E
:1019000051600A60DA610B4B53F8185F9D420DD0AD
:1019100065B1084B9B689D4202D0284600F070F9E3
:10192000044B5D612046FFF7EFFC38BD014BDD68DD
:10193000EFE700BF6C780020F8B551EA000328D02B
:1019400005460C46EFF31187402383F31288BFF35B
:101950006F8F154EB068154B1860FFF761FDB068CA
:101960002A4623461249183000F014FA0446B26899
:10197000137C43F0040313743846FFF7C5FCB368C7
:101980009A6ADB6AB3F1004F08BF002A05D0002035
:10199000F8BDFFF783FF0020FAE713F0C6FD201A19
:1019A0000028F5DC0020F3E76C7800209878002010
:1019B000B551040038B5EFF31185402383F3128845
:1019C000BFF36F8F037C13F0040F04D185F31188EC
:1019D000BFF36F8F38BD0446183013F067FD237CCA
:1019E00023F0040323742046FFF7C2FC2946024873
:1019F000FFF7A4FCEEE700BF98780020014B986841
:101A0000704700BF6C7800202DE9F843838903F00C
:101A10000107EFF31186402383F31288BFF36F8F22
:101A2000057C15F0080F1AD10446B14600F158089C
:101A300013F00AFB10B345F020052574EFF305837E
:101A40009BB131462046FFF71FFD67B1002383F3AA
:101A50001188BFF36F8F0423184602DF03E086F37B
:101A60001188BFF36F8FBDE8F88341463F4B9868FC
:101A700013F0ECFA3046FFF747FCE6E745F00803C1
:101A8000237413F0800F36D1A3685BB162682368BA
:101A900013605A60002323606360227C22F00202FC
:101AA0002274A36004F1180013F000FD404613F007
:101AB000FDFA2E4B9A6894422AD000262B4B53F8FD
:101AC000185F9D422BD055B3AA4202D0284600F0A1
:101AD00097F8264B5D61204608F080FB204600F019
:101AE00019F9FEB9214B9B689C421FD089F31188DC
:101AF000BFF36F8FA9E705F07F0545F00805257452
:101B00006268236813605A60002323606360BBE748
:101B1000EFF305830BB90026D0E70126CEE7134B80
:101B2000DD68D1E71248FFF7DFFBDBE7EFF3058362
:101B3000002BDBD1A38913F0010F12D089F3118898
:101B4000BFF36F8F002383F31188BFF36F8F0423DC
:101B5000184602DFEFF31189402383F31288BFF3A5
:101B60006F8F4846FFF7D0FB6FE700BF6C7800200F
:101B7000884200202DE9104883B0089CDDE906BCAE
:101B8000CDE900BCFFF762FD1CB1034B9B685B69AC
:101B9000236003B0BDE810886C7800200346027C07
:101BA00012F01F0F10D10B4A90420FD00A4A106852
:101BB00078B1DA897F2A0BD893F90E20074B1B687E
:101BC0009A4206DA002070470020704700207047D4
:101BD0000020704740400020701A0020A0780020AC
:101BE000044BC01AC010044B03FB00F0034B01224E
:101BF0001A54704740430020ABAAAAAA9C78002040
:101C000070B50C4B1E7CFFF7C9FF044606EB46037C
:101C1000094D05EBC305284613F048FC074B00228D
:101C20009A5504B970BD621ED3170549284600F0C5
:101C3000B1F8F7E76C780020404300209C78002042
:101C4000E11B030038B5EFF31185402383F31288BD
:101C5000BFF36F8F144B9C68144B1B68A34217D0C3
:101C6000124B00221A60104B1B7C114AD35C53B1FB
:101C70002046FFF793FF30B1237C13F01F0F0FD0E6
:101C80002046FFF7BDFF85F31188BFF36F8F38BD86
:101C90002046FFF7B5FF85F31188BFF36F8FF6E796
:101CA000FFF790FCECE700BF6C78002098780020EC
:101CB0009C7800202DE9F8438146884617461E4649
:101CC000EFF31185402383F31288BFF36F8F104B1E
:101CD0001C6A03E041462046C847A46F94B1002E19
:101CE000FBD1002FF6D085F31188BFF36F8F4146EB
:101CF0002046C847EFF31185402383F31288BFF3D2
:101D00006F8FEAE785F31188BFF36F8FBDE8F88323
:101D10006C780020EFF31181402383F31288BFF326
:101D20006F8F0A4B1B6A834204D19A6F074B1A626A
:101D300007E0134613B19A6F8242FAD10BB1826F5A
:101D40009A6781F31188BFF36F8F70476C7800201A
:101D5000034B1868984200D070470020FCE700BF92
:101D6000741A002030B1044A5268904201D00068D1
:101D700070470020704700BF741A002008B5044B5C
:101D80001B680BB1002008BDFCF788F9FBE700BF1A
:101D9000A47800202DE9F04F83B0B3F1FF3F08BFD6
:101DA000B2F1FF3F0ED0044691461F4681600023EA
:101DB000EFF3118A402282F31288BFF36F8F1D4622
:101DC000019335E0002501952846019903B0BDE84F
:101DD000F08FFFF7D3FF8046013547F10006451924
:101DE00046EBE07625616661344A13685268ED1867
:101DF00046EB020301934FF0010B38E0C91A66EB82
:101E00000202016142614368636020601C604460BB
:101E100005E02B4B5A682360626014605C60FFF73A
:101E200097FF844237D08AF31188BFF36F8F012365
:101E3000002BC9D14D460197002FCADA1F4B1968F4
:101E40005B68691843EB07036FF00102521A4FF009
:101E5000FF3161EB030310461946012A73F10003B9
:101E600001DA01200021206161614FF0000BFFF7D2
:101E70006FFF0028CDD001694669236962698B42F2
:101E800072EB060EBADB5B1A62EB0602236162613B
:101E9000FFF768FFEDE70B4B1B68002BC3D1BBF1CD
:101EA000000F06D0404613F0E6FA0021FCF728F9AF
:101EB000B9E7FFF763FF8046F4E700BF584300200F
:101EC000741A0020A478002070B50E462D4B1860BF
:101ED000FFF73EFF044628E02B4A136851685B1960
:101EE00041EBE5711360516000220023C4E9042333
:101EF000204613F0A9FA01224FF00043C4E904235D
:101F000086F31188BFF36F8FA36820469847EFF3DD
:101F10001186402383F31288BFF36F8F194A136829
:101F20005B1B1360FFF714FF04463CB12569616930
:101F3000144B1A68D317AA428B41CDDA44B12369F6
:101F40006269104909685B1A62EBE17223616261A0
:101F50000D4A0C4D2868136851681B1841EBE0715D
:101F60001360516000242C60204613F084FA21464F
:101F7000FCF7C6F886F31188BFF36F8FFFF762FE98
:101F800070BD00BFA47800205843002010B5002287
:101F9000EFF31184402383F31288BFF36F8F13464E
:101FA00011460CE0FFF7EAFE074A13685168C318B0
:101FB00041EBE07184F31188BFF36F8F0122002A97
:101FC000F0D0184610BD00BF58430020EFF3118336
:101FD000402282F31288BFF36F8F01694269B2F128
:101FE000004F08BF012904D083F31188BFF36F8F1E
:101FF00070472DE9F04104461D46866AC26A56EADA
:10200000020105D0B2F1FF3F08BFB6F1FF3F27D173
:10201000236B01332363236A63B185F31188BFF314
:102020006F8F20469847EFF31185402383F3128882
:10203000BFF36F8F04F11803A469A34251D0002CA1
:102040004FD0204613F07CF80023C4F8B43085F359
:102050001188BFF36F8F204613F057F8BDE8F08169
:10206000013E42F1FF321746002A14DB13F061FAF9
:10207000013041F10001801941EB0701012871F1A4
:1020800000010BDA6FF001024FF0FF3317492046D1
:10209000FFF780FEBCE700263746E7E713F049FA72
:1020A000013041F10001801941EB07016FF002039B
:1020B00083426FF000438B4103DA00224FF000436C
:1020C000E4E713F036FA013041F10003801943EBE5
:1020D00007036FF00102121A4FF0FF3161EB0303A7
:1020E000D4E785F31188BFF36F8FB7E7CD1F0300E7
:1020F000F8B51C46EFF31187402383F31288BFF332
:102100006F8FB4F1FF3F08BFB2F1FF3F23D0064607
:102110001546002C0BDB13462146012A74F10004FE
:1021200001DA012300215A1E154641F1FF343046E1
:1021300013F0BCF9DDE90623C6E90A230023336363
:102140002A46234606493046FFF724FE87F31188C6
:10215000BFF36F8FF8BD87F31188BFF36F8FF9E777
:10216000CD1F030070B50446EFF31186402383F3BF
:102170001288BFF36F8F13F099F9E0B93546636A9F
:102180006BB186F31188BFF36F8F636A204698475F
:10219000EFF31185402383F31288BFF36F8F04F1AF
:1021A000180013F01EF858B112F0AFFF2946074887
:1021B00013F03CF870BD86F31188BFF36F8FF9E719
:1021C00085F31188BFF36F8FF4E700BFA878002074
:1021D00070B582B00446EFF31186402383F3128872
:1021E000BFF36F8F836803EA020559400A405340EA
:1021F0000093002201926B46074913F0CAF8009B36
:10220000019A23EA0203A360314604F10C0013F0A3
:102210000DF8284602B070BD2556040070B506467C
:102220000C46154612F0BEFE50B9064B9B68D3F81B
:10223000A80020B12B462246314613F084FA70BD27
:102240000020FCE76C78002008B50146024A002017
:10225000FFF7E4FF08BD00BFF57E03000268124BE4
:102260009A4215D1C269A3F11023A3F1EF139A4248
:1022700010D18368012B0FD8C36813B10269934250
:102280000CD0436963B1826993420BD00020704740
:1022900001207047012070470120704701207047DE
:1022A000002070470120704755AA00FF70B5114B00
:1022B0009D68B5B12846FFF7D1FF064698B9EB688F
:1022C00013B10126304670BD2C69002CFAD020468F
:1022D000FFF7C4FF48B9E368AB4208D1254624693B
:1022E000F3E70126EEE70126ECE70126EAE70126FF
:1022F000E8E700BFA8780020002800F08F8038B5FC
:102300000446474B1B68002B78D0454A9268002A48
:1023100074D0834256D8424A52681344834251D9FA
:10232000A0F120052846FFF799FF00284DD154F869
:10233000183C012B4CD1002344F8183C54F8143CB1
:10234000CBB19A68002A46D15A6854F81C1C0A443A
:1023500020325A6054F8143C54F8102C1A6154F886
:10236000144C236903B1DC6020220021284603F0CD
:102370006DFA2B4625462869002839D08268002A44
:1023800036D16B684268134420336B6003692B615C
:102390006B6913B32BB3AA699A61AB690BB16A6914
:1023A0005A6143696B618269AA61F3B19D61AB694E
:1023B00003B15D612B6903B1DD602022002103F0D0
:1023C00045FA16E0012003F0C7FA012003F0C4FA31
:1023D000012003F0C1FA0023CDE7AA69002AD9D170
:1023E000DFE7AA690E4BDA60D7E70D4BDD60DEE769
:1023F0002BB10B4B1B6913F0020F08D138BD084BF2
:10240000DB68AB6103B15D61054BDD60F1E7FFF7B0
:102410004DFF0028F2D0012003F09EFA704700BF64
:10242000A878002010B50446064B586913F0B6F999
:1024300000B110BD2046FFF75FFF024B586913F053
:10244000B5F9F6E7A878002070B54A4BDC681D683E
:10245000002D00F089809D68002D00F0858001FB33
:1024600000F600287BD000297BD0B6FBF0F0884234
:1024700079D116F1040F79D816F0030F2DD026F07C
:102480000302043200E0A46914B163689342FAD3F2
:10249000002C6DD0A36813BB6168891A232928D842
:1024A0000123A3606369EBB1A2699A61A3690BB1CF
:1024B00062695A6100236361A3612E4B1B6913F0AB
:1024C000010F02D0FFF7F2FE80B904F12005324679
:1024D0000021284603F0BAF946E03246D4E701204D
:1024E00003F03AFAA269234BDA60DFE7012003F038
:1024F00033FA02F120002318203959600021996035
:10250000DC60216919611C4D25501C48D86101B15E
:10251000CB6061695961A0699861D1B18B6199699A
:1025200001B14B610121A1606260236100236361FD
:10253000A361104B1B6913F0010F02D0FFF7B6FE29
:1025400050B904F1200532460021284603F07EF9F7
:102550000AE00849CB60E2E7012003F0FDF900251D
:1025600002E0002500E00025284670BD0025FBE7BD
:102570002546F9E7A878002055AA00FF669911EED4
:1025800038B504460D460A4B586913F007F958B997
:1025900029462046FFF758FF0446054B586913F0BB
:1025A00005F918B9204638BD0024FBE70024F9E7F7
:1025B000A878002038B505460C46184B00221A6052
:1025C0005A609A60DA601A615A611548586113F0CE
:1025D000E1F81449144800F03BF8232C1CD915F0FD
:1025E000030304D01C44043CC3F104031D442246ED
:1025F0000021284603F02AF9084B1D605C609D60AD
:10260000203C6C609A68094911609A68A1F1102118
:10261000A1F1EF11D161DA6038BD00BFA8780020C8
:102620007C1A0020252403008125030055AA00FF01
:1026300008B5024B1B68984708BD00BFE01A002090
:1026400008B5024B1B68984708BD00BFDC1A002084
:10265000024B1860024B196000207047E01A0020FE
:10266000DC1A002039B110B504460A46024B1B683B
:102670000021984710BD7047D8BE0400114B03409D
:10268000B3F1607F0FD0B3F1707F14D101F4E04358
:10269000B3F5005F12D1C1F3022101238B40012B5E
:1026A00006D900207047B1F5885FECD10020704753
:1026B0006FF0860070476FF0860070476FF08600FD
:1026C000704700BF0000C07F8A4200F0B881F8B5B3
:1026D00006460C46154601F0FE4CBCF1C06F18D002
:1026E000BCF1A06F7FD0AC4B9C4200F09580BCF158
:1026F000407F00F0A080A94B9C4200F08A8124F02A
:10270000004323F47F03B3F1106F00F088810020B1
:10271000F8BD22F0FF02A2498A4219D001F580518A
:102720008A4215D0A1F588518A4211D025F4FF7153
:1027300021F00101B1F1062F0AD09A48824207D058
:1027400000F57450814203D0A0F58440814202D14B
:1027500015F0FF0F05D194498D4202D0B5F1062F37
:1027600026D124F0FF018E48814219D000F5805017
:10277000814215D0A0F58850814211D024F4FF7019
:1027800020F00100B0F1062F0AD0864EB14207D0EA
:1027900006F57456B04203D0A6F58446B04207D180
:1027A00014F0FF0004D040F00070804EB04217D00B
:1027B0008BB125F4FF7323F00103B3F1062F06D08C
:1027C00025F4FF6222F00702794B9A4203D125F4E7
:1027D000807524F48074AC4214BF0020012097E778
:1027E00015460C46E4E702F0FE43B3F1A06F7FF418
:1027F0007AAF82EA010333F47E137FF474AF11F4ED
:10280000004F3FF474AFC1F30544C2F30542944254
:102810008CBF002001207BE7A3F500439D4208D038
:1028200025F47E12634B9A4201D0002070E701200C
:102830006EE701206CE705F0FE43B3F1407F7FF4C3
:102840005AAF85EA040333F47E177FF454AF314660
:102850002046FFF713FF002840F0F38015F47C11A9
:102860001FD0C5F30542544B2B40B3F1607F60D0BD
:10287000B3F1707F00F0BA8014F47C1F00F0C480C4
:1028800021B9C4F30543BB4200F0DD8014F4004FCE
:102890003FF431AFC4F3054494428CBF00200120C3
:1028A00036E7454B2B40B3F1607F04D0B3F1707F26
:1028B00031D00A46D7E7EBB243F0007303F17E4311
:1028C000033B122B0BD8DFE803F0320C0E0A0A1080
:1028D000121416181A0A0A1C1E20220A24000A467C
:1028E000C1E71422BFE71422BDE71C22BBE7202268
:1028F000B9E73022B7E74022B5E71C22B3E7202230
:10290000B1E71C22AFE72022ADE73022ABE740223F
:10291000A9E74022A7E706F4E043B3F5005F01D042
:102920000A46A0E7C6F3022301229A409BE7102241
:1029300099E7EBB243F0007303F17E43033B122BA4
:102940009AD801A050F823F0052A03009529030026
:10295000BD2903007928030079280300C129030059
:10296000C5290300C9290300CD290300D12903008B
:10297000D52903007928030079280300D929030009
:10298000DD290300E1290300E5290300792803007C
:10299000E929030014276FE70093C0040002C00375
:1029A000000300060009000600020006FF00000206
:1029B00000400006000140050000C07F14275BE7CF
:1029C0001C2759E7202757E7302755E7402753E7CB
:1029D0001C2751E720274FE71C274DE720274BE70F
:1029E000302749E7402747E7402745E706F4E0431B
:1029F000B3F5005F7FF440AFC6F30220012303FA72
:102A000000F739E7102737E7BA4214BF002001204A
:102A10007EE6B5F1082F7FF472AE012078E605F06E
:102A2000FE43B3F1106F01D0002071E6074B2B403D
:102A300043F01063A34214BF0020012068E6012088
:102A40007047002064E6012062E600BF0000FFF648
:102A50002DE9F041002A71D006460D461F46144666
:102A600022F0FF033B4A93423BD002F5805293424F
:102A700037D0A2F58852934233D024F4FF7222F06B
:102A80000102B2F1062F2CD033498B4229D001F537
:102A900074518A4225D0A1F584418A4221D004F0A4
:102AA000FE43B3F1407F43D0B3F1A06F43D02B4B33
:102AB0009C4214BF00230123002B42D13B462246F7
:102AC00071682846FFF700FE804600283CD13B464F
:102AD0002246B1682846FFF7F7FDC0B34046BDE87F
:102AE000F08114F0FF02DAD01A498B4218D001F5B8
:102AF00080518B4214D0A1F588518B4210D024F420
:102B0000FF7121F00101B1F1062F09D01248834273
:102B100006D0134B994203D0A3F584439942CDD1FB
:102B200042F000720D4B9A42C8D16FF08608D5E78B
:102B3000C4F3C033C0E7C4F3C033BDE76FF0860809
:102B4000CCE76FF08608C9E74FF00008C6E76FF0E2
:102B50008408C3E70003000600090006FF00000226
:102B60000046000610B4C4680388428894B3A2B338
:102B700003F44F40B0F5824F04D0B0F5884F01D038
:102B8000002028E0DBB2222B19D00DDC122B07D15C
:102B900040F209239A4212D1402918D900201AE0A4
:102BA000002018E0002016E0422B18DC272B0CDB5D
:102BB000273B0D4820FA03F313F0010FF2D0073240
:102BC000B1EBD20F0DD3002005E0002003E06FF041
:102BD000860000E0002010BC70470020FBE70020CA
:102BE000F9E76FF08600F6E70102000C70B50D887A
:102BF00000F0FE43B3F1407F40F0A8800446164643
:102C00002946FFF73BFDC8B914F47C1F17D0C4F365
:102C100005433370032B40F29C801946514A2240F1
:102C2000B2F1607F54D0B2F1707F00F08180002259
:102C3000914200F29180202B00F2918070BD494BAF
:102C40002340B3F1607F04D0B3F1707F31D0002313
:102C5000DFE7E3B243F0007303F17E43033B122B43
:102C60000BD8DFE803F0330C0E0A0A101214161802
:102C70001A0A0A1C1E20220A24000023C9E7142372
:102C8000C7E71423C5E71C23C3E72023C1E730238C
:102C9000BFE74023BDE71C23BBE72023B9E71C2384
:102CA000B7E72023B5E73023B3E74023B1E740235C
:102CB000AFE705F4E043B3F5005F01D00023A8E7D8
:102CC000C5F3022201239340DBB2A2E71023A0E761
:102CD000E4B244F0007404F17E44033C122C0BD89F
:102CE000DFE804F0320C0E0A0A10121416181A0A41
:102CF0000A1C1E20220A2400002299E7142297E7CA
:102D0000142295E71C2293E7202291E730228FE7D7
:102D100040228DE71C228BE7202289E71C2287E7CF
:102D2000202285E7302283E7402281E740227FE7A7
:102D300005F4E042B2F5005F01D0002278E7C5F368
:102D400002250122AA4073E7102271E76FF0860086
:102D500074E76FF0850071E76FF086006EE76FF043
:102D600085006BE70000C07F70B504460D460F4834
:102D700012F014FDB0B9064663692B60237F012B66
:102D800008D102232377094812F010FD00B136B1B3
:102D9000304670BD00232B606FF09606F3E76FF0AE
:102DA0008F06F5E76FF08F06F2E700BFC41A002028
:102DB00038B50E4C204612F0F1FC0D4B5D782046E4
:102DC00012F0F4FC0B4812F0E9FC022D06D00024AE
:102DD000E4B2084812F0EAFC204638BD044B1B78E8
:102DE000072B01D00024F3E70124F1E7941A002017
:102DF000C0780020AC1A0020F0B583B005460F461D
:102E000012F040FE044610B1204603B0F0BD2E790A
:102E1000144812F0C3FC10BB6EB901A8394600F08B
:102E20007FFA04460F4812F0C1FC30B1002CEBD100
:102E30006FF08F04E8E70020F0E7002CE4D13F6852
:102E4000BE46AC46BCE80F00AEE80F009CE80700A9
:102E50008EE80700002ED7D1019B7B61D4E76FF08D
:102E60008F04D1E7C41A002060B138B50546064C7E
:102E7000204612F093FC284612F011FF204612F073
:102E800095FC38BD704700BFC41A002030B583B030
:102E900018B90024204603B030BD01A900F092FA11
:102EA00004460028F6D1204812F078FC054620BBE5
:102EB0000198037F032B0FD0022B2FD1032303771D
:102EC0004368DAB2FF2A2CD01B0A17D0826A416A03
:102ED00000F090FC054611E013F025FA0446124874
:102EE00012F064FC20B1002CD4D16FF08F04D1E734
:102EF000002CCFD16FF08704CCE72546019813F062
:102F000012FA044600B92C46074812F04FFC00287C
:102F1000C0D0002CBED16FF08F04BBE76FF09605D8
:102F2000ECE76FF08405E9E7C41A002038B50446E1
:102F30000D46FFF73DFF28B12A462146034813F00E
:102F400046FA38BD6FF08800FBE700BFC478002068
:102F500010B5214812F022FC204B1B7813F0040F0F
:102F600003D023F004031D4A13701C4B1B7813F08D
:102F7000020F1DD1184812F019FC194812F00EFC6E
:102F8000164B5B78E3B9154C00236370042160187D
:102F9000FFF768FB124812F009FC0F4812F0FEFB25
:102FA000237813F0010F0FD10B4812F0FFFB10BD77
:102FB00000F09AF9094A137823F002031370D9E755
:102FC000084813F009FADEE713F0DBF9237823F061
:102FD00001032370E8E700BFAC1A0020C07800208E
:102FE000941A0020C478002038B5FFF7E1FE10B134
:102FF0000024204638BD464812F0D0FB0446002885
:1030000077D1444B1B7813F0020F08D0404812F0E0
:10301000CDFB68B1002C6ED16FF08F046BE000F037
:103020005BF904463B4A137843F002031370EDE763
:10303000002C60D1364812F0B1FB00285ED1354B30
:103040001B7813F0010F08D0314812F0AFFB68B1C4
:10305000002C50D16FF08F044DE013F08EF9044630
:103060002C4A137843F001031370EDE7002C42D192
:10307000274812F093FB10B16FF08F043BE0254B13
:103080001B7803F00105224812F090FB10B16FF09D
:103090008F0430E0204812F081FB90BB1D4B5B7821
:1030A00003B93DB91C4812F081FB60B11CBB6FF045
:1030B0008F0420E0194D284613F084F904460223BA
:1030C00005F8033CEEE7B4B9114812F067FBD8B934
:1030D000104B1B7813F0040F03D143F004030D4A87
:1030E00013700B4812F062FB002882D06FF08F043F
:1030F00001E06FF08F04FFF72BFF7AE76FF08F048A
:10310000F9E76FF08F04F6E76FF08F04F3E700BF85
:10311000AC1A0020C0780020941A0020C478002047
:1031200010B400F140420F2A0CD82C24254B04FB8C
:1031300002331C7F022C39D15A69824226D06FF0AB
:103140008B002EE0421E6FF040439A422BD300F1D9
:103150004043A3F580531C4A934202D800231A46E9
:1031600003E06FF087001CE001320F2A0CD84FF00B
:103170002C0C144B0CFB023393F81CC0BCF1020F57
:10318000F2D15C698442EFD10F2A12D81A7F022A49
:1031900012D11A6AB2F1FF3F11D001321A620B60EC
:1031A000002010BC704700231A46DEE76FF08B004A
:1031B000F7E76FF08B00F4E76FF09600F1E76FF040
:1031C0009600EEE7C8780020FFDFFF3F38B5064CD9
:1031D000204612F0E3FA054B93F8C052204612F055
:1031E000E5FA284638BD00BFAC1A0020C878002098
:1031F00030B58FB0054600230793089309930A93CF
:103200000B930C930D93069300200021CDE904014C
:1032100003930293686900F14043A3F580532D4A5C
:10322000934253D804AA06A913F0DBF8044600BB66
:103230006A69089B0C9213F0FF0F04D123F0FF037F
:1032400043F001030893069B089313F0FF0F01D18D
:1032500000230C9300230193009307AADDE90401E6
:1032600000F01CFA044610F18A0F05D008B96FF07F
:10327000960420460FB030BD03A907A800F040F91E
:1032800004460028F5D10399284612F0C8FC0446EC
:103290000028EED102AB0193AB6A00936B6A07AAD8
:1032A000DDE9040100F0FAF9044658B9029BAB626B
:1032B0000DF11C0CBCE80F000FC59CE8070085E869
:1032C0000700D6E7284612F0DFFCD2E76FF08B0448
:1032D000CFE700BFFFDFFF3F024B012283F8C02290
:1032E00000207047C878002038B500259DB10B4BF1
:1032F000002283F8C02238BD2C23084803FB0400B9
:10330000012303620323037712F0C9FC01340F2C5D
:10331000F2D90135EAE72C46F9E700BFC87800206A
:10332000F8B507460E46FFF751FF00283ED00025AE
:103330002A4600E001320F2A11D82C241F4B04FB2F
:1033400002331C7F64B1002DF4D1022CF2D1196A32
:103350000029EFD119790029ECD01D46EAE70023B6
:1033600083B11A7F3ABB01221A7747B1134A9A1ADE
:103370009210134901FB02F202F180423A6033607D
:103380000020F8BD6DB12B7F022B05D12B6AB3F164
:10339000FF3F01D001332B62284612F080FC38B980
:1033A0002B46002BDDD16FF08C0001E06FF0880020
:1033B00000233360E5E76FF09600F9E7C878002056
:1033C000A38B2EBA70B506460C4600230B60FFF7A0
:1033D000FDFE00285AD0304812F0E0F9002858D1FC
:1033E00021463046FFF79CFE054610F18C0F09D0B0
:1033F000294812F0DBF900B10DB1284670BD6FF01D
:103400008F05FAE721460020FFF78AFF054618B12D
:10341000214812F0CBF9F0E723685E6123680122AE
:103420005A602068FFF7E4FE054688B1206812F074
:1034300036FC15F18C0F20D000232360164812F0C3
:10344000B5F90028D9D0002DD7D16FF08F05D4E77A
:103450002068083012F058FF23681A7F012A01D132
:1034600002221A772268137F022B09D1136AB3F163
:10347000FF3F08D001331362E0E76FF08705DBE719
:103480006FF09605D8E76FF09605D5E76FF08805E1
:10349000B3E76FF08F05B0E7C41A002010B50446FB
:1034A0000A4812F07BF968B9204612F03CFF044646
:1034B000064812F07BF900B10CB1204610BD6FF048
:1034C0008F04FAE76FF08F04F7E700BFC41A0020FB
:1034D00008B51946436800220A60074AB2EB132F69
:1034E00004D04FEA132C054B9C4502D100F0E8FBB9
:1034F00008BD6FF08600FBE7004E80004B4E800059
:1035000008B5436800220A60074AB2EB132F04D0C3
:103510004FEA132C054B9C4502D100F0D1FB08BDAE
:103520006FF08600FBE700BF004E80004B4E80002E
:10353000F8B504460D4616461F464068000A05D0F9
:103540000E4B984214D06FF0860015E0238813F4D8
:10355000804F06D03B46204600F0E4FE10F1860F77
:103560000AD13B4632462946204612F0A7FD03E029
:103570003B46204600F0D6FEF8BD00BF4B4E800013
:10358000F0B585B004460D4616461F4643681A49F5
:10359000B1EB132F1FD01A0A184B9A421BD042BB13
:1035A0000C9B02930B9B01930A9B00933B46324674
:1035B000294600F079FE10F1860F18D10C9B02937A
:1035C0000B9B01930A9B00933B46324629462046BB
:1035D00012F038FB0BE00C9B02930B9B01930A9BB0
:1035E00000933B4632462946204600F05DFE05B07A
:1035F000F0BD6FF08600FAE7004E80004B4E800071
:1036000010B582B044685FEA142C05D00A4CA4457A
:103610000AD06FF0860005E0059C0194049C00949C
:1036200012F063FB02B010BD059C0194049C009451
:1036300013F024F9F6E700BF4B4E8000F0B583B0DD
:1036400004460D4616461F4643681249B1EB132F38
:1036500014D01A0A104B9A4203D012B16FF08600B0
:1036600016E0099B0193089B00933B46324629468E
:10367000204613F099F810F1860F09D1099B0193A8
:10368000089B00933B4632462946204613F08CF8AF
:1036900003B0F0BD004E80004B4E800030B583B0CB
:1036A00054680A4DB5EB142F04D04FEA142C084C83
:1036B000A44507D1079C0194069C009400F054FE99
:1036C00003B030BD6FF08B00FAE700BF004E800002
:1036D0004B4E800030B587B044685FFA83FC4CF0F5
:1036E000007C0E4DAC4512D0240A14B10C4DAC42F6
:1036F00010D10E9C04940D9C03940C9C02940B9C82
:1037000001940A9C009412F00DFF07B030BD6FF0D9
:103710008500FAE76FF08600F7E700BF05000002BA
:103720004B4E8000F0B583B00546089E4C68F0B261
:1037300040F000700C4FB8420FD0240A14B10B486F
:1037400084420DD1009605F1080012F0CEFE08B1BA
:1037500003B0F0BD05232B60FAE76FF08500F7E7B3
:103760006FF08600F4E700BF050000024B4E8000BA
:10377000F0B583B00546089E4C68F0B240F000708A
:103780000C4FB8420FD0240A14B10B4884420DD11B
:10379000009605F1080012F0B3FE08B103B0F0BDC9
:1037A00005232B60FAE76FF08500F7E76FF08600DE
:1037B000F4E700BF050000024B4E800010B586B054
:1037C00044685FEA142C02D0094CA4450DD104933F
:1037D0000C9B03930B9B02930A9B0193099B009301
:1037E000089B13F003FA06B010BD6FF08600FAE7ED
:1037F0004B4E800008B54268044BB3EB122F02D148
:1038000013F075F808BD6FF08500FBE74B4E8000A4
:1038100008B5482006F0C7FC024B0722C3F808236E
:1038200008BD00BF0080045008B50C4B186814F0A8
:1038300049F90B4A1368591C116023B1074B1868EA
:1038400014F048F908BD074AD2F8003443F00703E2
:10385000C2F80034482006F0A1FCEFE7E81A002087
:103860008C7B00200080045008B5154B186814F0BC
:1038700029F9144A1368013B136023B1104B1868EF
:1038800014F028F908BDFFF7C3FF0F4BD3F800244D
:1038900022F00702C3F800240022C3F80021D3F865
:1038A0000011C3F80421D3F80411C3F80821D3F898
:1038B0000831064B4FF48072C3F88821DEE700BF61
:1038C000E81A00208C7B00200080045000E100E01A
:1038D00010B5124B1A68124B9A421BD0FFF7A4FF87
:1038E00001F066FB01F0A8FB68B901F073F804462B
:1038F00068B913F0F0F80446FFF7B6FF5CB9074B60
:10390000074A1A6007E000F019F80446F4E7FFF7E9
:10391000ABFF00E00024204610BD00BFE41A0020E9
:10392000117365004269044B1344022B01D8012036
:1039300070470020704700BFFF3F00800A2846DC28
:1039400010F1550F35DB00F155035F2B3CD8DFE854
:1039500003F0383B3B3B3B3B3B3B3B3B3B3B603B18
:103960003B3B3B3B3B3B63603B3B3B3B3B3B3B3B5A
:103970003B3B3B3B3B3B3B3B3B3B3B3B3B3B3B3B97
:103980003B3B3B3B3B3B69663B3B3B3B3B3B3B3B2E
:103990003B3B3B3B3B3B3B6C3B3B3B3B3B3B3B3B46
:1039A0003B3B3B3B7E663B833B3B3B3B3B3B6C3B80
:1039B0003B6C6FF086007047002070476FF0860008
:1039C00070476FF0930070476FF0860070476D2866
:1039D00040DC64281ADB64380928EFD801A353F8C7
:1039E00020F000BF493A0300BD390300BD39030090
:1039F000B9390300313A0300433A03003D3A03006A
:103A0000BD390300BD390300373A03006FF086006B
:103A100070476FF0840070476FF0890070476FF057
:103A2000920070476FF0880070476FF09400704705
:103A30006FF0850070476FF08C0070476FF0930057
:103A400070476FF0860070476FF0980070476FF016
:103A5000850070476FF08600704700BFF8B50546D7
:103A60000E4617461C461C21184614F08EF86B684B
:103A70002549B1EB132F07D01A0A244B9A4221D0C3
:103A8000266067600020F8BD3378214A2261214A10
:103A9000E260666113F003030CD0023303F003030A
:103AA000012B28D86B880733DB0863601A4B23602F
:103AB0000020E8E76B880733DB086360174B23605F
:103AC0000020E0E72846FFF72DFFB8B90023224683
:103AD00042F8183F6261E36023616A69104B9A42C1
:103AE00004D077B1266067600020CCE720236360B4
:103AF0000A4B2360C7E76FF08400C4E76FF08500CE
:103B0000C1E76FF09600BEE74B4E8000004E80008C
:103B1000914703009B6A040000000020400081518F
:103B200004C0FF7F074B0022C3F81021C3F80C210B
:103B3000C3F80021C3F80421C3F80821C3F81421F5
:103B4000704700BF0050045038B505460C46FFF7DB
:103B5000E9FF01232B60236843B9104BD3F80C31E4
:103B600023B90E4BD3F80831002BF4D0236853B996
:103B70000B4B9C420CD0A3F58473D3F8083153B996
:103B80004FF0FF3400E00024FFF7CCFF204638BDA3
:103B90004FF0FF34F8E76FF00204F5E700500450EF
:103BA0000851045038B5A1B104460D46002101204A
:103BB000FBF760FD0848C0F80045C0F80455074908
:103BC000FFF7C2FF044600210846FBF753FD2046DD
:103BD00038BD6FF00104FAE7005004500051045062
:103BE00008B5044BC3F8000503490448FFF7ACFFD0
:103BF00008BD00BF0050045004510450045004504C
:103C000010B5044600210120FBF734FD064BC3F834
:103C1000004506490648FFF797FF0446002108467D
:103C2000FBF728FD204610BD0050045008510450F9
:103C30000850045071B110B50C46084BC3F800058C
:103C400007490848FFF780FF18B9044BD3F8083537
:103C5000236010BD6FF00100704700BF005004509A
:103C6000105104500C5004504369144A934210D030
:103C7000013A934216D902F5FF427E321A44012AD4
:103C800013D80388B3F5105F15D102230B60002011
:103C90007047028847F212139A4209D102230B603F
:103CA000002070476FF0860070476FF08600704705
:103CB0006FF0860070476FF08600704701C0FF7F8D
:103CC00010B54268B0F800C04388284CB4EB122FFE
:103CD00010D04FEA122E264A964544D10CF44F429A
:103CE000B2F5824F09D0BCF5885F38D002230B6053
:103CF000002010BDFFF7B8FFFBE744F21210844527
:103D000003D00733DB080B60F2E7B2F5844F13D022
:103D1000B2F5884F14D0B2F58E4F17D05FFA8CF2FF
:103D2000422A16D05FFA8CFCBCF1410F14D0073345
:103D3000DB085B00013301E00733DB080B60D7E7EA
:103D40000733DB0803EB43030133F7E70733DB08F3
:103D5000F4E70833DB08F1E70733DB08EEE7073366
:103D6000DB080B60C4E76FF08600C2E7004E8000FE
:103D70004B4E80002DE9F04194B08046002108466A
:103D800001F0ACF8074610BB0DF1270424F01F0426
:103D900000262F2E27D8244D01221021284612F06C
:103DA00037FB10230193A21900922A462021A5F186
:103DB000200000F0A3FE054668B910361B4A136BBD
:103DC000516B013341F1000113635163E1E7FFF7E8
:103DD000B5FD074623E0002001F06EF82846FFF706
:103DE000ADFD07461BE0002001F066F8B8F1000FBA
:103DF00004D030224146204612F0F7FADFF82CC0FA
:103E0000654626460FCE0FC596E80F0085E80F00E1
:103E10000CF12005203494E80F0085E80F003846A7
:103E200014B0BDE8F08100BF804300206043002053
:103E300010B58CB03021684612F025FB98B9684661
:103E4000FFF798FF044610B120460CB010BD302398
:103E500000221946684613F08DFE044B0020002115
:103E6000C3E90C01F0E76FF09204EDE76043002036
:103E70001A4B9A6B1A4B9A422ED010B58CB0194B34
:103E8000186813F01FFE402300221946134813F050
:103E900071FE3021684612F0F6FA044640B1114B2B
:103EA000186813F017FE2046FFF748FD0CB010BD50
:103EB0006846FFF75FFF08B10E24F0E730230022C9
:103EC0001946684613F056FE044B01200021C3E951
:103ED0000C01034A9A63E2E7002070476043002028
:103EE000B4A5B4A5EC1A00202DE9F0418CB005462C
:103EF0000E4690460DF1270727F01F0702F10F0429
:103F0000240922B100297FD0B2F5803F7FD8414BF0
:103F1000186813F0D7FD404A136B526B13431FD040
:103F20003D4B1A6B5B6BA41843F100034FF0FF325B
:103F3000A2424FF6FF729A4103D2FFF779FF05467E
:103F4000C8B90021084600F0C9FF044640B3314B10
:103F5000186813F0BFFD2046FFF7F0FC05464FE060
:103F60002846FFF785FF05460028D9D0294B186859
:103F700013F0B0FD44E0274B186813F0ABFD3FE0B1
:103F80003B5D33550134AC42FAD3A8EB05082E440F
:103F9000214A136B516B013341F1000113635163EB
:103FA000B8F1000F21D04546102D28BF10251B4C1D
:103FB00001221021204612F02BFA102301930097C2
:103FC00022462021A4F1200000F098FD044600289C
:103FD000D9D0002000F070FF0E4B186813F07AFD66
:103FE0002046FFF7ABFC05460AE0002000F064FF26
:103FF0000020FFF7BFFE0546064B186813F06AFD68
:1040000028460CB0BDE8F0816FF08605F8E76FF048
:104010008605F5E7EC1A002060430020804300206D
:1040200070B5049C0568002D70D1046014F47C15F3
:104030000AD0C4F30545456024F47E14364DAC42E5
:1040400067D100F0B3F870BD344E2640B6F1607F02
:104050000DD0B6F1707FEED10E8806F4E04CBCF5C1
:10406000005FE8D1C6F302260125B540E3E7E6B2DA
:1040700046F0007606F17E46033E122EDBD80FF2A4
:10408000080C5CF826F000BF09410300D54003008E
:10409000D94003003740030037400300DD400300F0
:1040A000E1400300E5400300E9400300ED40030068
:1040B000F14003003740030037400300F5400300A0
:1040C000F9400300FD4003000141030037400300B5
:1040D000054103001425AEE71425ACE71C25AAE72B
:1040E0002025A8E73025A6E74025A4E71C25A2E760
:1040F0002025A0E71C259EE720259CE730259AE790
:10410000402598E7402596E7102594E76FF0880052
:1041100099E76FF0850096E70002C0030000C07FBA
:1041200003684BB15AB110B523F47E13064CA34279
:1041300007D112F039FA10BD6FF0880070470020E7
:1041400070476FF08500F6E70002C00370B50446C3
:10415000006800B30D461E4601B36368934220D841
:1041600020F47E10104B984204D06FF0960000238C
:10417000336070BD204612F0ABFA0028F7D16268B8
:1041800004F10C012846E5F759FD636833602046C9
:1041900012F0C1F9EDE76FF08800EAE76FF08600F2
:1041A000E7E76FF08900E4E70002C0032DE9F04182
:1041B0000E4611461C4673683288B2F5105F3ED138
:1041C00005461B0A0F2C05D8214A934202D04B3AD0
:1041D000934237D1202C38D805F5B277224638469D
:1041E000E5F72CFD05F5A4784346224639463046CE
:1041F000FFF734FC044610B12046BDE8F08105F11C
:1042000064060121304600F069FE78B9414605F1A7
:10421000500012F03AFD0446304600F04DFE4CB915
:104220001023AB60002385F84C30E5E7FFF786FBF1
:104230000446E1E72046FFF781FB0446DCE76FF028
:104240008504D9E76FF08604D6E76FF08604D3E7DC
:104250004B4E8000602A20D8F8B504460E4615461D
:104260000F4B186813F02EFC204612F016FC074680
:1042700068B1204600F08CFA0446094B186813F028
:1042800029FC04B127463846FFF758FBF8BD2A46FB
:1042900004493046E5F7D2FCEBE76FF08900704740
:1042A000F01A0020000000202DE9F04184B00A9DA2
:1042B0000B9E0C9FB0F800C000243C60346035B306
:1042C00044684FEA1428DFF858E0BEEB142F12D0F0
:1042D000B8F1000F1ED12CF0FF0CBCF5E24F10D04E
:1042E000BCF5824F19D102970196009513F06AF838
:1042F00004B0BDE8F08102970196009512F021FA12
:10430000F6E702970196009513F034F8F0E76FF0A6
:104310008600EDE76FF08500EAE76FF08500E7E7DC
:104320004B4E800070B5B0F800C044680D4DB5EB41
:10433000142F0AD0260A5EB96AB12CF0FF0CBCF526
:10434000E24F0BD112F09DFF70BD12F056FAFBE761
:104350006FF08500F8E76FF08600F5E76FF08500F5
:10436000F2E700BF4B4E800010B582B0094C041933
:1043700061F1000C032C7CF1000C07D3059C019427
:10438000049C009412F0C2FB02B010BD6FF08500D7
:10439000FAE700BFFF3F0080037813F00F0F40F0F3
:1043A0008E8070B582B004460D464388C3F3C113B6
:1043B000022B06D0032B06D0012B40F08380012274
:1043C00002E0032200E002224A4B13436B6013F029
:1043D000FF0F01D100236B61237803F03003102B12
:1043E00004D0E3785B080022164609E041F201039D
:1043F0002B804FF4C0736B80002068E05B080132B3
:104400004BB113F0010FF9D0062A5ED83A4951F8A2
:1044100022100E43F2E7019601A812F06CFA019BFC
:10442000AB602368C3F38533242B13D0382B17D00C
:10443000142B4ED14FF410532B80304BEB60A378EC
:10444000C3F30213013B052B46D8DFE803F0182A1B
:104450002D3045344FF410532B80294BEB60EEE7A1
:10446000A37803F07003302B05D047F212132B8092
:10447000244BEB60E3E747F241132B80F8E78023FE
:104480006B80237813F0300F29D12B88B3F5105FA0
:1044900027D116F0010F27D116F0020F27D10020E7
:1044A00015E0C0236B80ECE7FF236B80E9E74FF456
:1044B00080736B80E5E74FF4C0736B80E1E76FF0CA
:1044C000880070476FF0910001E06FF0830002B048
:1044D00070BD6FF09200FAE76FF09800F7E70020E8
:1044E000F5E76FF09600F2E76FF09600EFE76FF0F8
:1044F0009600ECE7004B4E80DCBE04000044400414
:104500000002C0030000020938B505460C4600232E
:104510000B604369C3F301330A7863F305120A7031
:10452000D3B213F0300308D1826812F0010F40F0CB
:10453000E08012F0020F40F0DF80102B15D0EB6806
:1045400003F0FE42B2F1A06F08D0794A934218D02E
:10455000784A93422DD0784A93421ED02B7DF82B77
:1045600040F0D68000239C4648E06388022262F334
:10457000C8136380A378052262F30613A37000209A
:1045800038BD2368142262F3933323602B88B3F57C
:10459000105FE7D06FF08500F2E72368242262F312
:1045A000933323602B88B3F5105FDBD06FF0850069
:1045B000E6E7284612F0AEF9002800F0A0802B882C
:1045C00003F44F42B2F5824F13D0B2F5884F10D0AA
:1045D000B2F5824F03D0B2F5884F40F09380DBB242
:1045E000412B40F092802368382262F3933323609A
:1045F000B8E7D9B21229EBD1F5E70133062B10D871
:10460000AA684E4951F823001042F6D0E278012101
:10461000994041EA520161F34702E2704CEA000C12
:10462000EBE7AB6833EA0C0375D16B88FF2B40D006
:104630000BD9B3F5807F42D0B3F5C07F12D1A378F8
:10464000062262F30613A37014E0802B0DD0C02B5A
:1046500005D1A378022262F30613A3700AE06FF07B
:1046600085008DE76FF085008AE7A378012262F369
:104670000613A3706B69C3F30133227863F3051249
:104680002270D3B213F0300F06D1AB6813F0010FD4
:1046900044D113F0020F44D12B79022B23D017D829
:1046A000012B12D16388012262F3C81363800020BA
:1046B00066E7A378032262F30613A370DAE7A37810
:1046C000042262F30613A370D4E76FF0860057E765
:1046D000032B01D0FF2B27D16388022262F3C8137A
:1046E000638000204CE7638843F4C073638000203C
:1046F00046E76FF0860043E76FF0860040E76FF013
:1047000085003DE76FF085003AE76FF0850037E7F9
:104710006FF0850034E76FF0850031E76FF08600B9
:104720002EE76FF086002BE76FF0860028E700BFCA
:1047300000444004000002090002C003DCBE040083
:10474000F8B560291DD805460C460F4B186813F0C4
:10475000B9F9284612F0A1F9FFF7F0F8064628B19A
:10476000094B186813F0B6F93046F8BD074F2246DA
:1047700039462846E5F762FA6021384613F005FA13
:10478000EEE76FF08906EFE7F01A00200000002046
:1047900008B5037813F0030F02D112F09CF928B981
:1047A0006021034813F0F1F9002008BD0220FCE766
:1047B0000000002043681F4AB2EB132F36D1D9B254
:1047C000032930D010B584B003AA02A912F009F968
:1047D00068B9002400E00134039BA34209D9029880
:1047E0002044FFF7FDF90028F5D06FF0840004B0F5
:1047F00010BD9DF8042022F003028DF80420D2B2EF
:1048000063F384028DF80420029B8DF8053001A823
:10481000FFF7BEFF0399029812F0F4F80028E6D1E2
:1048200012F00BF9E3E76FF0840070476FF08B0034
:10483000704700BF4B4E80002DE9F04788B004461A
:104840000D4616461F4612F0F8F8814618B1484644
:1048500008B0BDE8F08707A92046FFF755FE81465E
:104860000028F4D19DF81C30C3F30113012B3CD078
:10487000032B17D0002B40F090802388B3F5105FF6
:1048800040F08E80A7F11002102A00F28C804D4B70
:10489000D34013F0010F02D0DFF82CA129E06FF014
:1048A0008609D4E7412F1BD018D8202F0ED8102FFF
:1048B0007CD3A7F11002434BD34013F0010F02D079
:1048C000DFF808A115E06FF08609C0E7302F02D1AC
:1048D000DFF8F8A00DE06FF08609B8E7612F68D126
:1048E0000136013FDFF8E4A003E0302F64D1DFF8A8
:1048F000E0A00F374FEA17180024444506D22819C4
:1049000011F0B6FD00285AD00134F6E71F2F08D861
:104910000024009401940294039404940594069452
:1049200021E04146284612F06DF881460028EFD07C
:104930008DE74FF0FF330693BDF81E30C3F3C1136C
:104940000493B318EC46B05859689A68DB68ACE831
:104950000F0069462819FFF725F978B91C21684628
:1049600013F013F9013444450CD222010AEB04136D
:104970000593002CDDD1079B0693DDE712F05DF86F
:104980006FF092091F2F7FF662AFB9F1000F7FF42D
:104990005EAF12F079F8814659E76FF0860956E765
:1049A0006FF0850953E76FF0860950E76FF08609CD
:1049B0004DE76FF086094AE76FF0860947E76FF029
:1049C0008A0944E7010101004000815100000020F4
:1049D0001084045030B591B00023019302930393E7
:1049E0000493059306930793F82011F041FD18B93D
:1049F000F92011F03DFD58B320220DEB02010020FB
:104A0000FFF772FA044610B1204611B030BD4FF4E2
:104A100080740094684611F06EFF009B03930D4B69
:104A200004934FF41053ADF80430ADF806400A4B30
:104A300002930A4B069308AD20232A46F82101A8C9
:104A4000FFF7FAFE04462021284613F09EF8DBE724
:104A50000024D9E70010C004014B4E80F800FF7F0E
:104A600030B583B00D4614466A4601A911F0B2FF75
:104A7000A8B9BDF80230C3F3C113022B05D0032B34
:104A800005D0012B0DD1012202E0032200E0022219
:104A9000054B13432B60019B23600023636003B02D
:104AA00030BD6FF08600FAE7004B4E8020F00043E7
:104AB00023F47F03B3F1106F0DD00E4B034043F08E
:104AC00010630D4A934212D0A2F5803293420BD06C
:104AD0006FF086007047074B034043F01063064AAF
:104AE0009342EAD1002070476FF0850070476FF065
:104AF000850070470000FFF60000020930B583B062
:104B00004FF480740194234C01AD2560224DA560C3
:104B10001125E56004F110056560206141F0005148
:104B2000A16140F61101E16104F12001616122629D
:104B300043F00053A3622123E36201216162174B1A
:104B4000069A1A60079A42F000529A605960202231
:104B5000DA60BFF35F8F4FF0A3421460BFF35F8F43
:104B6000BFF35F8F1361BFF35F8FBFF35F8F0323CB
:104B70005363BFF35F8FBFF35F8F9363BFF35F8FA9
:104B80004FF0FF3001E012F016F9B0F1FF3FFAD01C
:104B900003B030BDA07B002004000020907B0020EB
:104BA00000294DD038B504460D460B68002B41D086
:104BB000AB684BB96B68103B102B44D8254A22FADE
:104BC00003F313F0010F41D02561EB681BB1686955
:104BD000984700282DD1204B236001236360AB68E8
:104BE0009A01D2B29B081B0703F0E0431A4311233A
:104BF00042F4803204F1780104F1140000F02EF840
:104C0000AB6893B9A3692A681A606B68A26943F01C
:104C10000053936023689A69A3699268DA60A36974
:104C20001033A3616368013363600020A060102328
:104C3000E36038BD8B68002BBAD16FF02100F8E734
:104C40006FF0210070476FF04100F2E76FF0410014
:104C5000EFE700BF01010100F8BE040041600261FE
:104C600000F11402826000F11002C2600A60426822
:104C7000034991604268D3604368103343607047D2
:104C800004000020BFF35F8F094B1B6BBFF35F8FE6
:104C9000C3F34202052A04D013F00C0F04D0002005
:104CA00070476FF0510070474FF0FF30704700BF02
:104CB00000108051BFF35F8F054A1368BFF35F8F09
:104CC00043F00103BFF35F8F1360BFF35F8F704743
:104CD00000108051BFF35F8F094A1368BFF35F8FE5
:104CE00043F48071BFF35F8F1160BFF35F8F23F4D4
:104CF0008073BFF35F8F1360BFF35F8F704700BF98
:104D000000108051BFF35F8F114B5B68BFF35F8F63
:104D1000032B1AD910B5044600230EE0BFF35F8FB2
:104D20000B4AD2F88010BFF35F8FBFF35F8F103252
:104D300042F82310BFF35F8F0133032BEED912F03B
:104D4000C3F901236360002010BD4FF0FF307047AE
:104D50000010805170B505460C4600230360436087
:104D6000FEF762FD01232B70FFF7B4FFBFF35F8FE7
:104D7000204BDB68BFF35F8F9B08013BA4B3226825
:104D800012B19A4229D81346A668606808B94FF450
:104D90000070E56805B9F1252269BFF35F8F1549F9
:104DA0008B60BFF35F8FBFF35F8F0E64BFF35F8FC6
:104DB000BFF35F8F4D64BFF35F8FBFF35F8F4863B7
:104DC000BFF35F8F42F4802242F00102BFF35F8F96
:104DD0000A60BFF35F8F002070BDFEF745FD002322
:104DE0002B706FF03F00F7E700224FF40070F125C1
:104DF0001646D2E7001080510378002B38D070B5EA
:104E000006460D461446FFF73DFFE0B97368ABB1A7
:104E1000BFF35F8F194B9B68BFF35F8F0133B4EB18
:104E2000031F28D8BFF35F8F144B5B68BFF35F8FFE
:104E3000B4EB830F11D94FF0FF3004E03046FFF799
:104E400061FF0028E4D070BD05F8012B120A013380
:104E5000013C032B01D8002CF6D1002CF3D0BFF37A
:104E60005F8F064BD3F88020BFF35F8F0023F0E7FE
:104E70006FF0200070476FF03F00E4E700108051B2
:104E8000BFF35F8F4FF0A3430022DA61BFF35F8F60
:104E9000BFF35F8F4FF0FF321A63BFF35F8FBFF333
:104EA0005F8F3422DA61BFF35F8F024B0122C3F8B8
:104EB000042370470080045010B5044608B10378FD
:104EC00043B1FEF7D1FC044B186812F003FE0CB19D
:104ED0000023237010BD00BFF01A002070B582B00F
:104EE00005460C46FEF7A0FC14F0010404D001A80E
:104EF00000F05EF9064668B90F4B186812F0E2FD43
:104F00000DB101232B70FFF7BBFF34B900263046EB
:104F100002B070BDFEF7A8FCF9E7019812F012FB91
:104F2000064604210DEB010012F02FFE002EEED0FC
:104F30002846FFF7C1FFEAE7F01A002008B5194B31
:104F4000D3F8003123B9174BD3F80831CBB908BDDA
:104F5000BFF35F8F4FF0A343996ABFF35F8FBFF337
:104F60005F8F4FF0FF321A63BFF35F8F0D4B00224C
:104F7000C3F80021D3F800310B4B186812F0C4FDC0
:104F8000E5E700F0A9F812F0C2F8064B0022C3F8DA
:104F90000821D3F808310121044B186812F0B4FD40
:104FA000D5E700BF00800450F81A0020F41A002052
:104FB00008B5074B186812F091FD064B186812F0FF
:104FC0008DFD00221146482005F0F2F808BD00BF13
:104FD000F81A0020F41A002008B5054B1B780BB90D
:104FE000002008BD034B186812F080F8F9E700BFF5
:104FF000F17C0020F81A002008B5024B186812F066
:1050000075F808BDF41A0020094BDB6C0BB1094898
:10501000704710B5064C1821204612F07EF804F1B6
:105020004C0112F0ABF80123E364024810BD00BF4D
:10503000D07B00201C7C002008B50D4B0D4A1A6067
:1050400002F5C0425A601B61FFF7DEFF68B1084BF2
:105050001B6DB3F5007F05DC4FF40072044B9A60C2
:10506000002008BD4FF48062F8E70E20F9E700BF8A
:10507000D07B00200020805110B50446124B1868E8
:1050800012F020FD114B1A6822605A6862609A681B
:10509000A26023610E4A12689A660023A364FEF799
:1050A000C3FB0C4B0422C3F8042301E0FFF7A4FF69
:1050B000204612F035F80028F8D1204612F03BF8CF
:1050C0000028F3D110BD00BFFC1A0020D07B0020C7
:1050D00024BF04000080045000487047D07B0020AB
:1050E00010B50446084B0422C3F80823FEF7BCFBA6
:1050F0002369064A12689A6600236364044B1868A1
:1051000012F0E8FC10BD00BF0080045024BF040072
:10511000FC1A0020254B0340B3F5806F2BD013DC25
:10512000402B2BD009DDB3F5807F2DD0B3F5007F68
:105130002CD0802B2CD10B231EE0102B20D0202B29
:1051400020D0CBB1022317E0B3F5804F22D00ADC88
:10515000B3F5805F20D0B3F5005F1FD0B3F5006FCB
:105160001ED1062308E0B3F5004F1BD0B3F5803FF6
:105170001AD1032300E01123184670470A23FBE7E6
:105180000C23F9E70923F7E70823F5E70723F3E7FB
:105190000223F1E71423EFE70523EDE70423EBE710
:1051A0000223E9E70F23E7E70223E5E7F0FF010029
:1051B00010B50446104B186812F084FC0F4B1B68A6
:1051C00073B10E4A1368013B0D4951F82310216059
:1051D00013600024084B186812F07CFC204610BDB8
:1051E000802207490020FEF77FFE18B9034B2022DA
:1051F0001A60E6E70224EDE7001B00203C7C00205B
:10520000407C0020B0F5807F15D009D9B0F5C07F73
:1052100015D040F2092398420AD06FF086007047FB
:10522000E02802D06FF0860070476FF0850070476D
:105230006FF085007047034B0B60002070476FF0E4
:1052400085007047B8C0040070B582B004460D46B2
:1052500016460E4B196811F08BFF6B46002229464B
:10526000204612F0DFFA08B102B070BD204612F0FD
:1052700069FA0346019A0099304612F0D3F92046A4
:1052800012F03DFB204611F068FFEDE788C10400F5
:1052900008B5222817D88C4612280ED3A0F1120385
:1052A000102B29D8DFE803F020282828280C2828EC
:1052B000280C2828282828280C006FF086001DE0DC
:1052C0006FF085001AE0422819D8272809D327381B
:1052D000C0B20C4BC34013F0010F0AD06FF0850031
:1052E0000CE06FF0860009E011466046FFF78AFF88
:1052F00004E06FF0860001E06FF0860008BD6FF0FB
:105300008600FBE71102000C1238C0B21E2805D837
:10531000034B23FA00F000F00100704700207047B3
:105320002102214238B505460846114602F1070C14
:105330001A78042A15D14FEADC0C4FEA4C0C0CF118
:10534000010C049A62450FD1094C2C4044F01064C2
:10535000084A944201D0002038BD1A4611F05FFF80
:10536000FAE76FF08600F7E76FF08600F4E700BF1A
:105370000000FFF60000020970B5B0F800E00EF47E
:105380004F43B3F5824F05D0B3F5884F02D04FF0AD
:10539000000C01E05FFA8EFCC5680EF4E04E0023BD
:1053A00010E003EB83042C4800EB8400C6681BE08C
:1053B00003EB8304284800EB8400406814688442AF
:1053C0001FD00133122B2DD803EB8300224C14F88D
:1053D00020006045F5D1BEF5804FE2D003EB830499
:1053E0001D4800EB8400866810680028E0D18E42DA
:1053F000DED103EB8304184800EB840040681060A2
:10540000D6E78E421DD103EB8303134A02EB8303DD
:105410001B7C23B1BCF1420F07D0002004E06FF0E9
:10542000850001E06FF0860070BD0C4B9D420BD0F3
:1054300003F20B139D4209D00A339D4208D100208C
:10544000F2E76FF08600EFE70020EDE70020EBE7E2
:105450006FF08600E8E700BF3CBF040000080006CC
:10546000A0F1120C5FFA8CFCBCF11E0F15D808B528
:1054700096460B4A22FA0CF212F0010F02D16FF09D
:10548000850008BD1946042201F8012B029A7046D6
:1054900000F092F8FEF752FAF3E76FF085007047DC
:1054A000210000402DE9F04385B005460F4698469F
:1054B000B0F80290048804F44F43B3F5824F04D04F
:1054C000B3F5884F01D0002400E0E4B249462046FD
:1054D00011F0C1FE06460C9B98421BD803AA494610
:1054E0002046FFF7D5FE78B96A680C4BB3EB122F54
:1054F0000DD0039B009343463A4649462046FFF7AA
:10550000AFFF08B90D9B1E6005B0BDE8F0836FF0DA
:105510008500F9E76FF08900F6E700BF004E8000D4
:105520002DE9F04385B00446884691461F46214B3D
:10553000196811F01DFE00260EE0039B029A4146F9
:10554000204612F02AF9204612F0D9F9204611F02F
:1055500004FE054648BB0136092E19DC01AB0022CA
:105560004146204612F05EF90546F0B9204612F099
:10557000E9F8054602460199484612F01EF8002F48
:10558000DBD02B46039A0299384612F04BF8DAE743
:10559000204612F013F90646204612F0D3F80246D0
:1055A0000C9B7168306812F02EF8284605B0BDE8F3
:1055B000F08300BFA0C104002DE9F04796B0074674
:1055C0008A461546D2F8048003AC2046FFF754FD06
:1055D000294BD3F800904946204611F0C9FD00261A
:1055E00022E0494603A811F0C3FD6B46002229467C
:1055F00003A812F017F90446C8B942463946009884
:1056000012F02DF803AC029B019A2946204612F0B5
:10561000C4F8204612F073F9204611F09EFD0446AE
:1056200006280BD0062C11D1002EDEDDD9E703A809
:10563000FFF756FD204616B0BDE8F08701360A2E6A
:10564000F0D103A8FFF74CFD6A24F3E71CB103A8CF
:10565000FFF746FDEEE703A812F0B0F80546424614
:105660000168504612F009F8424669680AEB0800E2
:1056700012F003F8EBE700BFA0C1040088422DE957
:10568000F04314D98B18834211D9032A00EB020589
:1056900000F29380541E42B1E4432A461C4413F89E
:1056A000011DA34202F8011DF9D1BDE8F083032AD0
:1056B00013D80346551E002AF7D00135013B0D448F
:1056C00011F8012B8D4203F8012FEED011F8012BB8
:1056D0008D4203F8012FF3D1E7E741EA000515F009
:1056E000030542D10F2A40F2AD8000F10F035B1A8F
:1056F0001E2B40F28780A2F1100E84460B464FEA23
:105700001E1909F101090135DF68D3F80080A945A8
:10571000D3E9014603F11003CCE90084CCE9026728
:105720000CF1100CEFD801F110072EF00F0312F05E
:105730000C0F02F00F0407EB0301034403F1100305
:105740005ED00A681A60221F032A07D94A685A6085
:10575000A4F10802032A01D98A689A6024F003059B
:1057600004F0030229442B44A4E7551E052D2BD930
:10577000441E84460B46641A022C25D922F00306E7
:1057800097088C1953F804EBA3424CF804EBF9D1B9
:10579000B242A5EB060500EB060486D011F82720DF
:1057A00000F82720002D80D05A78012D62703FF438
:1057B0007CAF9B78A370BDE8F08345EA03019E4669
:1057C000890703D0541E67E7034676E7171F29466B
:1057D00027F0030CBF08A5EB0C0C0C4653F8046D26
:1057E000A44541F8046DF8D1C7EB877302F00302BA
:1057F00005EB83010EEB830E0D1FAEF1040349E7A9
:10580000224657E7A2F1100E01F11007203100F1F6
:1058100010052EF00F063B460E4453F8101C1033B3
:10582000103545F8201C53F81C1C45F81C1C53F877
:10583000181CB34245F8181C53F8141C45F8141CE6
:10584000EBD172E7034614467BE700BF70B58607CD
:105850004FD08418844604E003F8011B9D0704D050
:105860009C4664456346F7D170BD013A0244A2EB01
:105870000C02032A2FD9CCB20F2A04EB042404EB28
:10588000044438D9A2F110069C464FF0000E3509A9
:1058900001350EF1010EAE45CCE90044CCE90244DD
:1058A0000CF1100CF5D326F00F06103312F00C0F8C
:1058B00002F00F0533441AD02A1F1C60032A05D9B1
:1058C000A5F108025C60032A88BF9C6005F0030212
:1058D00025F003052B44541E002AC5D0C9B2197007
:1058E000002CC1D0012C597018BF997070BD2A4688
:1058F000F1E70346BDE71546DEE700BF20F00301F0
:1059000010F00300C0F1000051F8043B00F1040C5A
:105910004FEACC0C6FF000021CBF22FA0CF21343CA
:105920004FF0010C4CEA0C2C4CEA0C4CA3EB0C0293
:1059300022EA030212EACC1204BF51F8043B0430FD
:10594000F4D0C2F1000102EA0102B2FA82F2C2F11D
:105950001F0200EBD2007047044608B501F062FB5D
:105960002046EFF7BDF900BF032A30B412D941EA4F
:10597000000484460B46A40721D11946604653F81B
:10598000044B5CF8045BA54219D1043A032AF4D80D
:1059900060461946541E7AB1431E0139021901E0CE
:1059A0009A4209D013F8010F11F801CF6045F7D0E2
:1059B000A0EB0C0030BC7047002030BC7047541E78
:1059C000EAE700BF38B540EA010304469B0701D16E
:1059D000032A0ED820464B1E4AB113F8011F013A84
:1059E00000F8011B0029F7D10AB1FFF72FFF20466D
:1059F00038BD8C46DCF8005061460CF1040CA5F172
:105A0000013323EA050313F0803FE4D1043A40F860
:105A1000045B032AEED86146DDE700BF10B330B562
:105A200086468C461EF8014B01E09C4214D01CF8BF
:105A3000013B002BF9D1D4B175468C4615F8014BCA
:105A400000E05BB11CF8013B9C42FAD144B1002359
:105A50008EF80030156030BD7046E1E7AE46EBE7EA
:105A60002546F7E710680028D9D1002070470020AC
:105A7000146030BDF8B50F4B1E68B3789B0715D581
:105A80000546776802E0B84700280BDB15F8014BA4
:105A900031462046002CF6D10A20B847002801DB09
:105AA0002046F8BDB37843F00403B3704FF0FF30E5
:105AB000F8BD00BFB4B704000CB430B58BB00D46D0
:105AC00020220446002102A8FFF7C0FE0222134B49
:105AD000002D06948DF80A2003931DDB10D0013DA4
:105AE0002C440FAA0E9902A80794019200F032FBF1
:105AF000069B00221A700BB0BDE8304002B0704720
:105B00000FAA0E9902A80794019200F023FB0BB094
:105B1000BDE8304002B070470024E2E74570030062
:105B20002DE9F04F994E85B0027807460B46B45CDC
:105B300014F0080400F0C08101460C4611F8012F52
:105B4000B05C0007F9D4C7F1010808EB040101F1CA
:105B5000010C2B2A00F0FF802D2A53D1402417F886
:105B60000C2001F1020C42F0200069284FD06E2871
:105B700000F0B98000210CF1FF3C4FF00A0EC7F194
:105B80000108BC4489460D46CDE901730B460EE081
:105B900044F08002E00592B23DD5002F18BF49F0D5
:105BA00001091446A20500D401311CF8012F14F498
:105BB000006B0CEB080A51D1A2F13007FFB2774518
:105BC000E6D3FE2F44D042F02000782804F0800273
:105BD00040F0E680002A00F07381002D40F0E08064
:105BE0001CF8012F44F4006442F02007A4B2A7F18E
:105BF000610005281ED90CEB080A4FF0100E4FF477
:105C0000006BD9E742F0200000246928AFD1604A38
:105C10004FF0FF4569E0BEF10A0F49D0072B55DD73
:105C200044F4C074002F18BF49F001094FF0100E62
:105C3000A4B2B7E7573F0025FFB244F08002E00569
:105C400092B2EBD549F0010914464FF0100EA9E7C6
:105C5000A70512D444F40074A4B2A6E742F02000D1
:105C6000C7B2A7F1610BBBF1050F57D8573FFFB281
:105C70007745E2D34FF4006BA7E720060393DDE9F5
:105C8000017347D5BBF1000F70D089000AF1FF3BCB
:105C9000002D40F0C78004F0400400250CB105F150
:105CA00000450BB15F441F60284605B0BDE8F08F8A
:105CB000082B52DD44F4C074042FA4B24FD9052F31
:105CC0000CBF4FF002094FF003096BE714464FF089
:105CD000100E900500D5013905FB0E75002D3FF41F
:105CE00064AF013361E72B4A2B4D0CF1FF31ACEB74
:105CF000020C39448E4602EB0C0812F8011BC34615
:105D000079B11EF8010F40F020008842F3D02349FA
:105D10008A4206D000254FF0000BC2E74FF4006B1B
:105D20004AE72846019301F05BF9019B0028B5D0B2
:105D300017F80820B844282AB0D198F8012008F1B3
:105D40000101292A00F0E080B05C88464107F4D1C7
:105D50005F2ADFD1F1E7002401E71446B9E7002FFD
:105D600018BF49F001091DE7652826D00AF1FF3B5D
:105D7000002D90D0039A0A4412F12D0FC0F2A68094
:105D8000272A40F3B4804FF0FF4585E038C2040075
:105D90003CC3040038C304000000C07F3FC30400BC
:105DA0000393DDE90173002AB4D0BBF1000FDBD00F
:105DB00070284FEA81017FF469AF17F80A000AF1F1
:105DC000010B2B2805D02D2840F0BE8044F48064C0
:105DD000A4B217F80B00325C520740F1B9800AF107
:105DE000020B0BF1FF32CDF8048007EB020A002210
:105DF000A0F1300C02EB82029AF801000AF10108CE
:105E00000CEB42020BF1010E16F800C01CF0040F5F
:105E10007FD1600548BF52421144002D3FF43BAF93
:105E20002605A7D5B5F1007F01F1190104D26D0057
:105E30000139B5F1007FFAD3B5F1806F02D211F1CB
:105E40007E0F0BDA6FF07C4005F00102013142EA6F
:105E500055058542F8D811F17E0FF5DB45EA0902B8
:105E600002F00300032833D002F0060006282FD0EA
:105E70007F2988DCB2F1007F4FEA920531D22846B3
:105E8000019301F0B5F8421E019B022A04D8324A60
:105E90002221EEF75FFD11502846019301F0A8F88A
:105EA000421E019B022A04D82B4A2221EEF752FD02
:105EB000115004F04004F1E621464FF0010C48E691
:105EC000DDE9017300254FF0000BEAE60025E3E76A
:105ED0000432B2F1806FCBD301317F293FF753AF4A
:105EE000D5087F3125F4000545EAC155C7E705F01F
:105EF0000100019340EA0900013005EB900000F039
:105F00001BFE019B0546C7E708F10208A8EB070B3B
:105F1000C4E6DF2A15DD9AF80200DDF80480305C63
:105F2000400758BFF3467FF574AF07EB0E0083467A
:105F300010F801CF16F80CC01CF0040FF7D1C344C1
:105F400067E7C246F34653E7325C52073FF549AF75
:105F50000AF1FF3B61E700BF0C000000242A2DE995
:105F6000F041064649D8012A964646D00446334AAF
:105F7000A44614F8010B155C034615F00807F7D189
:105F80002B2802D02D2803D1012723780CF10204FD
:105F9000302B3ED0BEF1000F08BF4FF00A0E4FF07D
:105FA000000C0BE0C44618B918EB03039C4601D360
:105FB00047F0020715F8013B26462C465A1E392B9E
:105FC0002546ACFB0E8042F0200288BFA2F12603DA
:105FD000303B9E45E6D801B10E60FA0748BFCCF1D0
:105FE000000CBB0706D5EEF7B5FC154B22224FF08F
:105FF000FF3C1A506046BDE8F081114B1622EEF7C7
:10600000A9FC1A5001B10E604FF0000C6046BDE8CB
:10601000F081227842F02002782A05D0BEF1000FEC
:1060200008BF4FF0080EBAE73EF01002F6D16378D1
:1060300026464FF0100E0234B1E700BF38C204000C
:106040000C00000030B58E4603F01F01844608297D
:106050006CD0C3F1370310291046DCB24AD04FEAA6
:106060009C024FEA5C0542EA8E7245EACE754FEA21
:106070005E015FFA8CF312EB050C41EB9E014FEAD7
:106080001C1242EA017212EB0C0C41EB11114FEAA7
:106090001C2242EA016212EB0C0241EB11214FEA91
:1060A000124C4CEA014C1CEB020C41EB114111EB80
:1060B0000C0C41F100014FEADC0C4CEA417C4FEA48
:1060C000D10E0CEB8C02A3EB4203DBB2A3F10A026C
:1060D000092B03F13001D2B222D91CF1010C04EBDF
:1060E00002014EF1000E092A01F130022ED900F80A
:1060F000012BB4E70CF00F034FEA1C124FEA1E11FC
:10610000092B04EB030542EA0E728E4688BFEBB200
:1061100094460A4303F1300300F8013BEAD130BD55
:106120005CEA0E0300F8011B99D130BD10460CF05B
:1061300007034FEADC0C30334CEA4E7C4FEADE0EAC
:1061400000F8013B5CEA0E03F1D130BD263300F8C4
:10615000013B84E72DE9F04F83788BB0D0F80490B1
:106160009E0740F130810B4680460C4613F8010B28
:10617000002800F0D683002600920CE01C46414621
:106180000136C8470028C0F21881234613F8010BD6
:10619000002800F01A812528F0D165780234252DD9
:1061A000EDD04FF0000BDA465F461F2F5DD97F2FF1
:1061B00000F28A80A5F13003092B11D87D0600F189
:1061C00032810AEB8A0A14F8015B47F0200703EBDF
:1061D0004A0AA5F13003002D00F0E180092BF0D927
:1061E0002A2D00F00E812E2D00F06C81A5F14C03BC
:1061F0002E2B00F22581DFE813F06100230123013B
:10620000230123012301230123012301230123016E
:10621000230123012301230123012301230123015E
:10622000230123012301230123012301230123014E
:10623000230151012301610023015D012301230199
:1062400023012301230123012301CD002301230185
:10625000230123012301CD0047F0020714F8015B5D
:1062600047F00407002D00F09A80A5F12003102BC1
:10627000A0D801A252F823F05D620300B5610300CB
:10628000B5610300D3630300B5610300B56103008A
:10629000B561030095630300B5610300B5610300B8
:1062A000B561030059620300B5610300F3630300A5
:1062B000B5610300B5610300E363030014F8015BFB
:1062C00047F42077002D6AD0A5F14C032E2B00F265
:1062D000B78001A252F823F0BD62030041640300BD
:1062E000416403004164030041640300416403000E
:1062F00041640300416403004164030041640300FE
:1063000041640300416403004164030041640300ED
:1063100041640300416403004164030041640300DD
:1063200041640300416403004164030041640300CD
:1063300041640300416403004164030041640300BD
:106340004164030041640300956403004164030059
:10635000BD62030041640300AD64030041640300B7
:10636000416403004164030041640300416403008D
:106370004164030041640300796503004164030044
:10638000416403004164030041640300416403006D
:106390007965030014F8015B002D7FF406AF00253A
:1063A00041462520C847002807DB28464146C84704
:1063B000002806F10206BFF6E8AE98F8023043F076
:1063C000040388F802304FF0FF3630460BB0BDE8CA
:1063D000F08F14F8015B47F01007002D7FF445AFF4
:1063E000DDE714F8015B47F00107002D7FF43DAFB6
:1063F000D5E714F8015B47F00807002D7FF435AFAF
:10640000CDE70099780651F8042B40F1C18014F8CB
:10641000015B002D00F03482A5F13003934600911A
:10642000092B3FF6DDAE0BEB8B0B14F8015B03EB96
:106430004B0B002DB3D0A5F13003092BF3D9CFE6D8
:1064400045F02002A2F16503612A18BF022B94BF18
:1064500001230023BBF1000FC0F29480002B3AD13E
:10646000A5F16303122B00F2BC81DFE813F0FE00FC
:10647000A300BA01BA01BA01BA01A300BA01BA0174
:10648000BA01BA01BA01D1015901BA01BA014501F3
:10649000BA010801F80548BF47F4007714F8015B1A
:1064A00047F48077002D7FF40FAF78E73D0648BFB3
:1064B00047F4007714F8015B47F08007002D7FF464
:1064C00003AF6CE77B0680D414F8015B47F040070C
:1064D000002DB0D163E7009B03F1070B2BF0070BF6
:1064E0000BF108034FF0070B0093B54B3907D44667
:1064F00018D4D34516D24D461F46D14602E09345E7
:1065000008D2924641462020A84700280AF1FF32CF
:10651000F5DA52E7CC4601363B46A9466644944636
:10652000A6EB0A06019403EB0B074C461D46E24618
:10653000994605E015F8010BA0470028FFF63DAF8E
:10654000BD424146F6D14B46AAEB0B0AA146019C3F
:10655000F31A1D442E46AA444D4605E0A8470028DC
:1065600006F10106FFF629AFAAEB060341462020FB
:10657000002BF3DCA94608E614F8015B002D7FF43C
:1065800016AE0CE727F040074FF0000BBFB265E7EF
:10659000002AC0F2178114F8015B47F02007002D94
:1065A00000F06E81A5F1300392460091092B7FF631
:1065B00008AE15E63A06009B00F11B811A46F90564
:1065C00052F8043B019200F1AE811A46DB1727F026
:1065D0001001002B89B20091C0F28B8152EA0301B5
:1065E00040F0228207F0400302937B0603D5BBF103
:1065F000000F00F070810020014604AA0A230392D4
:10660000FFF720FD039A831A029A002A00F068819E
:10661000009A9B45594622F00102B8BF194692B232
:106620000092DDF800C040F206470CF008001CEABA
:10663000070F024600F00E820131002800F063814E
:10664000AAEB010A02934146009B751C13F0020F4E
:1066500014BF2B20202013F4806F18BF2D20C847B3
:106660000028029B80F29480A7E600994FF0010B6E
:1066700004AB51F8042B8DF81020009136E727F079
:1066800010070A23BFB217F080024ED017F4007132
:10669000009A00F09080073222F00702516852F809
:1066A000080B019207F0400C50EA0102CDF800C03F
:1066B00048D162461AB1BBF1000F00F0138104AA61
:1066C000002100200292FFF7BDFC029A0099831A74
:1066D000002900F0DB8027F017019B4589B200916B
:1066E00040F3A280002D40F0BF80390740F1C68101
:1066F000AAEB0B0A35464EE0009D55F8043B002BF3
:1067000000F0B08017F0400F1846019314BF5946AF
:106710004FF0FF310DF004FC019B83460095E5E648
:1067200047F0100710237825ADE7009951F8040BC6
:10673000019117F48071B5D017F4007166D0C0B222
:106740001146AFE704AA0292FFF77CFC029A009977
:10675000831A00295FD127F00601FF0689B2009154
:1067600040F19880009A02F00802002D40F09980D4
:10677000591C002A00F0E280AAEB010A30204146B1
:106780000093C847002806F10105009BFFF615AEEF
:106790009B4540F352810BEB05064F469946F61A8E
:1067A00001E0B5426ED041463020B847002805F1DF
:1067B0000105F6DA01E652F8040B019272E700BF18
:1067C00080B3040014F8015BC2F1000A47F0280707
:1067D000002D55D0A5F130030091092B7FF6F1ACC7
:1067E000FEE4782A7FF4DCADC5F1780343F01003B2
:1067F00049E7B80540F19D80073323F007031A46A7
:106800005B68114651F8082B0191E0E680B249E738
:106810000823002537E727F007015B4589B200917F
:10682000C0F22481F9069DD4390740F14381AAEBD7
:10683000030AD518234693464C462F46994605E051
:1068400017F8010DA0470028FFF6B7ADBB4541463C
:10685000F6D14B465A46A14635441C46019BAD1A1B
:10686000009377E69A4B4DE75A4601F0080081B253
:10687000002800F08880AAEB0B0A3546934687E78C
:1068800000918CE54B4604AAB946D2E727F01607DB
:10689000B9B2009111F0080167D0AAEB030A35469E
:1068A00076E7991C002A56D0AAEB010A414630200F
:1068B0000093C8470028FFF680AD009B002D48D00C
:1068C000284641460093C847002806F10205009B70
:1068D000BFF65EAF71E527F01107BBB2009300234E
:1068E00019469EE617F0080300F08780002304AAEB
:1068F0009FE7504241F48062009207F0400263EB50
:106900004301029279E65FEACC77604645D58A4535
:10691000AAEB010040F3838003EB000B1046824694
:1069200090E6064651E5BA0572D55AB243F3C01354
:106930004DE653F8042B0193D31748E6009AD0078D
:106940006AD55145AAEB010274DA03EB020BAA46A1
:10695000ACE7751C1CE7009AD20775D55145AAEB28
:1069600001005FDB82469B46A0E70098C00767D521
:106970009A45AAEB03000EDD03EB000B002966D05D
:106980004FF0000A92E70098C7076AD5D345AAEBF3
:106990000B00F1DB04AA82464BE78A457FF750AE35
:1069A000CDE9023433464C462E4689460D461F46F5
:1069B00002E0524508DA154641462020A04700284B
:1069C00005F10102F5DAF8E438462F463546494626
:1069D0000646AAEB020A009AA1460136761A3E4400
:1069E000D706DDE902343FF561AF114640F20642B9
:1069F00011427FF427AE3546CAE6BAF1000F5BDDDF
:106A000027F017079B46BBB2594600935B46C7E782
:106A10001AB243F3C033DAE55145C1DBACE69B461D
:106A200082460FE61021A7E7194607F040031046FB
:106A30000293E2E592469B4638E72E4604AAF8E622
:106A40009A450ADD1946ABE75145A9DB2CE73546E7
:106A50008A469DE65A468B4609E7AAEB030A354665
:106A600096E6D3452ADA5946934699E775B927F051
:106A70001702380792B200923FF53AAE5946002508
:106A80008A458DDCAAEB010A354681E6FA061AD55D
:106A900038070BF102013FF507AF514580DBAAEB48
:106AA000010A302041460093C8470028009BBFF6EA
:106AB00007AF82E41946E3E704AABAE6AAEB0B0A99
:106AC0003546934664E600995A4601F00800CEE642
:106AD00078B30400F0B589B004460D46164600218F
:106AE000202268461F46FEF7B1FE0223002D0494C3
:106AF0008DF802300F4B019315DB0CD0013D3A4667
:106B0000314668462C440594FFF724FB049B002281
:106B10001A7009B0F0BD3A46314668460594FFF751
:106B200019FB09B0F0BD3A4631466846FFF712FB43
:106B3000ECE700BF457003002DE9F0410029B0FAF1
:106B400080F805460C46A1F11806C8F11F0859DB6C
:106B50000846464400F0ECF8034620461E4400F088
:106B6000EFF82146371B3A1A28463D3200F0BEF8AE
:106B7000B44223DD012406F17F01B0FA80F3C3F1B2
:106B80001F030B44FE2B2DDC23EAE372002BCCBF4A
:106B9000134601239B1BA3F19701963B20FA01F5B5
:106BA00020FA03F3ED072AD504BB581CC0F31600E6
:106BB00000B9013240EAC250BDE8F0811F2F69DC04
:106BC0004FF0FF34B0FA80F306F17F01BC40C3F10F
:106BD0001F0325EA04040B44B4FA84F4FE2B4FEAA5
:106BE0005414D1DD4FF0FF40BDE8F0814FF0FF3489
:106BF0008C4003F0010120EA04000843D5D1C3F31F
:106C00001600D7E74F424644384600F099F8361A46
:106C10003846A6EB040800F093F8394608EB00026A
:106C200028463C3200F03EF8B44206F17F0112DC07
:106C3000B8F11F0F32DC4FF0FF3303FA08F335EAE7
:106C4000030308D0B0FA80F30024C3F11F030B4400
:106C500023EAE3729AE7124CA4FB052323F0030214
:106C600002EB93029B08AA1AECD1A4FB035C01324D
:106C700004FB03F54FEA9C03B5F1333FF5D9974286
:106C8000E0D8B0FA80F30124C3F11F030B4423EAD8
:106C9000E3727BE7002406F17F016EE700246CE7D6
:106CA000CDCCCCCC0B4630B585B004461846154645
:106CB000694600F0CDF8DDE90231013341F1000110
:106CC000A3FB0423A1FB04105B1840F100003F2D3F
:106CD00003DD403DE84005B030BDA5F12002C5F11F
:106CE0004005D340A840184305B030BD0B4630B531
:106CF00085B0044618461546694600F029F8DDE9D6
:106D00000232A2FB0420A3FB04139B1840F10000F5
:106D10003F2D03DD403DE84005B030BDA5F1200228
:106D2000C5F14005D340A840184305B030BD00BFB1
:106D3000024B03FB00F0C00C704700BF4F931200E2
:106D4000024B03FB00F0C00C013070474F93120060
:106D50002DE9F04F3A4D1A233A4F87B0A5FB002595
:106D60000E46ED0803FB150307EB051753B9D7E9EA
:106D70000023C1E90023D7E90201C6E9020107B0F7
:106D8000BDE8F08F304A02A9044602EBC303D3E901
:106D90000089D7E9022340460091494600F0E0F817
:106DA00002460B464046494691469846D7E900239D
:106DB00004AF009700F0D4F8002282468B46DDE94C
:106DC000047317EB090753EB080928BF012232B1FE
:106DD000029B01330293039B43F10003039320467C
:106DE00000F038F980461A2005FB00F000F032F977
:106DF000A8EB00053A464B4600955046594600F030
:106E0000C7F80095114B25096400844653F82530D6
:106E10000A4604F01E0438464946E34003F00303E3
:106E200013EB0C0342F10002C6E90032DDE9022354
:106E300000F0AEF8C6E9020107B0BDE8F08F00BF70
:106E40004FECC44E688D0400988C040044C30400C9
:106E50003F4A00F11903A2FB03232DE9F04FDB08A1
:106E60001A263C4F87B003FB06F60D4607EB031BC3
:106E7000321A0AD1DBE90023C1E90023DBE9020170
:106E8000C5E9020107B0BDE8F08F4FEA031A324BA3
:106E900002A9044603EBC203D3E90089DBE902231C
:106EA00040460091494600F05BF857F80A200F462B
:106EB000DBF80430013A84464046B84604AF63F13B
:106EC00000034946E246009700F04AF80022814656
:106ED0008B46DDE9047317EB0A0753EB080828BF5C
:106EE000012232B1029B01330293039B43F1000361
:106EF0000393304600F0AEF80646204600F0AAF8AC
:106F0000361A3A46434600964846594600F040F83D
:106F10000096124B26096400844653F826300A4630
:106F200004F01E0438464146E34003F003030133F6
:106F300013EB0C0342F10002C5E90032DDE9022344
:106F400000F026F8C5E9020107B0BDE8F08F00BFE8
:106F50004FECC44E388E0400988C040098C3040093
:106F60004FF0000C70B58E4605461646A0FB020198
:106F70006246049CEEFB06126646EEFB032CE3FB26
:106F8000051692194CF10003C4E9002370BD00BF3F
:106F900010B5029CC4F1400CC4F1200EE04002FA8E
:106FA0000EFE03FA0CF302FA0CFC43EA0E03C4F1E2
:106FB000200E01FA0EFE40EA0E00A4F1200E22FA85
:106FC0000EFEA4F1200221FA04F421FA02F243EAAF
:106FD0000E03104343EA04014CEA000010BD00BF59
:106FE00020F00040B0F1FF4F94BF00200120704717
:106FF00030F000400ED0A0F50003B3F1FE4F0DD3EA
:10700000421E074B9A4207D9A0F1FF40B0FA80F028
:1070100040097047022070470320704704207047E2
:10702000FEFF7F0038B5054C054DAC4204D054F846
:10703000043D9847AC42FAD138BD00BF00000000C3
:1070400000000000D1E90432934202D05A1C0A61C8
:1070500018707047024B03FB00F0C00C0130704702
:107060004F931200704708B5E6F73CFF0020E9F7A0
:10707000CBFD08BD10B500F089F8044604E0201AE5
:1070800000F5FA7000F07CF80020E9F761FC04F5E7
:10709000FA7400F07BF8031BB3F5FA7FEFD300F02E
:1070A00075F804464FF4FA7000F06AF8ECE708B59A
:1070B000EBF7ACFFFFF7D7FFFFF7DCFF002008BDC1
:1070C00010B5E7F7B7F8044608B1204610BDE7F75A
:1070D000E7F808B10124F8E7EBF724FC0028F4D026
:1070E0000124F2E708B520EAE072D1174B0143EA28
:1070F000D2634FEA421CBCEB020C63EB010E4FEA79
:107100008E1343EA9C634FEA8C10B0EB0C0063EBE8
:107110000E03DB0043EA5073C000801841EB03010B
:107120000018494140F2E733C0184FF47A724FF02B
:10713000000341F10001E2F747FE0EF0B2F808BD8E
:1071400008B50EF0F6F902464B0143EAD063400160
:10715000801A63EB01039B0043EA9073800010EBFD
:10716000020C43EB0101C90047F6122200234FEA4B
:10717000CC0041EA5C71E2F727FE08BD01207047B0
:1071800000B9704708B5FFF7ADFF08BD08B5FFF7B8
:10719000D7FF08BD03460020186058609A600120A0
:1071A000D86019617047F0B500270CE00CEB0305BF
:1071B00011F803E006F805E00133C5689D42F5D8F3
:1071C000294404600137974213D205686B1C846818
:1071D000B3FBF4F604FB16344368A3420BD00669F4
:1071E000002EEED00029ECD0C36803FB05FC002381
:1071F000E3E70120F0BD0020FCE770B50C46164621
:10720000002516E001EB0E0C1CF803C004F803C0C7
:107210000133C2689A42F5D8144443680268934225
:1072200016D001338268B3FBF2F102FB11334360E5
:107230000135B5420AD201690029EED0002CECD00C
:107240004368C26802FB03FE0023E2E7012070BD31
:107250000020FCE782680368134441685B1AB3FBB3
:10726000F2F002FB10307047002303604360704768
:10727000002380F8F23380F8F1333F2280F8F023C6
:1072800080F8B033704738B5054690F8964104EB66
:10729000441004EB40002844432205F56C7100F5CE
:1072A000CC70E2F7CBFC95F89731072B02D801336D
:1072B00085F8973185F895410134634204F007045D
:1072C00003F0070358BF5C4285F89641012385F817
:1072D000943138BD002303E08CF8002001339BB2C9
:1072E0000F2B0BD800EB030CC25C3AB1A2F1610189
:1072F000C9B21929F0D8203AD2B2EDE7102B00D04C
:107300007047013B0022C254FAE7704708B5437941
:1073100033B1014651F8060B83681B68984708BDD6
:107320006FF08500FBE794464A79B2B110B5044688
:107330009CF80120042A0CD0C8890A7C9CF804100F
:1073400011F0200F01D0013AD2B29CF80010A047F2
:1073500010BD0A6892681089EFE76FF085007047EA
:1073600009B900207047F8B506460F46E7F76EFBEF
:107370000024254604E03046E7F768FB0544013465
:10738000A742F8DC95FBF7F0F8BD08B5E7F72AFF50
:1073900008BD08B5EFF73AFE08BD0120704708B5F3
:1073A00020EAE072D1174B0143EAD2634FEA421C54
:1073B000BCEB020C63EB010E4FEA8E1343EA9C63B5
:1073C0004FEA8C10B0EB0C0063EB0E03DB0043EADA
:1073D0005073C000801841EB03010018494140F28E
:1073E000E733C0184FF47A724FF0000341F1000107
:1073F000E2F7EAFC0DF055FF08BD08B503468C46E0
:1074000000681979DA8802F0400242EA0C02E8F7D3
:10741000DDF808BD38B513468568046912F4801F8D
:1074200007D012F4402F04D012F0010F01D082F4E3
:10743000402323F4801213F0010F0AD023684FF089
:10744000010C0CFA01FC43EA0C0323602B689847FB
:1074500038BD23684FF0010C0CFA01FC23EA0C0341
:107460002360F3E708B503468C4600681979DA888B
:1074700042EA0C02FFF7CEFF08BD38B50C4605699D
:1074800083685B68984718B923682A68534023606B
:1074900038BD10B582B00C4601A9FFF7EEFF0346D8
:1074A00030B90123A340019A1340003B18BF0123C8
:1074B000184602B010BD08B58368DB6913B101221C
:1074C000984708BD6FF05700FBE708B5E8F7B0F83C
:1074D00008BD70B584B00C460546F8B9012634B332
:1074E0002C2200212046FEF7B1F965701022694672
:1074F000304608F05BFFE8B9009B012B1CD12370DC
:107500009DF8083063719DF80930A3719DF80A3029
:10751000E371039BA3601DB1012009E00226DEE7B1
:107520000125A57008F06BFFE070284600E0002000
:1075300004B070BD0020FBE70020F9E708B508F0B3
:107540005EFF08BD08B508F079FFB0FA80F0400989
:1075500008BD08B5002008F04AFFB0FA80F04009E5
:1075600008BD08B508F04BFF08B9012008BD002090
:1075700008F03DFFB0FA80F04009F7E708B50220B7
:1075800008F072FFB0FA80F0400908BD10B404683A
:107590001C4404601068013010600A689A4200D2EE
:1075A0000B6010BC704740F2C640704710B584684D
:1075B0008AB1964602EB420C4FEA8C0CACF10C0CF3
:1075C0008C449CF8082042F002028CF80820A46841
:1075D0007246A04710BD0020FCE700B585B00191C0
:1075E000029202228DF80C20012201A9FFF7DEFF92
:1075F00005B05DF804FB00B585B00191029203224D
:107600008DF80C20012201A9FFF7D0FF05B05DF82D
:1076100004FB00B587B00092019300238DF8083079
:10762000089B0393099B049307238DF814300B46A2
:1076300002226946FFF7BAFF07B05DF804FB10B5F8
:1076400082B0049C019401240094E8F7EFFE02B09C
:1076500010BD00B585B08DF80F30069B0193012356
:1076600000930DF10F03E8F731FF05B05DF804FB5F
:1076700000B583B0019001A8E9F7AAF8019A0123A7
:107680009340436003B05DF804FB00B583B0019004
:1076900001A8E9F79DF8019A01239340836003B0A4
:1076A0005DF804FB00B583B0019001A8E9F790F8FC
:1076B0000268012301998B4023EA020141601340D3
:1076C000836003B05DF804FB08B511B9FFF7DDFF77
:1076D00008BDFFF7CDFFFBE738B5134685680469A1
:1076E00012F4801F07D012F4402F04D012F0010FC3
:1076F00001D082F4402323F4801213F0010F0AD04A
:1077000023684FF0010C0CFA01FC43EA0C032360E0
:107710002B68984738BD23684FF0010C0CFA01FC28
:1077200023EA0C032360F3E708B503468C460068A0
:107730001979DA8842EA0C02FFF7CEFF08BD08B5D6
:1077400032B1012303FA01F18368DB68984708BD71
:10775000012303FA01F183681B699847F7E708B52D
:10776000034600681B790121994083685B6998474B
:1077700008BD38B51446049D08B1027872B90122DB
:107780002A74686850B1AA6842B18A4228BF0A4682
:1077900001461846A047002800DDE860002038BDFB
:1077A00000B583B00023019301ABE9F7F9FA034672
:1077B00018B1019B003B18BF0123184603B05DF8C8
:1077C00004FB38B513468568046912F4801F07D09E
:1077D00012F4402F04D012F0010F01D082F44023A4
:1077E00023F4801213F0010F0AD023684FF0010C2C
:1077F0000CFA01FC43EA0C0323602B68984738BD60
:1078000023684FF0010C0CFA01FC23EA0C032360FF
:10781000F3E738B50C46056983685B68984718B983
:1078200023682A685340236038BD10B582B00C46E7
:1078300001A9FFF7EEFF034630B90123A340019AE7
:107840001340003B18BF0123184602B010BD08B515
:107850008368DB6913B10122984708BD6FF05700B8
:10786000FBE71F2807D91F3800EB8000400080B2DB
:10787000283080B270470530704700B583B00246AB
:107880000B460A2100916A210020FFF7D8FE03B0C1
:107890005DF804FB00B583B00DF107010420FFF78C
:1078A000ECFF40B19DF8070000F07F00FFF7D9FF23
:1078B00003B05DF804FB0020FAE708B503468C46E8
:1078C00000681979DA8802F0400242EA0C02E9F70E
:1078D00043FF08BD38B513468568046912F4801F5C
:1078E00007D012F4402F04D012F0010F01D082F41F
:1078F000402323F4801213F0010F0AD023684FF0C5
:10790000010C0CFA01FC43EA0C0323602B68984736
:1079100038BD23684FF0010C0CFA01FC23EA0C037C
:107920002360F3E708B503468C4600681979DA88C6
:1079300042EA0C02FFF7CEFF08BD08B5EAF766FA87
:107940000120EBF76FFC2DE9F041D0F80880B3B1CE
:1079500004460D4616461F46D8F800309847002DBD
:107960000FDB874210D8C01BA84210D3D8F8048080
:107970003B46324629462046C047BDE8F0810020FC
:10798000FBE76FF01500F8E76FF01500F5E76FF013
:107990001500F2E72DE9F041D0F80880B3B10446B4
:1079A0000D4616461F46D8F800309847002D0FDBCD
:1079B000874210D8C01BA84210D3D8F808803B4695
:1079C000324629462046C047BDE8F0810020FBE74B
:1079D0006FF01500F8E76FF01500F5E76FF0150090
:1079E000F2E708B5EAF712FA08BD10B582B004460E
:1079F0006846EAF74FFA28B1BDF800209DF802303A
:107A00002280A37002B010BD10B582B00446684653
:107A1000EAF740FA38B91A238DF8033001238DF8BC
:107A200004308DF8053068462288A378ADF8002030
:107A30008DF80230EAF7A2FA02B010BD10B582B09C
:107A400004466846EAF726FA30B900238DF800307C
:107A50008DF801308DF802302368CDF80330684688
:107A6000EAF78CFA02B010BD00B586464FF0000C64
:107A7000FF200EE05B0083F03103D8B20132072A09
:107A800005DC43B2002BF5DB4000C0B2F6E70CF199
:107A9000010C614504DD1EF80C3058400022EEE771
:107AA0005DF804FB2DE9F04184B0022905D94FF0BF
:107AB0000008404604B0BDE8F08107460E460A23A0
:107AC000009301EB410302AA70210020E8F7D8FCE3
:107AD00080460028EDD00025AE42EADD05EB4504E6
:107AE000022102A82044FFF7BFFF04F112036B44F8
:107AF00013F8083C984210D104F110036B4413F8BA
:107B0000082C04F111030DEB030414F8083C43EABC
:107B1000022327F815300135DEE74FF00008C8E7EB
:107B200000B585B0030A8DF80C308DF80D000A23DE
:107B30000093022303AA70210020E8F723FE05B07A
:107B40005DF804FB30B583B0044643F21750FFF7ED
:107B5000E7FF054610B9284603B030BDF0200DF010
:107B6000D5FB4EF6C870FFF7DBFF054620B94BF298
:107B70009800FFF7D5FFEEE701210DF10600FFF7B2
:107B800091FF05460028F2D0BDF8063040F63F01CF
:107B9000194040F60702914201D00025E7E7238013
:107BA000E5E708B583681B680BB1984708BD6FF01F
:107BB0005700FBE710B500F58053002283F89C20A6
:107BC000406819461C318368DC684FF47A734022A0
:107BD000A047B0FA80F0400910BD0EB410B5C3B094
:107BE000044645AB53F8042B01934FF4807102A86F
:107BF000FEF770FF021E0DDDB2F5807F01DD4FF450
:107C0000807202A92046EAF7B7FF43B0BDE81040F2
:107C100003B070470020F8E7C900043108447047FA
:107C20004FEAC10C00EBC103DB8899420CD08444BD
:107C3000BCF80410043240F82230CA0006328352E5
:107C4000DB000433C1527047C3680121914023EA2D
:107C50000103C3600432002340F82230704710B59E
:107C6000131D50F8234074B9C36801249440234382
:107C7000C360043240F82210CB001A1D89B2815231
:107C80000633C15210BDE2000432835A4FEAC10CE0
:107C90000CF1040E20F80E300CF1060C20F80C400C
:107CA000DB00063389B2C1528152EBE700B5CB004D
:107CB000023330F803E0A2EB010C891A01EB5E01FC
:107CC0001FFA8CFC4FEA4C0E20F803E0D30002337D
:107CD00089B24FEA410E20F803E020F832C0C35ABF
:107CE00002EB530220F832105DF804FB00B5C90026
:107CF000023130F801E04FEAC20C0CF1020C30F80E
:107D00000C305B0803EB5E034FEA430E20F801E002
:107D100030F80C1002EB510220F832305DF804FB11
:107D20000439081AC008704708B500EBC1035A8827
:107D30005208B2FA82F2C2F11F02FFF771FF08BDCA
:107D400008B500EBC1035A885208B2FA82F2C2F1B8
:107D50001F02FFF784FF08BDF8B504460D46CF00AB
:107D600000EBC1035E8801EB560600EBC6035B889F
:107D700013F0010F0CD0E65BAE1B04EBC6035B886F
:107D800013F0010F0DD029462046FFF7D9FFF8BDAB
:107D90003146FFF7C9FF324629462046FFF7A6FFC6
:107DA000E9E731462046FFF7BFFF2A463146204625
:107DB000FFF79CFF3546E6E770B5B1FA81F3C3F1F2
:107DC000230450F82450CDB1C3F11F024FF0030E2D
:107DD000141D50F824404FEAC40C00EBC40676880A
:107DE000B1EB560F14D98444BCF80640161D40F878
:107DF0002640BEF1010E01D0A542E9D1C468C3F10D
:107E00002002012393405B421C4005D1204670BDF7
:107E10002146FFF705FFF9E794FAA4F2B2FA82F2DD
:107E2000131D50F823402146FFF7FAFEEEE769B331
:107E300010B504682046FFF773FF0146C200931C8B
:107E4000E05A10F0010F08D1002080F31188BFF331
:107E50006F8F4FF0040C604602DFE35A01EB5303CF
:107E600034F833001B1A994207D0002383F311889A
:107E7000BFF36F8F0423184602DF2244538823F098
:107E8000010353802046FFF767FF10BD7047F8B528
:107E9000056859B301F007040B34E40804EBD1047E
:107EA000AB689C4228BF1C4621462846FFF784FF4A
:107EB0000746E8B1C60005EBC0035B88B4EB530F7F
:107EC00009D3AB195A8842F001025A803946284634
:107ED000FFF7A2FEF8BD0444224601462846FFF7FC
:107EE000E5FE21462846FFF72BFFEAE70020F1E7F1
:107EF0000020EFE708B51146FFF7C9FF08BD70B5D0
:107F00000346043AC81D20F007000A4422F0070285
:107F1000121AD508186085600023C360B5FA85F190
:107F2000C1F1200EC1F124018900CE1DF10805E048
:107F300003F1040C002440F82C4001337345F7DBB7
:107F40001FFA81FE4FEA4E04A4B244804FF0000CA9
:107F5000A0F800C044F0010444806B1A26F0070426
:107F6000A51C9BB25E00465320F804E022F00704F3
:107F7000951C20F805C002440353538843F00103C5
:107F80005380FFF7DDFE70BD002070470FB400B5D1
:107F900083B004A951F8040B0191EBF711F903B078
:107FA0005DF804EB04B070470FB400B583B004A9CA
:107FB00051F8040B0191EBF703F903B05DF804EB02
:107FC00004B0704708B5EFF31183402383F31288A0
:107FD000BFF36F8FEFF3108372B6ECF739FFA0F1A8
:107FE0003003DBB2092B02D80B7000207047A0F1E0
:107FF0006103DBB2052B03D85738087000207047A7
:10800000A0F14103DBB2052B03D8373808700020FC
:1080100070476FF0150070472DE9F04383B01646A6
:1080200001F0010202EB510898452FD807464FEAAC
:108030005109F2B90024A1452AD965000DF10701C3
:1080400017F81400FFF7CBFF002828DB9DF8073056
:108050001B01335501350DF10701785DFFF7BFFFB7
:1080600000281FDB335D9DF807201344335501348E
:10807000E1E70DF107010078FFF7B1FF00280BDB06
:108080009DF8073006F8013B0137D3E74FF00008B1
:10809000404603B0BDE8F0834FF00008F8E74FF02A
:1080A0000008F5E74FF00008F2E701F00701038B45
:1080B00023F007030B43038370472DE9F041064685
:1080C0000F469046816821B10C683CB131B90C462D
:1080D00004E00C4602E0234621461C4669B14D6887
:1080E00043463A463046A847002CF4D02368002B7C
:1080F000F2D0002CF0D12346EEE7BDE8F081038BEF
:1081000013F0070303D102680AB103207047022B62
:1081100003D0012B06D000207047428B002AF8D1F3
:108120000420704703680BB105207047002070479A
:1081300010B504468C46038B002A07DB03F00703C7
:108140005A1F012A0ED9042B37D010BDD0E90001E7
:108150008CE8030000232360636001212046FFF7C1
:10816000A4FFF2E7D0E900018CE8030000222260BE
:108170006260062B1CD1DCF8003000E013464BB1E6
:10818000628B013262831A68002AF7D0002BF5D186
:108190001A46F3E702212046FFF787FF2046FFF744
:1081A000AEFF0028D1D0238B43F020032383CCE7FC
:1081B00000212046FFF779FFF0E70021FFF775FF68
:1081C0002046FFF79CFF0028BFD0238B43F02003FD
:1081D0002383BAE750B110B50C4651B1081D00F029
:1081E000DEF810B9A368032B06D810BD6FF0150098
:1081F00070476FF01500F8E76FF01500F5E72DE90F
:10820000F04107460C4616461D461946201D00F053
:10821000DDF828B180462B46324621463846C04715
:10822000BDE8F0812DE9F04180460C4617461E4618
:1082300005E0656033463A464046FFF7E0FF2168B7
:1082400029B10D68256063688B42F3D1F1E7BDE881
:10825000F08108B5EFF311824FF0400C8CF31288D7
:10826000BFF36F8F41610121EBF762F908BD03464F
:1082700070B181B10A688AB14A6892B10020186071
:1082800058609860D86018615861986119617047AA
:108290006FF0150070476FF0150070476FF0150014
:1082A00070476FF01500704770B505460E46FFF732
:1082B00091FF041E33DBEFF31182402383F3128816
:1082C000BFF36F8FB5F818C00CF0070C6B8B4FF62F
:1082D000FF718B4228D06446BCF1060F05D8DFE859
:1082E0000CF00E0409040E280E006FF004040021A7
:1082F0000B460EE001336B830121002309E0BCFA39
:108300008CF35B0900213160696851B10E606E60C9
:1083100000219BB982F31188BFF36F8F99B9204672
:1083200070BD6E602E60F4E76FF00A0400210B460A
:10833000EFE76FF0850400210B46EAE702212846AB
:10834000EBF7F6F8EBE70023624631462846FFF7E5
:1083500056FFE4E710B5EFF31182402383F3128850
:10836000BFF36F8F038B03F00703022B07D0012BA2
:1083700002D06FF0850408E06FF0040405E01C46AD
:10838000438B013B9BB243832BB182F31188BFF334
:108390006F8F204610BD0221EBF7CAF8F9E70246BD
:1083A00058B1436803F00303012B03D0032B07D11B
:1083B000036843B10020906070476FF0150070476C
:1083C0006FF0150070476FF0150070470346426864
:1083D00002F003028160032A03D1006800225A6080
:1083E00070470020FAE7704710B58169046803FB05
:1083F00001411144C06B83681C68039B029AA0472B
:1084000010BD00B583B01021019104990091FFF7D0
:10841000EBFF03B05DF804FB0020704710B44B681D
:1084200001334B60C269934201D010BC70479B1A64
:108430004B60FAE710B586B0089C8269416C490030
:10844000521A02A9009163F10003FFF7DAFF002836
:1084500008DB2278531CDBB223709DF809108B4295
:1084600002D0002006B010BD023222700020F9E7D1
:1084700070B582B004468269416C4900551A63F1B7
:108480000006079B00932A463346FFF7BAFF08B160
:1084900002B070BD626C5219069B009346F1000356
:1084A0002046FFF7AEFFF3E710B504460F22411C4C
:1084B000FF20F4F7B9FB2378834201D0012010BDDF
:1084C0000020FCE708B54B78934201D0002008BD9E
:1084D0000846FFF7E9FF0028F8D10120F7E710B5BB
:1084E0000C464A78FFF7EEFF60B162884FF6FF73E3
:1084F0009A4201D0002006E06368B3F1FF3F03D049
:10850000002000E0002010BD0120FCE710B586B07F
:1085100004468269416C521A02A9009163F100037A
:10852000FFF76FFF00280FDB02A92046FFF7D7FFF8
:1085300060B1049B2BB99DF8092012B1089B1A6009
:1085400001E0089A1360002006B010BD6FF0010032
:10855000FAE710B586B004468269416C521A02A946
:10856000009163F10003FFF74CFF002809DB02A92B
:108570002046FFF7B4FF30B19DF80920089B1A7020
:10858000002006B010BD6FF00100FAE700B583B01F
:1085900004994FEAE17CBCF1000F08BF8B4203D184
:1085A000002003B05DF804FB05990091FFF7D1FFAF
:1085B00010F1020FF5D10020059B1870F1E738B5D6
:1085C00005460C464A78FFF77DFF90B1638893B962
:1085D0006368B3F1FF3F01D000200BE0AB69A268F4
:1085E0009B1A6A6CB3FBF2F102FB11332BB1002032
:1085F00000E0002038BD0020FCE70120FAE770B55C
:1086000005460E461446FFF76AFF08B9002070BD04
:1086100021462846FFF7D3FF38B1727863789A4233
:1086200001D00020F3E70120F1E70020EFE7F0B5EB
:1086300083B00446089D099E01960095FFF718FF38
:10864000074610B1384603B0F0BD324629462046F1
:10865000FFF7D5FF0028F5D00127F3E730B58BB041
:1086600005460C460B684A68416C5B1842F10002F3
:10867000236062608169406CA1EB40018B421ED196
:10868000A2B9E96901390A44626002AB019306AB01
:108690000093D4E900232846FFF7C9FF00280FDB29
:1086A00040B100202060049B236009E0013A236070
:1086B0006260EAE7D5E90223C4E9002300E0002074
:1086C0000BB030BD30B583B005460C460092D1E901
:1086D0000023FFF796FE08B103B030BD21462846BF
:1086E000FFF7BCFFF8E708B590F82420FFF7EAFE93
:1086F00008BD2DE9F04786B00646884692460C68CC
:108700004D68436C5B000022E41A65F100050C60C3
:108710004D601746A946CAF80020CAF8045012E076
:108720000344DB1949F100021F469146CAF80030A4
:10873000CAF80420C8F80040C8F80450736CE31A63
:108740001C4665F10005A74279EB05031FD202AB79
:10875000009322462B463046FFF753FE0346B8B936
:1087600002A93046FFF7BFFF0028E7D00027BDF879
:108770000A20082ADED9049B1046316C09680129B9
:10878000CED90A44013A494202EA0100C8E700236F
:10879000184606B0BDE8F08710B50C464A78FFF7DA
:1087A00091FE38B163883BB96368B3F1FF3F05D0F0
:1087B000002000E0002010BD0020FCE70120FAE7C7
:1087C0002DE9F04F8BB004460F46DDF850A0DDF8E0
:1087D0005490CDE908234FF0FF3B05E0089A099B30
:1087E0004B4508BF524521D0089E099D04AA08A9FF
:1087F0002046FFF767FF804610BB059BBB42EDD1CB
:108800000DF10F030193CDF800B032462B46204600
:10881000FFF7BCFEC0B99DF80F2004A92046FFF762
:1088200051FE08B9AB46D9E74FF0010804AC0FCCB4
:10883000169C20606160A260E360179B1E605D6013
:1088400040460BB0BDE8F08F8046F9E710B504460E
:108850000F22411CFF20F4F7E7F9207010BD2DE92D
:10886000F04188B00F9E002E36D00446076881691B
:1088700003FB01771744B846036C1B685B4216EA9A
:1088800003050ED0C06B8368D3F804802B460E9A84
:108890003946C04738B9761B05EB07080E9B2B44B9
:1088A0000E931EB9002008B0BDE8F0816D46324637
:1088B0000E996846E1F7C2F9236C1A68921B597940
:1088C000A819FCF7C3FFE06B236C1B68826854682F
:1088D0006A464146A047E6E70020E4E710B582B0CB
:1088E0000446102301930091D0E90223FFF7B7FF5C
:1088F00070B9236C1B68012B0CD903F10F025B428A
:108900001A40A368E1689B1A61F10001A360E1606D
:1089100002B010BD1022F4E72DE9F04389B00446FF
:108920001D4600260496059606960796B0464FF01B
:10893000FF320592ADF8122044F2012207920DF1A8
:108940000F0200923246FFF704FE10F1020F2ED004
:1089500050BB0DF10F03009332462B462046FFF724
:1089600069FD002820DB109B013306939DF80F3032
:108970008DF811300DF110094846FFF767FFD4E973
:108980000267A36918EB030845F10005636CB8EBB7
:10899000030365F10005A360E56049462046FFF743
:1089A0009DFF08B9C4E9026709B0BDE8F0838DF8FE
:1089B0000F60CEE7F0B585B00646002410E02A46E9
:1089C0003B463046FFF728FD0346E8B9039B00937A
:1089D0002A463B463046FFF79FFF0346A0B90134C5
:1089E000F369A3420FD927460025039503AB0093F3
:1089F0002A4623463046FFF789FD031EDFDA13F1CE
:108A0000020FDCD000E00023184605B0F0BD30B501
:108A100085B004464FF0FF33009301930293039314
:108A20000023ADF802300369029390F824308DF8EA
:108A300001306846FFF70AFF69462046FFF74EFF00
:108A400005B030BD30B58BB004464FF0FF33069310
:108A50000793089309930023ADF81A308368426C9A
:108A60009B18089390F824308DF81930036C10226D
:108A7000597902A8FCF7EAFEA368E1686BB12069A6
:108A80006269834271EB020207D302A92046FFF715
:108A900025FF03460028EFD025E0A369626C520051
:108AA0009B1A61F10001A360E16006AD2846FFF763
:108AB000CDFE29462046FFF711FF04F108012046AC
:108AC000FFF7ACFC04F124030093D4E90223204611
:108AD000FFF73FFD034610F1020F07D018B9E26817
:108AE00000232361626118460BB030BD002384F877
:108AF0002430F4E730B583B0054614460192009166
:108B0000D0E90423FFF7ABFE00280FDB2B6C1B68BA
:108B1000012B03D91C44013C5B421C402B696A6950
:108B20001B1942F100022B616A61002003B030BDC5
:108B30002DE9F0438BB0804615461F46129E036C0C
:108B40001B68C3F1000909F0200904E0361B641911
:108B5000254647F10007B6B134464E4528BF4C467E
:108B6000019402AB00932A463B464046FFF73CFC8B
:108B7000034648B9224602A94046FFF7BBFF034619
:108B80000028E3D000E0002318460BB0BDE8F083D6
:108B90002DE9F0479CB004460023079300F124051B
:108BA0000095D0E90223FFF7D4FC10F1020F33D077
:108BB0000346002839D194F82490E36800220A92F1
:108BC0000B930AA92046FFF729FCA2690A9BD21839
:108BD0000B9B43F10003616C521A63F1000308928E
:108BE000099318A901910CA900912046FFF71FFDD8
:108BF000031E1ADB002B7CD09DF8313084F8243022
:108C0000089F636C5B00FF1A099B63F10008002357
:108C100008931A9B089332E0D4E9026732463B4638
:108C20002046FFF7F9FB034618B118461CB0BDE813
:108C3000F0870023009332463B462046FFF76CFE48
:108C400003460028F1D10095D4E902232046FFF71E
:108C500080FC03460028AED0E7E78DF851900DF177
:108C6000500A5046FFF7F2FD51462046FFF736FE08
:108C700003460028D9D1A84508BFB74239D0089E7D
:108C8000099D14AA08A92046FFF71CFD03460028E9
:108C9000CBD114A92046FFF726FD0028EBD0BDF864
:108CA0005230002BE7D0D4E902230496059504A99D
:108CB000039110A90291CDE9002315992046FFF7F1
:108CC0007FFD031EB1DB049A059BAB4208BFB24295
:108CD000D1D1BDF85230082BBFD9169A216916910F
:108CE00000932B462046FFF723FF03460028B4D00D
:108CF0009BE784F824902046FFF789FE034600286E
:108D000093D107AB0093DDE90A232046FFF7FEFB72
:108D1000034610B110F1020F87D1DDE90A67324630
:108D20003B462046FFF778FB034600287FF47DAFE3
:108D3000079B009332463B462046FFF7EDFD034676
:108D400073E770B584B0054616461C4600230093B1
:108D50000193029303930191ADF8024090F82430FF
:108D60008DF80130082C12D9036902936846FFF789
:108D70006DFD082C05D9224631462846FFF7BAFE7C
:108D800018B969462846FFF7A9FD04B070BD631EF7
:108D9000072BEBD82246314602A8E0F74FFFE5E764
:108DA0002DE9F0439DB0044600220023CDE90A23BB
:108DB000CDE9082300F128084FF0FF324FF0FF33D0
:108DC0004046F7F761FE00273E463D4618E00AA9F7
:108DD0002046FFF723FB10AB01930CAB0093DDE9BA
:108DE0000A232046FFF723FCB0F10009C0F20981F5
:108DF0009DF8313084F82430B9F1000F34D00135BA
:108E0000E369AB4230D9A269636C5B00D21A65F1A9
:108E100000030A920B9310A901910CA9009120461E
:108E2000FFF726FB8146002840F0EB809DF83130AB
:108E300084F824300F9B03F47023B3F5803FDED217
:108E400010AA0CA92046FFF7DAFB0028D7D001367C
:108E50000F9B03F47F41B1F5844FB8D1DBB2012BF6
:108E600040F071810746B2E7E369B34213D0AB42E9
:108E700016D008AA0AA92046FFF73BFC8146002825
:108E800040F0CB80DDE90A23C4E90223DDE90823B1
:108E9000C4E9042376E0002FE9D16FF08509BCE036
:108EA000626C0A9B9A1A14AB00930B9B63F100034C
:108EB0002046FFF7A6FA8146002840F0AE8014A9AC
:108EC0002046FFF710FC00283BD010AB01930CAB01
:108ED0000093DDE90A232046FFF7CAFA81460028FD
:108EE00040F09B800F9B03F47023B3F5803F2DD39C
:108EF000236A13F0010F40F02981DDE90A67324649
:108F00003B462046FFF788FA8146002840F08580DE
:108F10000023009332463B462046FFF7FDFC814686
:108F200000287AD104F124030093DDE90A232046C6
:108F3000FFF70FFB814610F1020F19D0002898D0DF
:108F40006BE00AA92046FFF769FABEE70CA92046A4
:108F5000FFF7C5FA0028CBD00F9B03F47F42B2F590
:108F6000844FDFD1DBB2012BDCD06FF07A0954E003
:108F7000002384F824307CE7616C5B1A62F1000204
:108F8000A360E260A268E36820696169824273EBD2
:108F900001011BD318A900912046FFF732FA814640
:108FA00000282ED118A92046FFF79DFB70B1A368B9
:108FB000E268206961698A4208BF8342DCD1BDF85A
:108FC00062100029D8D06FF01C0926E0E168A3697F
:108FD000626C52009B1A61F100010A930B910AA97D
:108FE0002046FFF71BFA10AB01930CAB0093DDE9B1
:108FF0000A232046FFF71BFB0028C0F2AA800128A5
:1090000012D0B9F1000F08D1A168A269636C03EB1B
:109010004303D21A914200F091804046F7F7B4FD25
:1090200048461DB0BDE8F083002303939DF831301E
:1090300084F82430A368E268616C5B1842F1000296
:109040000A930B9207E0626C0A9B9B180B9A42F101
:1090500000020A930B920A9A0B9BA169606CA1EB28
:1090600040018A420FD204A900912046FFF7C9F9B6
:1090700081460028C5D104A92046FFF78DFB034691
:109080000028E0D000E0002333B3E36800220A9216
:109090000B930AA92046FFF7C1F903AB0093DDE962
:1090A0000A232046FFF732FA814610B110F1020F71
:1090B000A7D1DDE90A6732463B462046FFF7ACF907
:1090C000B0F100099DDB039B009332463B462046EE
:1090D000FFF722FC814694E703AB0093D4E9022317
:1090E0002046FFF713FA814610B110F1020F88D124
:1090F000D4E9026732463B462046FFF78DF98146A8
:1091000000287FF47EAF039B009332463B46204607
:10911000FFF702FC814600287FF473AFE06800216E
:10912000A160A269636C03EB4303D21AA2602161C0
:1091300060612046FFF72CFD814662E72046FFF77D
:1091400066FC814669E76FF07A0966E76FF085098A
:1091500063E7814661E798B338B50D460446283089
:109160000BF00CFCE06B8368DB689847206450B31D
:109170000268012A1BD902F10F03524213406364B3
:109180000268013A1F2A21D8A26903EB83039A429D
:109190001FD3E369012B1FD92046FFF701FE08B159
:1091A0003DB918B9012384F82530002038BD1023BB
:1091B000E5E72046FFF7FEFB2046FFF7F1FDF0E76D
:1091C0006FF0150070476FF01500EFE76FF01500B6
:1091D000ECE76FF01500E9E76FF01500E6E708B57A
:1091E0000021FFF7B8FF08BD2DE9F84F002861D036
:1091F000894690461F46044690F82530002B5CD0E7
:10920000036C1B68012B20D9FE18013E5B421E40F7
:10921000A369626C02EB82015B1A9F4250D8B7F5DA
:10922000803F50D217B1B8F1000F4FD016B1082FC0
:109230000DD9164404F1280A4FF0FF324FF0FF33E6
:109240005046F7F721FC00250EE03E46E0E71646C3
:10925000F0E72046FFF7F6FB834628BB2046FFF7E2
:1092600097FC834600BB0135E369AB421AD0A36883
:10927000E168002BEDD020696269301842F10002EC
:1092800083429141E5D3626C934201D1002FE0D13A
:109290003B46424649462046FFF753FD834618B9F0
:1092A000BB4601E06FF01B0B5046F7F76DFC5846CC
:1092B000BDE8F88F6FF0150BF9E76FF00C0BF6E7D0
:1092C0006FF0150BF3E76FF0150BF0E76FF0150B70
:1092D000EDE708B500231A46FFF786FF08BD2DE924
:1092E000F04F8BB092469B46DDF850800022002361
:1092F000CDE90823002857D00F46064690F82530C0
:10930000002B54D0D0E902230025A9462C46454520
:109310001CD8CDE9082308A9039104A90291D6E934
:109320000201CDE9000139463046FFF749FA041E33
:1093300024DB5CB10135DDF8249008A93046FFF745
:109340008DF9002836D1DDE90823E0E7A4B3059BB9
:10935000BB4234D1BDF81230A3B3454535D3082BF9
:1093600010D8BAF1000F07D05B4528BF5B461A46FC
:1093700006A95046E0F762FCBDF8124020460BB04B
:10938000BDE8F08F069ABAF1000FF5D05B4528BF13
:109390005B460193CDF800A04B463046FFF724F81A
:1093A00004460028E8D0E9E76FF01504E6E76FF01F
:1093B0000C04E3E70446E1E76FF00104DEE76FF039
:1093C0000104DBE76FF00104D8E76FF00104D5E793
:1093D00030B583B01C4600250095FFF780FF0028BC
:1093E00002DBA04228BF204603B030BD00B583B0E9
:1093F000002200921346FFF772FF03B05DF804FBF2
:10940000C3691BB11B790B70002070476FF05700C8
:109410007047C36923B1D3E8AF0F00F00100704774
:1094200000207047C36933B11B6933B1DB691B7915
:109430002BB90120704701207047012070470020A0
:10944000704770B504460D46C6690EB103233371EB
:109450002046FFF7E7FF88B103212046A8470028F0
:1094600004DB3EB101233371002070BD10F1860F83
:10947000FBD1F6E701212046A847F6E70020F4E7F4
:1094800038B50346C469256815F0200024D0E26889
:10949000F2B1013AE260F2B9A268002118469047A1
:1094A000002811DB0123237115F0040F14D020696B
:1094B000C3691B6813F4807F0FD0FFF7E1FF2368B7
:1094C00023F00403236007E0E3680133E36003E073
:1094D0006FF0770000E0002038BD6FF00A00FBE776
:1094E00038B5C469EFF31185402383F31288BFF3C5
:1094F0006F8F23793BB9A36800219847002809DBC7
:109500000123237100E00020236843F0200323603F
:109510000023E36085F31188BFF36F8F38BDC36903
:10952000CBB110B5D3E8AF3F13F4807F0DD0EFF38C
:109530001184402383F31288BFF36F8FFFF7A0FFDE
:1095400084F31188BFF36F8F10BD00220023002128
:10955000EAF792F9F8E70020704738B5C469226845
:10956000E368DBB9054612F0040F0ED1206960B143
:10957000C3691B6813F4807F15D0EAF793F80028BD
:1095800010DB236843F004032360A368012128460D
:109590009847002806DB0023237100E00020E368E1
:1095A0000133E36038BD6FF00A00FBE770B5044695
:1095B00050F8303C002150F8240C98470546A4F19F
:1095C00020064FF0FF324FF0FF333046F7F7A0FB95
:1095D000002D0FDB012304F8343CA4F1100014F833
:1095E000343C012199400CF094F83046F7F75AFBCF
:1095F0004DB170BD54F82C3C013344F82C3C002391
:1096000004F8343CE9E7A4F13805D5E8AF3F13F09E
:10961000040FEED054F8280CFFF781FFD5E8EF3F98
:1096200023F00403C5E8E23F002AE2D0F6E7C1696F
:10963000B9B110B5D1E8AF1F11F4807F0DD0EFF3B1
:109640001184402383F31288BFF36F8FFFF718FF55
:1096500084F31188BFF36F8F10BD0121EAF70CF975
:10966000FAE70020704708B5C36913B1EAF788F933
:1096700008BD0020FCE7704700290EDB38B5846880
:109680008C420DD9641AA3420DD8C56844682144A0
:10969000A86804682846A04704E06FF015007047EA
:1096A0006FF0150038BD6FF01500FBE700290EDBE9
:1096B00038B584688C420DD9641AA3420DD8C568A8
:1096C00044682144A86844682846A04704E06FF035
:1096D000150070476FF0150038BD6FF01500FBE7FF
:1096E00000290DDB83688B420DD95B1A9A420DD895
:1096F00010B5C46843681944204600F006FD10BD4B
:109700006FF0150070476FF0150070476FF015008F
:10971000704708B5C0688368DB689847006808BD73
:10972000C068704708B5C0688368DB6898474079AF
:1097300008BD00684B6898420AD3D1F808C063445A
:10974000984208D208694B69984208D200207047B5
:1097500001201070704700231370012070476FF0D4
:109760000B038B61002313700120704770B582B02A
:1097700005460C46CE680DF10702FFF7DAFF80B907
:109780002B68616822695B1A46F83230236906EB60
:10979000C3066B687360236901332361012002B043
:1097A00070BD9DF80700FAE730B583B00C4615464A
:1097B00001A9C0B2EAF756F900280CDB019868B19C
:1097C0002A462146EAF76AF904460198FFF753FF53
:1097D000204603B030BD6FF01504F9E76FF01504B3
:1097E000F6E70A6843689A4204D84A6813444B6013
:1097F0000120704700204860704770B545690369D3
:109800001D448368002B3DD00446026AB3FBF2F688
:1098100002FB163666B9A3683344E06822688168A3
:109820004E682946B047844670BBE3698BB922E095
:10983000961B0068324694F824101844FCF706F88A
:10984000E9E7206810F80C30DB4300F80C300CF12D
:10985000010CA3686345F4D8E068226881680E684B
:109860002946B047844678B9E3692A46A16820684A
:109870009847844640B92369A268134423610023B2
:10988000A36001E04FF0000C604670BD2DE9F84F79
:1098900000283ED08A4690469B460446036982686B
:1098A000134443448269934236D84FF000094E4630
:1098B0003146A8EB06076568A368ED1AAF420FD3DF
:1098C00020682A460AEB06011844E0F7B7F96368F6
:1098D000A3602046FFF791FF814640B92E44E7E799
:1098E000464507D3BBF1000F01D0A36863B94846D2
:1098F000BDE8F88F20683A4651441844E0F79EF9D5
:10990000A3681F44A760EDE72046FFF776FF814676
:10991000EDE76FF00D09EAE76FF00B09E7E72DE9D6
:10992000F843DDF82090099E002834D00D4690467B
:109930001F460446002931D0002A32D08B68DB68EC
:10994000084698470168B7FBF1F301FB13735BBB53
:10995000B9FBF1F301FB13934BBB5EB3B6FBF1F321
:1099600001FB13634BBB16EB090F29D2E560C4F86A
:10997000008067602361A360C4F81490A661036847
:1099800023620A9BE361437984F824302046EAF796
:10999000A1F8BDE8F8836FF00D00FAE76FF00D0055
:1099A000F7E76FF00D00F4E76FF00D00F1E76FF0EF
:1099B0000D00EEE76FF00D00EBE76FF00D00E8E74C
:1099C0006FF00D00E5E710B586B00C24ADF810403F
:1099D0001824ADF812400024ADF814404FF4C874B8
:1099E000ADF816400824029404AC0194BDF8204060
:1099F000009405F018F906B010BDF0B587B0044624
:109A00000D4616461F4602F048FAADF8160002232E
:109A100002930DF116030193BDF8303000933B46DD
:109A200032462946204605F0FEF807B0F0BD70B575
:109A300088B015461C46BDF830601D2200216846DE
:109A4000FBF704FFA6B91C2C15D822462946684608
:109A5000E0F7F4F8254604F120030DEB030400239E
:109A600004F8203C6846EDF7ADFA284608B070BD12
:109A70006FF00605F9E76FF00C05F6E72DE9F04108
:109A800084B004460D4616461F46EDF7BFFA8046E1
:109A9000FBF734FF80B20290CDF80480BDF8283087
:109AA00000933B4632462946204605F0BCF804B0F8
:109AB000BDE8F081002070472DE9F04105460E46D3
:109AC00017461C46FFF7F6FF804610B14046BDE83A
:109AD000F08123463A46314605F50170FFF7D6FE80
:109AE0008046002CF2D0D5F80002FFF7C4FD002319
:109AF000C5F80032EAE710B584B00446084604F51C
:109B00000071E9F7AFFF08B104B010BDD4F800024E
:109B1000FFF706FE0146D4F800325A689B68002021
:109B20000290019300924FF40073224604F50170F5
:109B3000FFF7F5FEE8E708B50020EAF71DF808BDD5
:109B400008B500221146E9F7E3FF08BD884205DDAC
:109B5000914204D09042A8BF10467047104670470B
:109B600010B414460AB100231360D0B119B9002013
:109B70001AE0013101300A782AB103789A4202D101
:109B80000BB13D2BF5D172B903782F2B04D03D2BAF
:109B90000CD06BB1002007E00CB101302060012037
:109BA00002E0002000E0002010BC70470120FBE72D
:109BB0000120F9E710B402460C4609B100230B60FE
:109BC00092B10020137833B13D2B04D02F2B02D05B
:109BD00001300132F6E72F2B01D010BC7047002C6A
:109BE000FBD001322260F8E70020F6E72DE9F043D0
:109BF00085B004460E4690461F460C9D0390A5B1C5
:109C0000296819B103AAFFF7ABFF58B1D5F8049042
:109C1000B9F1000F09D0AB6800933B46424631468C
:109C20000398C84705B0BDE8F08303A92046E9F7CB
:109C3000FBFF48B1C4683B46424631460398A04703
:109C40000028EFD00020EDE70020EBE70830704758
:109C500008B513460A4641680068FFF7B9FB08BD1E
:109C600010B582B00C4608236A4609681844FFF70D
:109C7000AFFB002802DB019B2360002002B010BD77
:109C800010B582B00446B1F1004F0ED0836D009341
:109C90000023019308236A46416D1844FFF7A4FA94
:109CA000002800DB002002B010BD002300930193C8
:109CB00008236A461844FFF797FA0028F3DB4FF0B1
:109CC000004363650020A065EDE7F0B583B005466D
:109CD000002780F85C704FF000441BE021462846C6
:109CE000FFF7CEFF03B0F0BD3046FFF7F2FA0028D1
:109CF000F8DB009708236A4621463046FFF774FADE
:109D0000002817DAEEE76C65009BAB65019B2746E0
:109D1000E3B11C4605F1080608236A462146304691
:109D2000FFF756FB10F1020FD8D00028DADB0099BC
:109D3000B942D9D16208C4F3430395F85C108B4251
:109D4000E1D902F00F0285F85C20DCE70020C9E7CA
:109D5000036D436463B110B504460830FFF73FFA62
:109D600000B110BD84F85C002046FFF7AEFFF8E7B5
:109D70006FF01200704770B584B0044600F108051A
:109D800041F0010608230DEB030231462846FFF798
:109D90001FFB002820DB029999B108236A46284658
:109DA000FFF716FB002817DB039B0BB9009AA2658F
:109DB000019308236A4602992846FFF715FA0028FE
:109DC0000ADB31462846FFF784FA002804DB0399B2
:109DD00021B9029B6365002004B070BD08236A4668
:109DE0002846FFF7F5FA0028F6DB029B00930823CC
:109DF0006A4603992846FFF7F7F90028ECDB019B38
:109E00001BB9029BA3650020E6E70020E4E770B5DC
:109E100004460D4600F108063046FFF75AFA0028BE
:109E20000ADB05F180413046FFF753FA002803DBD7
:109E300029462046FFF79FFF70BD2DE9F04F9BB0EC
:109E400002920393002900F0A780064614461D469F
:109E500089464A2148460AF063F880468CB195B994
:109E60000123019341464846E9F73EF920F0404777
:109E700027F01F0747F0004700244FF0FF3AA346A2
:109E80000BE00123EDE70023EBE7BAF1000F03DA63
:109E9000A24601E00BF1010B013496F85C30A342BD
:109EA0001EDB07EB4405492305AA294606F10800F5
:109EB000FFF78EFA10F1020FE7D0002821DB002116
:109EC00000F168036B4403F8541C4045E2D102469C
:109ED00005A94846FBF748FD0028DBD100240CE02B
:109EE0005B4511D2BBF10F0F59D886F85CB04FEA31
:109EF0004B0505F01E053D430124019B8BB15CB170
:109F000000201BB0BDE8F08F4FEA4A0303F01E03A8
:109F100043EA07050124F0E729463046FFF777FFBB
:109F2000EFE706F10807039B029A05F180413846E6
:109F3000FFF75AF90028E4DB002C33D000231993F3
:109F4000736D002B04DB3046FFF7BFFE0028D8DB23
:109F5000736D189345F00104082318AA214638466A
:109F6000FFF742F90028CCDB1994B36D189308234E
:109F700018AA716D3846FFF737F90028C1DB736DF9
:109F8000B365746543464A4629463846FFF72CF9BF
:109F90000028B6DB0020B4E76FF01500B1E76FF0E2
:109FA0001B00AEE70020ACE7F0B595B005460F46C4
:109FB0004A21384609F0B4FF01463846E9F794F8DB
:109FC00020F0404424F01F04002695F85C30B34292
:109FD00022DB24F01E04730003F01E031C4324F054
:109FE000404121F00101492301AA41F0004105F15E
:109FF0000800FFF7EDF9031E0CDD50336B4400221F
:10A0000003F84C2C01A93846DFF7DCFC10B92046D8
:10A0100015B0F0BD0136D8E70024F8E789B110B5D6
:10A020000446FFF7C1FF08B9002010BD20F04041F1
:10A0300021F0010141F0404104F10800FFF7D6F999
:10A04000F3E76FF015007047E9B1F8B5044615461F
:10A050001E46DAB1FFF7A8FF08B90020F8BD20F0CE
:10A06000404121F0010141F04047083433462A467F
:10A0700039462046FFF7ACF9B042EFD139462046C9
:10A08000FFF7B4F9EAE76FF0150070476FF01500BD
:10A09000E4E72DE9F043C1B080460D4617461E4661
:10A0A000D0F80890D9F80C3098470368B3F5807F52
:10A0B00020D8002F21DB47EA0604013B1C401FD1BA
:10A0C0004FF4807229466846FBF7C0FB0020A64289
:10A0D00018D9351BB5F5807F28BF4FF480752B4606
:10A0E0006A4639194046D9F804C0E047002809DB20
:10A0F0002C44ECE76FF0150004E06FF0150001E070
:10A100006FF0150041B0BDE8F08370B504460D4610
:10A1100016468368DB689847417933462A462046CD
:10A12000FFF7B7FF70BD08B5FBF790FB08BD08B59A
:10A13000DFF784FD08BD08B501460068E9F7A4FF14
:10A1400008BD08B5E9F7B8FFEAF77CFB08BD0020B9
:10A15000704708B500231370CB1E092B1AD8DFE80F
:10A1600003F005090D111919191919141146EAF707
:10A1700069F912E00021EAF70FF80EE00021EAF792
:10A1800085F80AE0EAF7F8F807E01146EAF7B6F9C9
:10A19000002002E0EAF7BCF9002008BD08B500B2D3
:10A1A000EAF7B0FA08BD08B500B2EAF7B9FA08BD97
:10A1B00008B512F0010F04D1023100B2EAF7C2FA79
:10A1C00008BD0021F9E708B500210120E9F75CFF8F
:10A1D00008BDD0F89C3083F30B8870476FF0850082
:10A1E000704761B662B680F31188BFF36F8F704716
:10A1F00072B6002383F31188BFF36F8FBFF34F8FC5
:10A2000030BF62B6BFF36F8F704772B6002383F31F
:10A210001188BFF36F8FBFF34F8F20BF80F311887A
:10A22000BFF36F8F62B6704740E800F010F4803FD4
:10A2300001D0C0B270476FF01500704708B50B68C9
:10A2400023F01F0C0B7A03F01F0ECA6822F01F02C6
:10A250005B0942EA430242F001024CEA0E01EAF7CE
:10A26000A9FB08BD43681F2B08D913F01F0F07D1A6
:10A27000036813F01F0F05D00020704700207047BF
:10A28000002070470120704700B585B00A68009231
:10A290004B68B1F808E09DF808C06EF3040C8DF827
:10A2A00008C0B1F80AC09DF808106CF347118DF88A
:10A2B000081022F01F021344013B23F01F030393F5
:10A2C0006946EAF7A1FB05B05DF804FB70B50446EA
:10A2D0000E46FFF7A9FF05463444601EFFF7A4FFB2
:10A2E000854201D1284670BD6FF01505FAE7F0B53B
:10A2F00087B0054605A8E9F7CFF90646002442E0F5
:10A30000B3F1006F00F0A380B3F1805F3AD15768DA
:10A31000095827F01F0392681344013B23F01F03E1
:10A32000019702919DF80C20012161F304028DF840
:10A330000C20D2B222F0E0028DF80C20049317E03A
:10A340005768095827F01F0392681344013B23F014
:10A350001F03019702919DF80C20012161F3040273
:10A360008DF80C20D2B261F347128DF80C200493C3
:10A3700001A92878EAF748FB0028C0F282802B78F0
:10A3800001332B700134B4427ED22001059901EBD8
:10A390000412D3686FF31303B3F1807F3DD0AFD8BD
:10A3A000B3F5001F06D0B3F5800F1DD0B3F5801FA5
:10A3B000C6D0E7E75768095827F01F03926813448F
:10A3C000013B23F01F03019702919DF80C2001210E
:10A3D00061F304028DF80C20D2B2022161F347121E
:10A3E0008DF80C200493C3E75768095827F01F0322
:10A3F00092681344013B23F01F03019702919DF8DB
:10A400000C20022161F304028DF80C20D2B222F05C
:10A41000E0028DF80C200493AAE75768095827F04A
:10A420001F0392681344013B23F01F03019702911D
:10A430009DF80C20012161F304028DF80C20D2B2AA
:10A44000032161F347128DF80C20049390E75768BD
:10A45000095827F01F0392681344013B23F01F03A0
:10A46000019702919DF80C20012161F304028DF8FF
:10A470000C20D2B2032161F347128DF80C20049313
:10A4800076E76FF0150000E0002007B0F0BD08B5DA
:10A49000EAF796FB08BD08B5EAF79CFB08BD08B5CE
:10A4A000EAF73AFC08B5EAF723FC002008BD38B506
:10A4B0000446037D1B3323F00303028A521A056A04
:10A4C00003FB0255EAF748FCA872237DEB7228468D
:10A4D00038BD70472DE9F04104460D4617461E462B
:10A4E000807AEAF745FCC3691B68D3F800803A46D6
:10A4F000334629462046C047BDE8F08138B50446BA
:10A50000807AEAF735FC0546616951B1637A13F048
:10A51000010F04D1C3691B689B682046984700233C
:10A520006361214628460AF0DEFA38BD10B50446BC
:10A53000807AEAF71DFC037D1B3323F00303026AD4
:10A54000A41AB4FBF3F010BD70B504460D46807A32
:10A55000EAF70EFCC3695A689E682E6015682046AB
:10A56000FFF7E4FF00FB065070BD00230382436940
:10A57000C36070472DE9F04385B0054603919046CE
:10A580001C4668460AF0D9FFDDE90067EFF3118247
:10A59000402383F31288BFF36F8F6B8A8BB391468E
:10A5A0002A8A93420BD2002200232846F6F742FB68
:10A5B000044620B189F31188BFF36F8F0AE0698ADE
:10A5C0004B1E6B8289F31188BFF36F8F2846FFF70C
:10A5D0006EFF0446039B0BBB0023636101232372C0
:10A5E000002161726160039B6382E27A04F11800CA
:10A5F000FBF72CF92046FFF7B8FF204605B0BDE871
:10A60000F08382F31188BFF36F8F424623462846BA
:10A61000F6F710FB04460028DCD1EEE732463B4655
:10A6200068460AF0C0FFDDE9002303A92046FFF7D2
:10A6300051FF054660610028D0D12046FFF75EFF3C
:10A640002C46DAE708B5C1698968FFF793FF08BDB2
:10A65000EFF31182402383F31288BFF36F8F00233F
:10A660000B60436833B11960416082F31188BFF316
:10A670006F8F704741600160F7E70346EFF3118287
:10A68000402181F31288BFF36F8F006828B1016801
:10A690001960D3F804C0604504D082F31188BFF379
:10A6A0006F8F70475960F8E738B5044603E02046DD
:10A6B000FFF724FF2C46D4B1656804F10802D2E804
:10A6C000EF3F591EC2E8E01F0028F8D113F0FF0346
:10A6D0000DD0012B0BD10023E3606360A07AEAF771
:10A6E00047FB8369002BE2D020469847E2E738BD5C
:10A6F00000F10803D3E8EF1F0131C3E8E21F002A8D
:10A70000F8D17047034618465B68002BFBD17047B1
:10A7100070B504460D4646681EB10846FFF7F2FFC5
:10A720004660656070BD38B50D4638B10446FFF728
:10A73000E9FF2946FFF7ECFF204638BD0846FFF742
:10A74000D7FFFAE783680B4403607047D0F800C076
:10A7500042688368C1F800C04A608B607047026835
:10A76000838819448180D018704738B50D46144647
:10A770001146FFF7F4FF22462946DFF75FFA38BD9E
:10A7800010B50C460121FFF7EAFF047010BD034627
:10A790000068401A18609A880A449A80704710B579
:10A7A0000C460121FFF7F3FF047010BD03468288B9
:10A7B000521A828000680844186070470346006897
:10A7C0009A88521A9A8001441960704710B503683C
:10A7D0001C780121FFF7EAFF204610BD10B5036881
:10A7E0001C880221FFF7E2FF204610BD10B5036868
:10A7F0001C880221FFF7DAFF200240EA142080B211
:10A8000010BD08B5EAF7BCFA08BD08B5EAF70EFBBB
:10A810000123C0F80035BFF34F8F20BFFDE7038948
:10A820008B420BD9436803EBC10053F8313003B1BD
:10A8300070474368002BFBD10020F9E700207047E8
:10A8400008B90120704703207047F8B507460C4649
:10A850001546067806F00700FFF7F2FFC6F3C106BB
:10A86000012E28BF0126C5F307222D02ADB22A43CF
:10A87000B9880B0243EA112397F806C0FD7900213D
:10A8800021606160217860F302012170C9B266F332
:10A89000C40121706280A38084F806C0E571F8BD10
:10A8A000038A072B10D9C3681A685B680A604B607B
:10A8B0004A88130243EA12234B808A88130243EA30
:10A8C00012238B80002070470320704783681B6829
:10A8D000DB6808684A6818605A600020704700B555
:10A8E00085B040F8041B00230293019301230093D9
:10A8F0000B8ACA68042109F0B0FD05B05DF804FBBD
:10A9000030B583B005460C460846FFF72EFE2846B4
:10A9100040F8044B08232382E268638A6169511A74
:10A920005B1A00210091083B0832022109F019FF4F
:10A9300003B030BD38B505460C468888EAF7C2FA40
:10A9400020B3E179FFF76BFF10B3237813F007030F
:10A9500004D0022B18D00324204638BD0468CCB1A3
:10A96000A8680F21043009F0C8FEA8B12846A04706
:10A970000446A8680F21043009F0C9FE0028EBD175
:10A98000002CE9D10724E7E74468E8E70824E3E777
:10A990000824E1E70824DFE70724DDE710B50C46CB
:10A9A000EAF7A6FA18B103462046984710BD0120E1
:10A9B000FCE72DE9F04182B086680023A6F84C3010
:10A9C000A6F84E300B78C3F3C103012B2BD80546F4
:10A9D0000C469046FFF7AEFF0746B8B9B6F84E10E2
:10A9E00019B1237813F0180F14D073683268D16846
:10A9F0005B1A138233681A8A083A69462046FFF7C1
:10AA000024FF69462846FFF761FF0DE00023C8F8E0
:10AA1000003009E0B6F84C00FFF7C0FF07460023FE
:10AA2000C8F8003000E00D27384602B0BDE8F081DC
:10AA3000F8B504460F4616461D46C3B12946A06820
:10AA4000FFF75EFF079B069A39462046EAF7EEFAC3
:10AA500020B923681B6A284698470025216830469C
:10AA600000F065FB2168284600F061FBF8BD2E462A
:10AA70001546E3E72DE9F04186B005460C46002275
:10AA8000049205920392904623E02968204600F044
:10AA90003AFB0646002855D021466868FFF71FFF9D
:10AAA0003146A868FFF72CFF03AA04A92846FFF740
:10AAB00080FF8046002849D12B681B6A30469847A2
:10AAC0008046002844D1BDF812103846FFF76EFECC
:10AAD0000122238ADBB104A92046FFF7E1FE38BB3F
:10AAE00004F10C0708213846FFF760FE228ABDF802
:10AAF00012309A4221D39DF8103013F00703C4D0CE
:10AB0000022BC2D04FF008080122002600E00026E8
:10AB1000B8F1000F00D0F2B92968204600F007FB19
:10AB20002968304600F003FB404606B0BDE8F081DE
:10AB30004FF0090800221646EAE74FF00908012203
:10AB40000026E5E74FF002080122E1E70122DFE7F6
:10AB500001220026DCE7039B0193CDF800803346F9
:10AB6000224604A92846FFF763FFDDE72DE9F047F9
:10AB700082B08146884616469A4609F049FB00286D
:10AB800048D00023CAF80030444628E0019A6368A0
:10AB90009A420CD014340135FFB1B5421DD206EBF8
:10ABA000860C08EB8C0CA445F0D84446EEE72168EF
:10ABB0000098FAF7D9FE0028ECD1237CE3B9A3680A
:10ABC000E16848469847D0B1012323741434DAF879
:10ABD00000300133CAF8003000E03FB997B1694650
:10ABE000484609F010FB07460025D5E700214846F6
:10ABF00009F094FB0746F1E76FF06F0007E06FF094
:10AC0000220004E0484609F02EFB30B1002002B0DB
:10AC1000BDE8F0876FF04C00F9E76FF04C00F6E705
:10AC2000F8B505461646034600E0143301EB8104EF
:10AC300005EB84049C4204D91C68B442F5D1187C0D
:10AC4000F8BD3046FAF75AFE074600E01435AC422C
:10AC50000BD96B68BB42F9D13A4629683046FAF7FE
:10AC600083FE0028F2D1287CEAE70020E8E72DE9FE
:10AC7000F04190B0836813F0030F1DD10746FEF733
:10AC800051FD00EB00231B0443EA002340EA0305C7
:10AC9000D7F808800026464522DAA8EB06043F2CA8
:10ACA00000D9402423466A4631463846FEF7E4FC84
:10ACB000002817DB00230CE0FFF7F1FBB3EBA20F3A
:10ACC0000CDA10AA02EB830252F8402CAA420BD1F4
:10ACD00001332246002CF1DAE21CEFE74036DAE7D6
:10ACE000012002E00B2000E0002010B0BDE8F08160
:10ACF00010B582B001A9E8F7B5FE18B10A242046C4
:10AD000002B010BD0198FFF7B2FF04460198FEF7AC
:10AD1000B2FCF4E718B1012803D1022070470120EA
:10AD20007047FF20704710B5002400E00134012C6B
:10AD30000ADC204600F0DDF80028F7D12046FFF7B6
:10AD4000E9FF0028F2DB01E04FF0FF3010BD027890
:10AD50000B789A420CD30ED842784B789A420CD397
:10AD60000ED842884B889A420CD30ED800207047E8
:10AD70004FF0FF307047012070474FF0FF307047B1
:10AD8000012070474FF0FF3070470120704710B529
:10AD900082B0FFF7BFFF00281EDB01A9C0B2E8F7B1
:10ADA00061FE00281ADB0198FFF761FF044638B105
:10ADB00001280FD00198FEF75EFC204602B010BDBE
:10ADC000019882680021FEF78BFC04460028F1D030
:10ADD0000D24EFE70024EDE70E24EEE70A24ECE76C
:10ADE00070B582B00C4615461E46FFF793FF00284B
:10ADF00012DB01A9C0B2E8F735FE78B933462A461E
:10AE000021460198FEF738FC04460198FEF733FC12
:10AE100034B9204602B070BD0E24FAE70A24F8E7E0
:10AE20000B24F6E730B583B00C46FFF773FF00281C
:10AE30000FDB01A9C0B2E8F715FE054658B9019825
:10AE4000FEF770FC20700198FEF715FC284603B051
:10AE500030BD0E25FAE70A25F8E770B582B0054641
:10AE60000C461646FFF756FF01A9C0B2E8F7FAFDF7
:10AE7000E0B93246A54214BF00210121019807F034
:10AE800031FE0446042804D8DFE800F0040A030E6B
:10AE90000C0001240198FEF7EEFB204602B070BDC5
:10AEA0000C24F7E71D24F5E71724F3E70A24F4E759
:10AEB00070B506460C4600F0A9F80546304605F088
:10AEC00092FA034685F00100013B032B0ED8DFE820
:10AED00003F00A080206002304B1237070BD0223A8
:10AEE000FAE70123F8E728460023F5E74FF0FF30A3
:10AEF000F4E770B582B004464610304600F086F89C
:10AF0000054600238DF807300DF107013046FFF7A5
:10AF1000CFFF844205D0A54214BF0020012002B01B
:10AF200070BD9DF80730022BF5D10120F7E72DE920
:10AF3000F04182B004460D464FEA6008404600F0FA
:10AF400065F8064600238DF807300DF107014046ED
:10AF5000FFF7AEFF0746EDB9A6422CD09DF80730AB
:10AF6000012B1FD04BB90DB1A7422AD0A6421ED04B
:10AF70001DB9A64201D0A74225D0022B02D125B38C
:10AF8000A74224D02A4631462046FFF766FF02B08A
:10AF9000BDE8F08100F03CF88045DFD0A642DDD16D
:10AFA0002020F4E74DB9A74209D01C20EFE7B742B3
:10AFB000DED01C20EBE72120E9E71C20E7E700209A
:10AFC000E5E70020E3E71C20E1E71C20DFE70020A5
:10AFD000DDE770B582B00C4616461D4604230DEB26
:10AFE00003020968FFF7FCFE50B9BDF80430AB421C
:10AFF00008D1236804332360BDF80620134433606E
:10B0000002B070BD0420FBE7704770470020704716
:10B010000020704701B95AB100B591B000236A46CB
:10B0200019460120EAF7DEFB002011B05DF804FBB1
:10B030000020704770B590B006460D46002400E031
:10B040000134012C0FDC00236A4629462046EAF72A
:10B05000C9FB0028F4D1402231466846FAF784FC47
:10B060000028EDD101E04FF0FF34204610B070BD54
:10B0700010B50446FFF7CCFFFFF7C8FF00231A46C0
:10B080002146EAF7AFFB10BD042805D8032809D2F2
:10B09000022809D103207047063880B2012805D95B
:10B0A0000120704705207047012070470520704738
:10B0B00008B50020E8F7B6F808B5ECF719FBDEF79D
:10B0C000A7F908BD00B5BDB0009017AB019303AB65
:10B0D00002936846FFF7CEFC3DB05DF804FB10B567
:10B0E000044602E02046FFF7EDFF04F110000022C5
:10B0F0000023F5F79FFD01460028F3D110BD08B5E8
:10B10000FFF7D2FA08BD70B504460D46EAF7A0FE77
:10B11000064618B1AB6A1BB121469847304670BD50
:10B12000E27A04F118011830DEF788FDF6E748B13D
:10B1300010B50446CB6A0BB1183098472046FFF78C
:10B14000DEFF10BD70470023836383877047836BE6
:10B150000BB1808F70476FF015007047F8B504464B
:10B160000E461546836B6BB1A38FAB4230D3A06BF9
:10B170002A4631460C30FFF7F8FAA38F5A1B90B2DB
:10B18000A087F8BD072A14D94B881F0247EA132766
:10B19000BFB20837BFB240F2CE439A420CD89F42AA
:10B1A0000DD8BA420ED8EAF753FEA06368B1A7875C
:10B1B000DAE76FF03C00E4E76FF03E00E1E76FF0A4
:10B1C0003E00DEE76FF08A00DBE76FF00B00D8E7A8
:10B1D0006FF08A00D5E738B50B46816B59B104464C
:10B1E000858F05B153B12046EAF752FE0023A387AD
:10B1F000A363284638BD6FF01505FAE76FF03C05EC
:10B20000F7E710B50446806B28B1FFF778FF002000
:10B21000A087A06310BD6FF01500FBE7806B00B145
:10B220001830704780697047036813B100230360CA
:10B23000037170478B6913B183610B7F0377002023
:10B24000704791B138B504460D460846EAF76EFEE0
:10B2500068B1A369AB4201D0012038BD90F86920E4
:10B26000237F9A4205D10120F7E700207047002094
:10B27000F3E70020F1E708B5EAF758FE10B16C30AB
:10B28000F5F710FD08BD01B1704708B5EAF77EFE7D
:10B2900008BD70B504460D46EAF748FE60B10646A3
:10B2A0002946204601F009FE10B110F1780F04D1B3
:10B2B00006F1380009F022FE70BD47F61222002385
:10B2C00006F13800F5F734FFF6E708B5FFF7AAFFF7
:10B2D00020B103F0E4FD033880B208BD0020FCE794
:10B2E00070B584B005460B460468E668208AB4F859
:10B2F00012C06469341BACEB0404009203AA211A47
:10B300003044E8F73BF830B92A68138A03990B44B4
:10B31000138204B070BD6FF01500FAE710B5044653
:10B320000068038A012B07D90C30FFF75FFAA08071
:10B33000022804D9002010BD6FF01500FBE76FF064
:10B340001500F8E708B50A460146002005F018F890
:10B3500008BD10B50446006818B1FFF7D0FE002301
:10B36000236010BD30B587B00346144604AD00918C
:10B3700003AA05212846E7F76FFF04212846A047C6
:10B3800007B030BDF8B504460F46164603686BB3E8
:10B39000012E55D93B881D0245EA1325ADB240F276
:10B3A00014439D422AD040F209639D424AD120684D
:10B3B000FFF7DBF8B21EB91C2046FFF791FF30BB48
:10B3C00040F209639D4227D02268118AA3889942DE
:10B3D0003AD32BD8D068FFF7B5FF60BB2268138A39
:10B3E000023B1382206800232360F8BDEAF730FD9A
:10B3F00020600028F9D0FFF7B8F8C9E723681B8A56
:10B40000002BD7D12046FFF7A4FF0020EDE7204610
:10B41000FFF79FFF0020E8E72046FFF77FFF0028A7
:10B42000D2DA2046FFF795FF0020DEE72046FFF73F
:10B4300090FF0020D9E72046FFF78BFF0020D4E7DC
:10B440000020D2E70020D0E70020CEE708B507F0C3
:10B450007BF908BD10B584B00B46144669461A88BE
:10B460009B78ADF800208DF802300023CDF8033032
:10B47000CDF80730CDF80B308DF80F306A46FFF766
:10B48000E5FF08B104B010BDBDF800209DF8023002
:10B490002280A370F6E710B582B00C4601AA0331F2
:10B4A000FFF7D8FF48B9032201A92046FAF75CFA52
:10B4B000B0FA80F0400902B010BD0020FBE770B583
:10B4C00005460E460021FEF775FB0D281BD12B7B90
:10B4D000302B05D0312B19D10123337000240EE01D
:10B4E00000233370FAE7C4F10502324401231A4401
:10B4F000022105EB4400FCF78FFD0134E4B2052C7A
:10B50000F1D9002070BD6FF01500FBE76FF015005A
:10B51000F8E708B5E8F75CFC08BDF0B58DB0064665
:10B520001D469AB1174651B9002400943B46324655
:10B53000242103A8EBF73EF870B10DB0F0BD02ACCA
:10B540000A4604212046E7F7CBFFEEE70246242116
:10B5500003A8EAF7ABFFEFE7129A294603A8E8F73A
:10B56000D7FAEAE770B58CB004469AB1164651B9DD
:10B570000025009533462246242103A8EBF71AF84C
:10B5800070B10CB070BD02AD0A4604212846E7F741
:10B59000A7FFEEE70246242103A8EAF787FFEFE7BB
:10B5A00003A8FEF7CDFAECE70020704770B588B02D
:10B5B0000C4603780A78934208D1012B15D0022B50
:10B5C00017D0E3B940884B88C01A0CE06946EBF706
:10B5D00035F904AE31462046EBF730F910223146FA
:10B5E0006846FAF7C1F908B070BD40684B68C01AE8
:10B5F000F9E7102201310130FAF7B6F9F3E76FF0FD
:10B600001500F0E700B50346042A0DD0102A1BD020
:10B61000022A2BD10022027048780A7842EA0022DE
:10B620005A8001205DF804FB01201870CA7891F857
:10B6300002C04CEA022C91F801E00A7842EA0E229C
:10B6400042EA0C425A60EDE70246022002F8010B82
:10B65000D1F800E0D1F804C08868C968C3F801E0F7
:10B66000C2F804C09060D1600120DBE70020D9E778
:10B6700010B50446012300F8013B0621F2F7E0FF74
:10B6800018B9A37963F03F03A37110BD0B68036081
:10B690008A888B7982808371037823F00203037098
:10B6A00070470078C0F340007047431E1F2B15D829
:10B6B000DFE803F0171214161414141614141414DB
:10B6C000141414101414141414141414141414143E
:10B6D0001414141005207047042070470020704790
:10B6E0000220704738B50446807AE9F741FB0546E9
:10B6F000616951B1637A13F0010F04D1C3691B680A
:10B700009B6820469847002363612146284609F03C
:10B71000EAF938BD08B5FFF7E5FF0A20EBF7D0F8E6
:10B7200008BD2DE9F04105460C4617461E4601F1BD
:10B730000C0800F10C014046FFF708F8E368626965
:10B740009B1ABAB213446B822A8201236B72394668
:10B750004046FFF72BF8E36873600023E360628ADA
:10B760007281638234602846BDE8F08138B50546B1
:10B770000C460B684A68DA600B684A895A82086886
:10B78000FEF792FF002323606360A360E360284616
:10B79000FFF7A8FF38BD438A1BB9C3681BB100205F
:10B7A000704700207047012070471070C0F30723D6
:10B7B0005370030C9370000ED0701171C1F3072306
:10B7C00053710B0C9371090ED171704700B5C37999
:10B7D000817941EA03214279037943EA0223C2785D
:10B7E00090F802C04CEA022C90F801E0027842EA9C
:10B7F0000E2242EA0C4043EA01415DF804FB0020BE
:10B80000704710B5864608464FF0000C634510D9C6
:10B8100002EBCC0112F83C40744507D1028A4B7808
:10B820009A4209D34B689847002010BD0CF1010CD7
:10B83000ECE76FF05E00F8E76FF01500F5E708B58C
:10B84000FFF7DFFF08BD08B5FFF7DBFF08BD704756
:10B85000D0F8A4307BB15A7C12F0010F0BD012F05B
:10B86000100F02D01B7C102B02D00323437204E084
:10B870000423437201E002234372827A407A8242B7
:10B880008CBF002001207047053815280ED8DFE84E
:10B8900000F00B0D0D0D0D0D0D0D0D0F0F0D0D0D00
:10B8A0000F0D0D0D0D0D0D0F032070470220704779
:10B8B00001207047B2F801C0034623F870CBD1F8DD
:10B8C00000C0C0F870C0B1F804C08979A3F804C002
:10B8D0009971B2F8173040F2E24101FB03F3C0F86E
:10B8E0008830B2F81930A0F89030B2F81B30A0F8C8
:10B8F0009230D378C370002303731B22A0F8AA20D0
:10B900004FF4A473A0F8AC30A0F8AE20A0F8B0308B
:10B91000704701F01F0201239340490900EB8100A9
:10B92000D0E8EF2F42EA0301C0E8EC1FBCF1000FA2
:10B93000F6D103EA0200003818BF012070472DE954
:10B94000F04104460E4615469846171D3846FFF747
:10B95000A8FE78B139463046FFF798FED5F8113089
:10B96000C4F80130B5F81530A4F805300123237070
:10B97000BDE8F0813946404600F045FD036833607C
:10B9800082888379B280B3716B682360BA88BB798F
:10B99000A280A371ECE7012800D0704708B5ECF74E
:10B9A00029FC00F11003D3E8EF1F21F48071C3E8F4
:10B9B000E21F002AF7D100F0C0FE08BD08B5C36839
:10B9C000D878FFF7E8FF08BD08B5C368D878FFF757
:10B9D000E2FF08BD10B5ECF70DFC1030D0E8EF3FEA
:10B9E00023F48073C0E8E23F002AF7D10021012050
:10B9F000EBF782F8044638B13C2303730021EDF7DE
:10BA000049FA2046EDF790F910BD3C2800D0704768
:10BA100008B5FFF7DFFF08BD01F01F0C012303FA93
:10BA20000CF352B1490900EB8100D0E8EF2F1A4323
:10BA3000C0E8E12F0029F8D17047490900EB8100E7
:10BA4000DB43D0E8EF2F1A40C0E8E12F0029F8D1FE
:10BA5000704770B5C468B4F80160237803B170BD55
:10BA60000F213046EDF78AFA054640B1E3780373BB
:10BA70000121EDF70FFA2846EDF756F9EFE7E178E7
:10BA80003046EAF779FFEAE7C368B3F801001B78AC
:10BA900003B1704710B50F21EDF770FA044640B1BD
:10BAA0000021EDF7F7F9A378012B03D02046EDF73D
:10BAB0003BF910BD2046EDF737F9FAE710B5C46839
:10BAC0000121B4F80100EDF759FA70B1034622786C
:10BAD00062B11A1DD2E8EF0F40F48030C2E8E10FE6
:10BAE0000029F7D11846EDF71FF910BDD4F803105F
:10BAF000D4F80720C0F89910C0F89D20E9E72DE997
:10BB0000F041C7683B789B000133028A93423FD8DB
:10BB100000262DE0A3611AE02562E56104F1CC0363
:10BB2000D3E8EF1F0139C3E8E21F002AF8D1002152
:10BB30002046EDF7A1F845466B1E1FFA83F89DB12C
:10BB400065698DB12B686361A269AA42E2D0204683
:10BB5000ECF7E4FFF5F7A6F800232B60236A002B2F
:10BB6000DAD01D602562D9E72046EDF7DDF8013611
:10BB70003B789E420CDA07EB8603B3F803500F21A3
:10BB8000B3F80100EDF7FAF904460028D4D1EEE746
:10BB9000BDE8F08108B501210C30FEF70FFE08BDAD
:10BBA00038B50446C2681378018A022B06D0042BEC
:10BBB00008D0FEF779FD6FF0150002E0EBF7E4F82E
:10BBC000002038BD022910D950783E2811D0FFF747
:10BBD0005BFE054610F0010F02D02046EBF718F887
:10BBE00015F0020F17D10020EBE7FEF75DFD0020F6
:10BBF000E7E7032906D9D378012B08D00A2B08D010
:10BC00000225EDE72046FEF74FFD0020D9E703258A
:10BC1000E3E70325E1E72046EBF7B6F80020D0E79D
:10BC200010B50C46F5F7E8FD2046FFF7B9FF0446CE
:10BC3000F5F7FAFD204610BD70B50446038A032BC4
:10BC400012D904210C30FEF7B9FD43880088060B99
:10BC5000C0F30B006083FF222276228A9A4206D02C
:10BC60002046FEF721FD01E0FEF71EFD70BD0F210D
:10BC7000EDF784F9054658B1EDF7C8F9207632465C
:10BC80002146284600F09EFF2846EDF74DF8EDE7E7
:10BC90002046FEF709FDE9E738B5C5680121288887
:10BCA000EDF76CF990B104466888EA88A9882B8979
:10BCB000A4F8AA00A4F8AC10A4F8AE20A4F8B03000
:10BCC0002046EDF76DFA2046EDF72EF838BD022834
:10BCD00007D0032802D0012802D170470420704702
:10BCE0000020704738B5C5680121B5F80100EDF7AF
:10BCF00045F980B10446E878FFF7E9FF84F8A80029
:10BD00002879FFF7E4FF84F8A9002046EDF774FADC
:10BD10002046EDF709F838BD028843889A4217D8C3
:10BD2000052A17D9B3F5486F16D88188B1F5FA7F7F
:10BD300014D2C088A0F10A0292B240F6764C624555
:10BD40000ED801FB0333B3EB800F0BD201207047F9
:10BD50000020704700207047002070470020704787
:10BD6000002070470020704729281ED8DFE800F027
:10BD7000201D1D1D1D1F151D1D1D1D1D1D1D1D1DF6
:10BD80001D1D1B1D1D1D1D1D191D1D1D1D1D1D1DE9
:10BD90001D1D1D1D1D1D1D1D1D1702207047052089
:10BDA0007047062070470720704709207047012020
:10BDB000704738B5C3681C780F21B3F80100EDF760
:10BDC000DDF880B105467CB98378012B18D0204678
:10BDD000FFF7CAFF024621462846EDF7B1FAC4B97B
:10BDE0002846ECF7A1FF38BD2046FFF7BDFF02460D
:10BDF00021462846EDF7A4FA2846ECF795FFF2E72E
:10BE000004F053F82846FFF723FD0028DFD105246E
:10BE1000DDE72146284600F059FFE1E770B5C66826
:10BE200035780F21B6F80100EDF7A8F8A8B104465F
:10BE3000A5B9C27AF3789A421CD0C3728278012ADB
:10BE40001BD02846FFF790FF024629462046EDF713
:10BE500077FAEDB92046ECF767FF70BD2846FFF78B
:10BE600083FF024629462046EDF76AFA2046ECF7A2
:10BE70005BFFF2E7ECF758FFEFE733B92046FFF737
:10BE8000E7FC0028DDD10525DBE704F00EF8F5E737
:10BE90002946204600F01AFFDCE70020704708B56D
:10BEA000F0F778FD18B1438A1BB9002008BD0020C7
:10BEB000FCE70120FAE710B582B0FFF7A0FC48B913
:10BEC0000022114640F60340EBF7F8F8044648B963
:10BED000EAF7D8FD01AA002141F20300EBF7EEF8E2
:10BEE000044610B1204602B010BD0198EAF7ACFD3F
:10BEF0000198FEF7D9FB01AA002141F20100EBF7FE
:10BF0000DDF804460028EDD10198EAF763FD0198B9
:10BF1000FEF7CAFB01AA002141F20200EBF7CEF8BE
:10BF200004460028DED10198EAF774FD0198FEF777
:10BF3000BBFBD7E710B582B001AA002142F2030093
:10BF4000EBF7BCF8044610B1204602B010BD0198D2
:10BF5000EAF756FD0198FEF7A7FBF5E738B504466A
:10BF60004FF0FF304FF0FF31EAF7E8FF78B10546B8
:10BF700006210C30FEF7F3FB23680360A38883805F
:10BF8000002229464FF60640EBF798F838BD6FF0CF
:10BF90006800FBE770B505460C464FF0FF304FF0E8
:10BFA000FF31EAF7CBFF68B1064603210C30FEF7FC
:10BFB000D6FB058084700022314640F20640EBF744
:10BFC0007DF870BD6FF06800FBE708B5EBF7F4FA99
:10BFD00008BD08B5C068037813B9FFF7F6FF08BDC0
:10BFE0001846FFF712FDFAE738B504464FF0FF3068
:10BFF0004FF0FF31EAF7A2FF68B1054602210C308D
:10C00000FEF7ADFB238803800022294642F216008A
:10C01000EBF754F838BD6FF06800FBE72DE9F0410D
:10C0200007460E4615461C464FF0FF304FF0FF31D5
:10C03000EAF784FFA8B1804607210C30FEF78FFB9A
:10C040003B8803808670C57004719DF81830A0F895
:10C0500005300022414642F23200EBF72FF8BDE8EE
:10C06000F0816FF06800FAE770B505460C464FF0B6
:10C07000FF304FF0FF31EAF761FFB0B10646122101
:10C080000C30FEF76CFB034623F8025BD4F800C0CB
:10C090006568A168E268C0F802C05D609960DA6016
:10C0A000314642F21A00EAF7BFFF70BD38B50446C8
:10C0B0004FF0FF304FF0FF31EAF740FF50B1054637
:10C0C00002210C30FEF74BFB0480294642F21B0094
:10C0D000EAF7AAFF38BD70B586B0C468258801218B
:10C0E0002846ECF74BFF90B10646D4F80220D4F86E
:10C0F000063002A901916189009103F0C8FC40B1AA
:10C1000002A92846FFF7B0FF3046ECF70DFE06B057
:10C1100070BD2846FFF7CAFFF6E770B505460C4626
:10C120004FF0FF304FF0FF31EAF708FF58B10646F5
:10C1300003210C30FEF713FB05808470314642F278
:10C140002100EAF771FF70BD70B505460C464FF04F
:10C15000FF304FF0FF31EAF7F1FEC0B106460E2185
:10C160000C30FEF7FCFA0023036043608360838198
:10C1700005802388438063888380A388C380E38805
:10C180000381314642F22000EAF74EFF70BD6FF0A6
:10C190006800FBE730B583B0C3681C885A88ADF8E7
:10C1A00000209A88ADF80220DA88ADF804201B89B7
:10C1B000ADF8063001212046ECF7E0FE68B10546F7
:10C1C0006946EDF745F868B91E212046FFF7A5FF3F
:10C1D0002846ECF7A9FD03B030BD02212046FFF749
:10C1E0009CFFF8E769462046FFF7AEFFF0E708B589
:10C1F000F5F702FB00200021EBF78AFB20B9ECF7F2
:10C200003DFFF5F711FB08BDEAF704FFF9E770B54C
:10C2100086B004460D46072201310130F9F7A4FB30
:10C220000646694600230093019302930393049307
:10C23000ADF814302E3410222046F9F795FB034652
:10C2400038B1102205F12E012046F9F78DFB30B9E7
:10C25000012303F0010026B128B906B070BD002308
:10C26000F7E70120F9E70120F7E738B54B6803B19C
:10C2700038BD05460C460B7A1BB9037A13F0040F40
:10C28000F6D02A78206803789A42F1D02946FFF741
:10C29000BEFF0028ECD06560EAE700B501F01F02A0
:10C2A00001239340490900EB8100D943D0E8EF2FE7
:10C2B00002EA010CC0E8EECFBEF1000FF6D103EAAE
:10C2C0000200003818BF01205DF804FB10B50446D9
:10C2D0000D211030FFF7E1FF00B910BD012120460C
:10C2E00000F027FAF9E708B500F11003D3E8AF2F03
:10C2F00012F4807F00D108BDD3E8EF1F41F4005154
:10C30000C3E8E21F002AF7D1002100F012FAF2E799
:10C3100078BB70B50D4614464FF0FF304FF0FF313B
:10C32000EAF70CFE064638B327210C30FEF717FA61
:10C330002B680360AA88AB79828083712568616865
:10C34000A268E368C0F80750C0F80B10C0F80F20CF
:10C35000C0F813300022C0F81720C0F81B20C0F826
:10C360001F20C0F82320314642F22700EAF7A6FE3C
:10C3700070BD6FF0150070476FF06800F8E708B502
:10C38000037A13F0040F00D108BD0146024612F8EB
:10C390002E0B0131FFF7BCFFF6E738B504464FF02E
:10C3A000FF304FF0FF31EAF7C9FD88B1054607219C
:10C3B0000C30FEF7D4F923680360A288A379828049
:10C3C00083710022294642F22800EAF777FE38BD41
:10C3D0006FF06800FBE738B504464FF0FF304FF0D0
:10C3E000FF31EAF7ABFD58B1054621460C30FEF7A8
:10C3F000C7F90022294642F22D00EAF75FFE38BD58
:10C400006FF06800FBE738B910B50C4631B1F0F7B2
:10C4100057FA28B1013010BD002070470846FAE7EE
:10C420002046F8E728B139B108B50846EBF7A4FA79
:10C4300008BD6FF0150070476FF015007047A0B190
:10C4400010B582B0044606216846F2F7F9F808B143
:10C4500002B010BD9DF8053003F03F038DF80530A4
:10C4600069462046FFF7DEFFF2E76FF015007047E0
:10C4700000B10120704708B5037A13F0010F03D112
:10C4800013F0020F06D108BD23F001030372EBF78E
:10C490009FFBF8E723F002030372EBF70FFCF2E7D0
:10C4A000002070470020704700238B4219D200B54E
:10C4B00002E001338B4211D200EBC30E30F833C0DF
:10C4C00040F201129445F4D1DEF80420002AF0D0A5
:10C4D000127812F0010FECD0012000E000205DF88E
:10C4E00004FB0020704700207047034610F4004F03
:10C4F0000BD1072013F4803F01D000F0FD0013F4AE
:10C50000003F01D000F0FB0070470620F2E72DE964
:10C51000F04F83B00646884615469A464FF0000B0A
:10C520005B46D3453AD205EBCB0955F83B70002466
:10C53000CDF800B0019513E05FFA82FB591CC9B237
:10C540000BF1010E06F805E09D1CEDB27054DCF80D
:10C5500004107019DDF772FBAB445FFA8BF3013402
:10C56000D9F80420944213D207EBC40C9CF80120A4
:10C5700017F834001D46991802314145DCD99A1C40
:10C58000A8EB020209280DD1002A10DD0820D3E70C
:10C59000DDF800B0019D0BF1010BC2E70C9A13709E
:10C5A000002001E06FF0150003B0BDE8F08F6FF0E0
:10C5B0001500F9E72DE9F04182B007460D46164611
:10C5C0004FF0FF304FF0FF31EAF7B8FC00B3804680
:10C5D00020210C30FEF7C3F8044620220021F9F791
:10C5E00035F9009433462A461F21601CFFF78FFF60
:10C5F000044648B9002241463846EAF75FFD044642
:10C60000204602B0BDE8F0814046FEF74DF8F7E75E
:10C610006FF06804F4E708B542F20800FFF7CAFFBC
:10C6200008BD08B542F20900FFF7C4FF08BD70B5A8
:10C6300082B004461D469DF81C309DF8206003B171
:10C640004EB900910192012269462046FFF7E3FFAF
:10C650000346A0B94EB10095069B0193012269469D
:10C660002046FFF7DEFF034648B91034D4E8EF3F19
:10C6700043F00403C4E8E23F002AF7D10023184640
:10C6800002B070BD08B5436813F4806F07D102692A
:10C6900012B113F0030F04D0EBF7E4FC08BD002047
:10C6A000FCE70020FAE701F01F0C012303FA0CF36A
:10C6B00052B1490900EB8100D0E8EF2F1A43C0E8DE
:10C6C000E12F0029F8D17047490900EB8100DB43D5
:10C6D000D0E8EF2F1A40C0E8E12F0029F8D17047C9
:10C6E00070B586B005460C464FF0FF304FF0FF3175
:10C6F000EAF724FCD0B106469CB101210C30FEF7CC
:10C700003FF80094082305F1100203A93046EAF728
:10C7100003FC0022314642F20A00EAF7CFFC06B0E1
:10C7200070BD00210C30FEF72BF8EAE76FF06800CF
:10C73000F5E708B5FFF7D4FF08BD08B5183008F0D5
:10C74000DDFB08BD10B50446FFF7F7FF50220021BE
:10C750002046F9F77BF810BD10B5EBF74BFDD0B1D3
:10C760000446FFF7EAFF04F11003D3E8AF2F12F4F9
:10C77000807F01D1002010BDD3E8AF3F13F4007FCC
:10C7800004D100212046FFF7ABFFF4E7002120464B
:10C79000EBF7F2FCF5E70020EDE708B5FFF7DCFF6B
:10C7A00008BD036813F4805F02D043F48063036024
:10C7B000036813F4005F02D043F400630360704722
:10C7C0000B4639B11168196041688A4209D00023CB
:10C7D000136070471368036041688A42F7D1436071
:10C7E000F5E74360F3E708B50A460368002101E076
:10C7F00019461B682BB19342FAD1FFF7E1FF0120E4
:10C8000000E0002008BDC36842699B1A052B01D0D7
:10C810000020704701207047002070478078012871
:10C8200014BF002001207047D0F8C000003818BFA6
:10C8300001207047D0F8B4304BB1D0F8B83043B1D4
:10C84000D0F8BC300BB100207047012070470120A8
:10C85000704701207047437A8372704707280CD0D5
:10C8600007D80238C0B2042801D801207047002040
:10C870007047082803D1032070470220704700202A
:10C88000704710B50446ECF7F7F801462046FEF76E
:10C890006DFFEAF7BFFB10BD70B504460FE083F3F0
:10C8A0001188BFF36F8FD8B145688668ECF7EEF852
:10C8B0001DB1002231462046A847EAF7ABFBEFF353
:10C8C0001183402282F31288BFF36F8FE069002842
:10C8D000E5D00268E261216A8842E0D12262DEE7A7
:10C8E00070BD08B52438FFF7D7FF08BD70B5044602
:10C8F00008464D688E68ECF7C9F825B16FF06D02F7
:10C9000031462046A84770BD08B5084689691160C0
:10C91000C2691A60C27A00211830F8F797FF08BD83
:10C9200000B501F01F0201239340490900EB81008B
:10C93000D943D0E8EF2F02EA010CC0E8EECFBEF1F8
:10C94000000FF6D103EA0200003818BF01205DF89D
:10C9500004FB437B072B0ED110B50446D0F8BC3046
:10C96000984708B9012010BDCC34D4E8AF3F022B62
:10C97000F9DC0020F7E70120704701F01F020123D6
:10C980009340490900EB8100D0E8EF2F42EA030110
:10C99000C0E8EC1FBCF1000FF6D103EA020000383A
:10C9A00018BF0120704701F01F0C012303FA0CF39C
:10C9B00052B1490900EB8100D0E8EF2F1A43C0E8DB
:10C9C000E12F0029F8D17047490900EB8100DB43D2
:10C9D000D0E8EF2F1A40C0E8E12F0029F8D17047C6
:10C9E0002DE9F04180460E461446032A25D8DFE89B
:10C9F00002F002020302F2B93046FFF704FF0546D7
:10CA000006F10C0704213846FDF7C1FEB8F80030E6
:10CA1000AD0005F004052C4343EA04330380338A58
:10CA2000043B438005213846FDF7B9FE3046EAF75E
:10CA3000B1FABDE8F0810025E2E76FF01500F8E7F4
:10CA4000F8B506460C46032A1BD8DFE802F00218A8
:10CA50000218002704F10C0504212846FDF797FE73
:10CA6000338843EA07330380238A043B438002214F
:10CA70002846FDF794FE2046EAF78CFAF8BD012718
:10CA8000E8E76FF01500F9E738B5437B072B00D0D6
:10CA900038BD0446051D0A212846FFF76EFF002811
:10CAA000F6D1D5E8AF3F13F4803FF1D12046EBF744
:10CAB00087FF0028ECD02046FFF796FAE8E708B594
:10CAC00003F077F808BD08B5ECF728F88068B0FAED
:10CAD00080F0400908BD10B504460AE0EAF79AFA6A
:10CAE00010BD2046FFF702FF2046ECF717F8F4F7D9
:10CAF000D9F861690029F1D00B686361A26991429C
:10CB0000EFD1A361EDE710B50446006918B1FDF758
:10CB1000CBFD0023236110BD70B504460D46012AEC
:10CB20001BD0022A44D103690BB1FFF7ECFF25614A
:10CB300021690A8A012A40D9CB6858781B7843EAD0
:10CB4000002304339BB29A4237D337D800232361A2
:10CB50000122204600F0C4FB2FE0006990B10A8A50
:10CB6000BAB1438AC1684669891B5B1A018A5B1A9C
:10CB70009A4212D8E9680C30FDF7F7FD2846FDF718
:10CB800093FDD5E72046FFF7BEFF2846FDF78CFD55
:10CB900013E00846FDF788FD0FE00022014620461D
:10CBA00000F09EFB002323612846FDF77DFD04E095
:10CBB000FFF7A9FF2846FDF777FD70BD2046FFF778
:10CBC000A2FFFAE770B504460D4616460121ECF7C0
:10CBD00053F8324629462046FFF79EFF70BD00F10C
:10CBE000D403D3E8AF2FAAB100B504E000F1D40319
:10CBF000D3E8AF2F62B1511CD3E8EFCF944504D1F5
:10CC0000C3E8EE1FBEF1000FF6D1EFD15DF804FBD3
:10CC10000020FBE70020704710B50446437B073B2C
:10CC2000DBB2012B02D9637B23B910BD0121ECF7E4
:10CC300031F9F8E700212046ECF72CF9F5E738B593
:10CC400004460088FFF7A6F9054610B9637B072B59
:10CC500001D0284638BD08212046ECF71BF9F8E73B
:10CC6000F8B506460D461746002403E06046ECF78B
:10CC70005BF80134AC421BD2D82000FB0460FFF704
:10CC8000AEFF84460028F4D0437B012B06D05AB275
:10CC9000002AEBD0073BDBB2012BE7D8BCF8003011
:10CCA000BB4201D16046F8BD6046ECF73DF8E0E7D5
:10CCB0004FF0000CF6E710B50446EBF727FF2046CF
:10CCC000ECF71AFE2046EBF783FE10BD08B5437B58
:10CCD000023B062B10D8DFE803F004060F0F0F0C01
:10CCE0000400002008BD01730021ECF7D3F80020F8
:10CCF000F8E7FFF7A4FFF5E76FF07F00F2E710B564
:10CD00000446D0F8A43043B1E27882B9588A00F0E2
:10CD10002100003818BF012010BD00F17001007A19
:10CD2000EFF738FE03460028EED10020F4E7588ADA
:10CD300000F02400003818BF0120EDE70346827898
:10CD4000012A08D1C07A38B1D3F8A4300BB1187CCD
:10CD50007047002070470020704738B58378012B5A
:10CD60001BD10446437B072B1AD1CA0901F07F056A
:10CD700011F0800F05D1437A9D4214D9837A9D42E8
:10CD800013D90F21201DFFF70EFEA5722046FFF7D5
:10CD900096FE08B1637AA37238BD6FF01500FBE709
:10CDA0006FF07F00F8E70020F6E70020F4E78378D3
:10CDB000012B01D1407A70470020704738B5037AC3
:10CDC0008B421ED104461546072200F17001284609
:10CDD000F8F7CAFDB8B1E3784BB1072204F1770147
:10CDE0002846F8F7C1FDB0FA80F040090AE00722B2
:10CDF00004F17E012846F8F7B7FDB0FA80F040094B
:10CE000000E0002038BD0120FCE708B5ECF716FB78
:10CE100008B9002008BDEBF787FF0120FAE70B46B1
:10CE2000817801291FD110B582B01A8812F001044F
:10CE300002D012F0020F05D134B912F0020F10D057
:10CE4000022402E0002400E00C469A7802B100219E
:10CE5000DB780BB941F002010094FFF7DFF802B074
:10CE600010BD0024F1E76FF01500704770B505465E
:10CE70000C464FF0FF304FF0FF31EAF75FF8C8B1D2
:10CE800006460E210C30FDF76AFC0022026042606B
:10CE9000826082812B88038023884380638883801B
:10CEA000A388C380E3880381314642F21300EAF786
:10CEB00005F970BD6FF06800FBE708B58378012BBA
:10CEC0001ED1031DD3E8AF2F12F4006F15D10A88CD
:10CED000A0F88C204A88A0F88E208A88A0F8942098
:10CEE000CA88A0F89620D3E8EF1F41F40051C3E8A8
:10CEF000E21F002AF7D1002008BDECF761FBFBE739
:10CF00006FF01500F8E70B4639B1116819604168F8
:10CF10008A4209D000231360704713680360416898
:10CF20008A42F7D14360F5E74360F3E708B50A4664
:10CF30000368002101E019461B682BB19342FAD126
:10CF4000FFF7E1FF012000E0002008BD0368D3F8EF
:10CF5000C02032B11168C3F8C010D3F8C4008242B7
:10CF600000D07047C3F8C410FBE7006B003818BF4F
:10CF70000120704710B5D0F8C0406CB1403C5CB1A6
:10CF80002046FFF7F2FF38B92046FFF7DFFF246C99
:10CF9000002CF4D0403CF2E7204610BD838C403B8F
:10CFA0009BB23F2B05D8008D0B8A984228BF1846AC
:10CFB0007047088A70470120704770477047002308
:10CFC00003644364704710B50C4643685B69984737
:10CFD0002046FDF769FB10BD38B5044654F8405BA8
:10CFE000F4F70AFC214605F1C000FFF79FFFF4F7B4
:10CFF0001BFC38BD70B5054646680368E3B1FFF712
:10D00000EBFF02E02046FDF74FFB05F13000002268
:10D010000023F3F70FFE044640B1A369002BF1D0C3
:10D020006FF06D02E16928689847EBE773680BB110
:10D030002846984700232B60EB680BB12846984799
:10D04000336A0BB12846984770BD10B50446F4F713
:10D05000D3FB224652F8401BD1F8C03000E01B68D9
:10D0600013B19A42FBD1012333B92364D1F8C43000
:10D0700043B11A60C1F8C420F4F7D6FB2068EBF77F
:10D080007FFE10BDC1F8C420C1F8C020F4E710B481
:10D0900001F1080300248C60846B2CB1236083634E
:10D0A0000860CA6010BC704783634363F8E7B1B19E
:10D0B00070B5064614460D4601F110030022D3E870
:10D0C000EF1FC3E8E02F0028F9D12846FFF777FFCC
:10D0D000224629463046FFF7DAFF012070BD0020C6
:10D0E000704710B5406B38B1083810F1080408D00B
:10D0F000846834B1083C04E0044602E0234620463C
:10D100001C4640B1FFF776FF002CF7D0A368002B38
:10D11000F5D0083BF3E710BD38B50D46406B38B18C
:10D12000083810F1080408D0846834B1083C04E0E1
:10D13000044602E0234620461C4658B143689B68DB
:10D140000BB129469847002CF4D0A368002BF2D0ED
:10D15000083BF0E738BDF8B506460D4614464FF2D9
:10D160002442002300210846ECF732FB074630B189
:10D1700004210C30FDF7F3FA067045704480384600
:10D18000F8BD10B504460068C8B1407B072819D126
:10D19000087A8AB14FF0020C604516DCC87A07287D
:10D1A00016D98A61CB6104F1300007F090FC20466B
:10D1B000FFF74BFF002010BD4FF0010CECE76FF0C4
:10D1C0007F00F8E76FF07F00F5E76FF01500F2E7FA
:10D1D0006FF01500EFE7406B10B1083800E018461B
:10D1E00050B1838C8B4207D010F10803F7D08068D0
:10D1F0000028F5D00838F3E7704702B1704708B54A
:10D2000089B2FFF7E8FF18B14268926902B190470E
:10D2100008BD38B50C460521FFF7DDFF00231A468F
:10D220002146FFF7AEFF054608B9284638BD20461F
:10D23000FDF73AFAF9E72DE9F843804617461C4610
:10D240009DF82060B21C0120FFF785FF88B10546DC
:10D2500000F10C0902214846FDF781FA078024B14C
:10D26000324621464846FDF780FA29464046FFF7F8
:10D27000D0FFBDE8F8830B8A032B01D8002070474C
:10D2800030B583B005460C46042104F10C00FDF7CF
:10D2900095FA4288218A914206D1417821B10378DA
:10D2A000012B01D0132B02D1002003B030BD00228E
:10D2B000009213462868FFF7BEFFF5E7406B10B1F8
:10D2C000083800E0184650B1838A8B4207D010F12D
:10D2D0000803F7D080680028F5D00838F3E77047D6
:10D2E00070B50C460B8A032B10D90546164604214F
:10D2F00004F10C00FDF762FA41882846FFF7DEFFD3
:10D3000040B132462146FFF75EFE70BD0846FDF78C
:10D31000CBF9FAE72046FDF7C7F9F6E770B5064600
:10D320000C46ECF72DFA014608221220FFF713FFF6
:10D3300088B1054608210C30FDF711FA23880380D7
:10D3400063884380A3888380E388C380294630466E
:10D35000FFF75FFF70BD6FF00B00FBE770470B46F8
:10D3600039B11168196041688A4209D000231360FD
:10D3700070471368036041688A42F7D14360F5E75C
:10D380004360F3E708B50A460368002101E0194647
:10D390001B682BB19342FAD1FFF7E1FF012000E0B7
:10D3A000002008BD002070470346408D5B8B9842EB
:10D3B00028BF184670470346006820B102681A600B
:10D3C0005968884200D070475A60FCE720B119B113
:10D3D000884206D8012070470AB10023138000203C
:10D3E000704702B110800020704710F1FF0F01D28A
:10D3F0000E2070474042C0B2704710B4D468237802
:10D4000023B902312170012010BC704702318B42D8
:10D4100005D0038A023B038200201061F4E701205B
:10D42000F2E7D06803781BB904310170012070471E
:10D4300004318B4206D091680B8A043B0B8200209A
:10D4400010617047012070474068704738B5044646
:10D45000807AE7F78DFC0546616951B1637A13F074
:10D46000010F04D1C3691B689B68204698470023BD
:10D4700063612146284607F036FB38BD2DE9F047A9
:10D4800082B006460C460846ECF7F4FAD0F808A03D
:10D49000E26806F14C03D3E8AF3F13F0010F33D03D
:10D4A0000546E3681B780371002303601378D22BD1
:10D4B0001ED0E7686369FF1AADF80470B4F81090E5
:10D4C000ADF80690AE6000231A462146301DFFF7E6
:10D4D00058FE804640B1636913FA87F7E760A4F805
:10D4E0001090C5F808A02860404602B0BDE8F0875B
:10D4F00033682146186802F059FB80460028D8D0CE
:10D500002046FDF7D1F8EFE76FF01508ECE708B516
:10D51000FFF7B4FF08BDF8B505460C46FFF744FF1A
:10D52000A368002203E0B3F810C062445B68002BDC
:10D53000F9D1904219D32C65A668A360F4F75CF981
:10D5400031462846FFF7E3FF074630B1A6600023C7
:10D550002B65F4F769F93846F8BD2846FFF724FF34
:10D560000146204601F00BFEF3E76FF07907F2E782
:10D570002DE9F8430746C46984B3983C14F1980533
:10D5800003D0D4F8985005B1983D4FF000084646B6
:10D5900029E08EB12146381DFFF70DFF0646D8B1B0
:10D5A00001462046FFF7B7FF48B37B6833607E60D3
:10D5B000BB6873B1A0461AE0B8F1000FEAD020466C
:10D5C000FFF7F0FE81464046FFF7ECFE8145E1D1D2
:10D5D0000DE0BE60A0460AE0A04608E02546D4E77C
:10D5E0002B462C461D4654B1236D002BD1D0002D67
:10D5F000F6D0D5F89830002BF3D0983BF1E7BDE892
:10D60000F8832DE9F041836853F84C2BD2F8008061
:10D61000C568C6880769D3E8AF3F13F0010F09D08A
:10D6200045B1002404E039464046A8470134A4B27D
:10D63000A642F8D8BDE8F08138B5D1E8AF3F13F085
:10D64000010F06D00446043854F8043C0BB1E26CD8
:10D6500002B138BD5D68002DFBD02A685A60996818
:10D660008D420ED02946FFF756FF0028F1D054F81E
:10D67000043C5A682A605D609A68002AE9D19D607E
:10D68000E7E79A60EEE708B500220023F3F7D2FA45
:10D6900008BD70B504460D4601462846FFF7F3FF66
:10D6A00068B1064601462046FFF731FF044608B937
:10D6B000204670BD3146284607F015FAF8E76FF0AE
:10D6C0000104F5E7F8B50446061F50F8045C00F1C4
:10D6D0004803D3E8EF1F21F00401C3E8E21F002A4A
:10D6E000F7D13DB1E36C33B104F150013046FFF79F
:10D6F000D0FFC0B9F8BD6F68002FF5D03B686B60F4
:10D70000AA6897420DD039463046FFF704FF00283B
:10D71000F0D06B683B606F60AB68002BE4D1AF600A
:10D72000E2E7AB60EFE705F10C013046FFF7B1FF30
:10D73000E0E72DE9F8438146C46954B3983C14F1FD
:10D74000980503D0D4F8985005B1983D0026374687
:10D750000EE009F10C012046FFF79BFF0646E0B101
:10D76000CDB1D5F8983003B1983B27462C461D46DD
:10D770009CB116F1020FECD1002FEAD02046FFF742
:10D7800011FE80463846FFF70DFE8045E1D13C464C
:10D79000E6E72546DAE72B46E7E7BDE8F88370B50C
:10D7A00004460079ECF7E8F8A668C6B10546336888
:10D7B000ABB11B689BB123688BB93046FFF7F2FD14
:10D7C00030B1052D0BD8DFE805F00B070A0B0A076F
:10D7D000301DFFF777FFF4E72046ECF757F970BDEF
:10D7E0002046FFF70EFFFAE708B5437B072B0DD164
:10D7F0000421FFF763FD50B100F14803D3E8AF3FC8
:10D8000013F0010F04D050F8040C00E0002008BD14
:10D810000020FCE770B5046DE368E3B1054662697A
:10D82000617CECF79BF90646B8B1E368A2696169CF
:10D83000984730B931462846FFF720FE30B900201E
:10D8400070BD3046FCF730FF0E20F9E73046FCF79C
:10D850002BFF0E20F4E70520F2E70E20F0E738B5A5
:10D8600004460D46C36943B105F19803E269C5F862
:10D870009820E361226A22B138BD0C3007F01FF90D
:10D88000F2E72362F8E7F0B583B0064614464FF49A
:10D8900095720146206801F006FB207518B100253D
:10D8A000284603B0F0BD05463146206801F06AFC09
:10D8B00028B1237A33B1182B17D02B4603E0082365
:10D8C0002375EDE70223B7680193638A0093238AE7
:10D8D000E26831462068B847002802DB238A834289
:10D8E00005D0FFF782FD2075DAE70423EBE700237C
:10D8F00023750125D4E701F01F0201239340490954
:10D9000000EB8100D0E8EF2F42EA0301C0E8EC1FF2
:10D91000BCF1000FF6D103EA0200003818BF012065
:10D92000704738B504460D46FFF7A8FD00B938BD6D
:10D93000294604F1540007F0CAF8F8E701B9704726
:10D940002DE9F041064615461C460F4604220121EA
:10D95000ECF704F9804658B104210C30FCF7FFFEC7
:10D960000770A0F80150C47041463046FFF7D9FF58
:10D97000BDE8F08130B585B005460C4601F10C00DC
:10D98000FCF72CFF0346E268218A029101920021F4
:10D9900000910A462846ECF7CBF905B030BD30B50A
:10D9A00085B005460C4601F10C00FCF717FF034655
:10D9B000E268218A02910192002200921322122130
:10D9C0002846ECF7B5F905B030BD2DE9F04F87B02A
:10D9D00080468946144603921E46DDF840B04368EF
:10D9E0000593FFF7E1FC2346002202E0198A0A446E
:10D9F0005B68002BFAD1904204D80025284607B076
:10DA0000BDE8F08F0398FCF77DFE07464FF0000A53
:10DA10007EE0198A0A445B68002BFAD1821A7C8A5C
:10DA2000FB6879695B1AE41A3B8AE41AA2422CD398
:10DA3000002C2DD0D9F80450F9683A8A0096A3B288
:10DA40000A4449460598A847051E52DBBBF1000F62
:10DA500005D0119A29463846D84700285ED004954B
:10DA6000294607F10C00FCF77AFEAA443544AEB211
:10DA70004046FFF799FC039B002242E01A8A1444B7
:10DA80005B68002BFAD1041BD2E7039B0024F8E764
:10DA9000039B987AE7F76CF900220023FCF7D2FD8C
:10DAA000074650B10146039D2846FCF73CFE404620
:10DAB000FFF77AFC22462B4604E055469EE7198A7A
:10DAC0000A445B68002BFAD1821A7B8AF9687D6967
:10DAD000491B5B1A398A5B1A9A4208D31C46A9E78C
:10DAE0001A8A14445B68002BFAD1031BF6E7039BE8
:10DAF000F9E7BAF1000F81D055467FE7198A0A4449
:10DB00005B68002BFAD1904208D9049BA34205D14F
:10DB10004046FFF749FC039B00227DE755466DE731
:10DB200000B583B0CA681388528800920D220C2178
:10DB3000ECF7DAFA03B05DF804FB00B583B0CB680C
:10DB40001B88002200920B220A21ECF7CDFA03B0C9
:10DB50005DF804FB70B582B00446CB681D885E8812
:10DB60000DF1060231462846FFF730FC30B132464F
:10DB700029462046ECF794FB02B070BD0123BDF8A6
:10DB8000062004212046FFF7D9FE0020F4E72DE906
:10DB9000F04182B007461446D2F80080D8F80460FD
:10DBA0000023137395220146304601F07CF920735F
:10DBB00020B10025284602B0BDE8F081054639466F
:10DBC000304601F0DDFAD8B14046FFF7EDFBA26820
:10DBD000138AC31A012BEDDD022102F10C00FCF7C0
:10DBE000BEFD0646002301930093A388A268394630
:10DBF0004046FFF7EAFE002805DB30800125D9E723
:10DC000008232373D6E7FFF7F0FB2073D2E72DE953
:10DC1000F04182B007461446D2F80080D8F804607C
:10DC20000023137395220146304601F03CF920731E
:10DC300020B10025284602B0BDE8F08105463946EE
:10DC4000304601F09DFA10B908232373F2E7002350
:10DC500001930093A388A26839464046FFF7B5FEBA
:10DC6000002801DB0125E5E7FFF7BFFB2073E1E7B3
:10DC70002DE9F04393B005460E461446D2F80080D5
:10DC8000D8F8047000238DF8403042F60103ADF857
:10DC9000423010A90068FDF789FC28B90023A36071
:10DCA000012013B0BDE8F08300238DF844304FF419
:10DCB0002053ADF8463011A92868FDF777FC40B92C
:10DCC0004046FFF771FB0146606803464FF0000CC9
:10DCD0000AE0A3681BB15A88B24200D25E800120DC
:10DCE000DFE71A8A94445B68002BFAD1A1EB0C039E
:10DCF000032B01D80020D4E7FCF704FD8146404601
:10DD0000FFF752FBD4F804C06346002202E0198AF0
:10DD10000A445B68002BFAD1821AB9F812E0D9F8EC
:10DD20000C30D9F814105B1AAEEB0303B9F81010DD
:10DD30005B1A9A4229D35BB3D5F804800023009381
:10DD400010230CAA29463846C047051EA6DB227CB4
:10DD5000AA422ED12A460CA9E068F7F705FE002852
:10DD60009CD100236374042109F10C00FCF7F7FC3B
:10DD7000A0600680A3685E80012092E7198A0A44A9
:10DD80005B68002BFAD1831AD5E763460022F8E7D7
:10DD90009CF80A00E6F7ECFF00220023FCF752FC97
:10DDA000814600283FF47DAF01466068FCF7BBFC6C
:10DDB000C2E7E16807A8FDF725FC00283FF46EAF35
:10DDC000EAB20CA902A8FDF71DFC00283FF466AFDB
:10DDD00002A907A8FDF7EAFB0028C2D05EE72DE9FB
:10DDE000F84306460F461446D2F8008093684BB1BC
:10DDF000A3681D78012D13D0022D2ED000252846B2
:10DE0000BDE8F883506801210C30FCF7A8FCA06045
:10DE100033681B7813B901230370E9E70223FBE79A
:10DE2000336893F80090B9F1000F01D00025E6E7C0
:10DE3000606804210C30FCF792FCE06007803268D7
:10DE4000E36852885A804046FFF7AEFA63681B8A3F
:10DE5000C01A0428D3D84D46D1E733681B78022B6B
:10DE600001D00025CBE7606812210C30FCF777FC6D
:10DE7000E0600780E3683268D2F80150D2F805000C
:10DE8000D2F80910D2F80D20C3F80250C3F80600EA
:10DE9000C3F80A10C3F80E204046FFF785FA6368FE
:10DEA0001B8AC01A122801D80025A8E70125A6E779
:10DEB00070B50668F36953B1983B13F1980403D029
:10DEC000D3F8984004B1983C0022114604E01C4667
:10DED000FAE7254623462C468BB1834207D05D8D59
:10DEE000A94238BF29465B8B9A4238BF1A46002C9C
:10DEF000EFD0D4F89850002DECD0983DEAE7438D50
:10DF00008B4202D8448B944209D9408B824238BF5D
:10DF10000246994238BF19463068EDF7ADFC70BD36
:10DF2000F8B504460D46FFF73DFAF8B9EB681E88D0
:10DF3000B3B2162B1CD903212046EBF7CDFF0746C1
:10DF4000C0B102210C30FCF70AFC00256FF0080379
:10DF50000370457039462046FFF7E3FCF7236383DF
:10DF600066852046FFF7A4FF2846F8BD0620FCE79B
:10DF70000420FAE70E20F8E7F0B589B00546084618
:10DF80000C7C043CE4B2022C01D0102C42D10421C0
:10DF90000C30FCF713FC068847882246011D01A8B7
:10DFA000FDF730FBC8B30DF1160239463046FFF7D6
:10DFB0000DFAF0B100238DF818304FF42053ADF86E
:10DFC0001A3006A901A8FDF7F1FA58B100238DF81F
:10DFD0001C3042F60103ADF81E3007A901A8FDF779
:10DFE000E5FA78B93B46324601A92846EBF79AFF95
:10DFF00011E00123BDF8162010212846FFF79EFCF2
:10E00000002008E01023324619462846FFF796FC08
:10E01000002000E0042009B0F0BD0E20FBE7F0B5C1
:10E0200089B0054608460C7C043CE4B2022C01D0C1
:10E03000102C52D104210C30FCF7C0FB0688478815
:10E040002246011D01A8FDF7DDFA002847D00DF199
:10E05000160239463046FFF7B9F9C0B101216868A8
:10E0600001F046F858B900238DF8183042F6020343
:10E07000ADF81A3006A901A8FDF798FA80B93B4619
:10E08000324601A92846ECF781F809B0F0BD01231A
:10E09000BDF8162008212846FFF750FC0020F4E7C1
:10E0A00000238DF81C3042F60303ADF81E3007A99B
:10E0B00001A8FDF77BFA0028E1D0012E03D14FF62D
:10E0C000FF739F42DBD0032105F14C00FFF713FCE7
:10E0D00008B91220D9E70020D7E70420D5E70E20A1
:10E0E000D3E72DE9F04387B007460C46062104F13B
:10E0F0000C00FCF763FB05884688B0F80480D4F870
:10E100000C900DF10E0231462846FFF75FF9D0B1B1
:10E1100000238DF81030ADF812808DF814304FF4D4
:10E120002053ADF8163005A904A8FDF73FFA98B9B9
:10E13000237C00934B46324629463846ECF76CF870
:10E1400007B0BDE8F0830123BDF80E200621384654
:10E15000FFF7F4FB0020F3E70A232A46062138469E
:10E16000FFF7ECFB0020EBE72DE9F041884617466E
:10E17000FFF73AFB044610B3C4691CB3983C14F192
:10E18000980607D0D4F8986026B1983E02E033464E
:10E1900034461E469CB17D1C2046FFF705F985429A
:10E1A00007D9002EF3D0D6F89830002BF0D0983B4A
:10E1B000EEE73A4641462046EBF7D0FC04462046BF
:10E1C000BDE8F0812646E5E708B5ECF7BDFD08BDE2
:10E1D00038B5FFF709FBF0B1C069C0B1983810F14C
:10E1E000980403D0D0F8984004B1983C002502E090
:10E1F000983B20461C4678B1FFF7D6F8A84200D9D4
:10E20000054634B1D4F89830002BF1D1F1E704463B
:10E21000ECE72346EDE70025284638BD08B5002386
:10E220000A8AC968ECF7B0F908BD70B5054655F81B
:10E23000046950F8043C3BB1044669B1C36C1BB19E
:10E240001B7C13F0010F00D170BD05230022114685
:10E250002846ECF799F9F7E73046EDF733FB737A88
:10E26000012BF1D0E36C002BEED01B7C13F0010FDF
:10E27000EAD02846FFF7CEFA03460028E4D0002271
:10E2800011462846ECF780F9DEE710B50446014652
:10E2900051F8980B1C30FFF775F802E01846FCF7B0
:10E2A00003FA04F1540000220023F2F7C3FC0346F2
:10E2B0000028F3D1236D33B16FF0670300221146BC
:10E2C0002046ECF761F9002344F84C3BD4E8EF3FDB
:10E2D00023F00103C4E8E23F002AF7D110BD38B5AE
:10E2E000044650F8045C25B10438FFF7CEFFEB6913
:10E2F00003B138BD2846ECF713F92068EDF704FBAD
:10E30000F7E710B504460430FFF7E9FF1321606812
:10E31000FEF7DCFC10BD08B56838FFF7F2FF08BD5A
:10E3200038B50C46FFF760FA48B1054621460C3077
:10E3300006F0CDFB2846FFF7FCF9002038BD20464B
:10E34000FCF7B2F96FF07F00F8E738B505460C46E8
:10E35000F3F752FA2846FFF747FA68B1034600225E
:10E36000226082686AB1146084601846FFF700F981
:10E37000F3F75AFA002038BDF3F756FA6FF07F0032
:10E38000F9E784604460F0E70120704708B5FFF7C3
:10E390002BFAA0B1C36913B1983B00E0983B73B16D
:10E3A00003F14C02D2E8EF0F20F00800C2E8E10FC1
:10E3B0000029F7D1D3F89830002BEFD1EFE708BD53
:10E3C00008B50421FEF77AFF30B103464833D3E89D
:10E3D000AF0FC0F3C00008BD0020FCE770B50E46CB
:10E3E00015461C46EBF746FBC66005610123C3805A
:10E3F000047570BD0023B3EB510F10D200B510F8B7
:10E4000003C0CA1A013A10F802E000F803E000F86D
:10E4100002C00133B3EB510FF1D35DF804FB704739
:10E42000036813F4805F02D043F4806303600368E1
:10E4300013F4005F02D043F4006303607047B0F848
:10E4400000C0624512D300B5B1F800E0734509D9A8
:10E45000624500D202800A88934205D90B800120D0
:10E460005DF804FB0020FBE70120F9E7624500D2DC
:10E4700002800A88934202D90B8001207047012054
:10E48000704710B5002301E001339BB2022B19D86D
:10E490004FEAD30CB2EBD30F12D900EB0C04247A61
:10E4A00003F0070E24FA0EF414F0010FECD011F86B
:10E4B0000C4024FA0EF414F0010FE5D1002016E010
:10E4C000002300E00023934210D26BB9C41894F8E3
:10E4D00008C011F803E00EF0070E4CEA0E0C84F8A9
:10E4E00008C001339BB2EEE7012000E0012010BD1F
:10E4F000106000207047FF2801D8C0B270470E207E
:10E50000704770B5049CA6683EB105460846FFF703
:10E51000F2FF024621462846B047A37D013BDBB20D
:10E52000A375E26812B10BB92046904770BD106028
:10E530009180002070470020704708B507F02AFD41
:10E5400000B908BD6FF00400FBE7F0B589B00668BC
:10E550003578002D66D1074614467388B3F5245FDD
:10E560001AD014D903F55643FF339BB2042B5FD85E
:10E57000ADF80A1002220DF10A012046FFF7DDFF77
:10E5800000283ED06FF01503C4F890314BE0A3F59E
:10E5900020539BB2032B49D8ADF80A1002220DF18B
:10E5A0000A012046FFF7C9FF20B16FF01503C4F838
:10E5B000903138E07388ADF80A3002220DF10A017B
:10E5C0002046FFF7BAFF78B97E6800200090132339
:10E5D00003AA3946B047021E0BDB03A92046FFF70A
:10E5E000ACFF48B901251EE06FF01503C4F8903167
:10E5F00019E0C4F8902116E06FF01503C4F89031CB
:10E6000011E07388ADF80A3002220DF10A012046AC
:10E61000FFF793FF08B9012505E06FF01503C4F873
:10E62000903100E00125284609B0F0BD0125FAE748
:10E630000125F8E700230360436083607047F8B565
:10E6400005460F46164600240CB10020F8BD04EB29
:10E65000840315F81330B34201D00134F4E704EB1E
:10E66000840005EB4000072239460130F7F77CF9BA
:10E670000028F2D104EB840405EB4400E6E770B512
:10E6800005460E461446EBF7B3FFA8B12279216880
:10E69000E868FFF7D4FF88B1D4F8C8302F2B0FD823
:10E6A0009A1C24F82260018904EB82025180013314
:10E6B000C4F8C830012070BD0120FCE70120FAE752
:10E6C0000020F8E738B505461446EBF791FF48B14E
:10E6D00022792168E868FFF7B2FF18B100220260D2
:10E6E00042600281012038BD08B5FFF7A8FF08B1DC
:10E6F000EBF788FF08BD01F01F0201239340490991
:10E7000000EB8100D0E8EF2F42EA0301C0E8EC1FE4
:10E71000BCF1000FF6D103EA0200003818BF012057
:10E72000704701F01F0201239340490900EB81006B
:10E73000D0E8EF2F1A43C0E8E12F0029F8D1704745
:10E7400000B501F01F0201239340490900EB81004D
:10E75000D943D0E8EF2F02EA010CC0E8EECFBEF1BA
:10E76000000FF6D103EA0200003818BF01205DF85F
:10E7700004FB08B539B100210C30FFF7BCFF80F075
:10E780000100C0B208BD00210C30FFF7D9FFF9E746
:10E790002DE9F04104461646EBF72AFF88B1D4F87C
:10E7A0000C8000240BE004EB840508EB45056F1C8E
:10E7B000072231683846F7F7D7F828B10134002C22
:10E7C000F1D00120BDE8F08173681A68C5F8012016
:10E7D0009A889B79A5F80520EB71EFE730B583B0F7
:10E7E00004460D46EBF77EFF024688B1037A8DF8AA
:10E7F00004300C32D2E8AF3F00228DF8052013F030
:10E80000010F0CD001238DF80530022301AA00E08E
:10E81000002329462046E7F743FF03B030BD02231B
:10E8200001AAF6E710B50446FFF7A3FF00B910BD33
:10E83000214611F8010B0122ECF7C2F8F7E72DE9A8
:10E84000F0411E46BDF81830012B2AD80446174661
:10E85000B0463344012B27D8ECF718F80546C0B171
:10E86000324639462846FFF70CFE00B3236FC5F841
:10E870000130B4F8742094F87630A5F80520EB71D7
:10E88000237A2B7001212846FFF7CCFF4046BDE8D4
:10E89000F081EBF7FBFF05460028E1D16FF010088F
:10E8A000F4E76FF00608F1E76FF00C08EEE76FF0A1
:10E8B0001208EBE708B50146024612F8080B0423DC
:10E8C0000131E7F7D5FE08BD08B500238360FFF7E7
:10E8D000F1FF08BD10B5EBF743FF40B10446014618
:10E8E00011F8010BE7F7D2FE2046FFF7A3FE002048
:10E8F00010BD38B5044600F170052946007AFDF7D1
:10E90000CEFA38B92946207AEBF72AFF08B1FFF78B
:10E9100091FE38BD2946207AFFF7DCFFF9E708B5FC
:10E92000022A03D0FFF7E5FF022008BD00231A46A4
:10E9300000F17001007AECF7B7F8F5E7034670B123
:10E940000022014601F8012BC0F80120C1F8032084
:10E950000833D3E8EF1FC3E8E02F0028F9D1704750
:10E9600070B50446EBF792FF50B1054604F170060E
:10E970003146207AFDF793FA18B92846ECF7D0F81B
:10E9800070BD236FC5F80130B288B379A5F80520B2
:10E99000EB71F5E738B504461546FFF7F5FC48B9C5
:10E9A0003DB904F17001207AEBF7DAFE08B1FFF708
:10E9B0008BFF38BD2046EBF769FF0028F0D0027AC4
:10E9C00012F0010FECD00121FFF72CFFE8E799428C
:10E9D00022D838B505460C4691421FD3049B23B17B
:10E9E00001681846FCF7E2FDD0B9059B2BB1EB6836
:10E9F000059A934201D0012011E0069B1B88013B40
:10EA0000069A1380089A21462846079B9847069B3A
:10EA10001B8823B9002002E000207047012038BD88
:10EA20000120FCE72DE9F04107460D46002634465B
:10EA300054B16B899E4205D06E81EB6813B13146AB
:10EA400038469847BDE8F08104EB840305EB4301A9
:10EA5000013115F81300EAF7F1FC024660B104EB4E
:10EA6000840305EB4303B3F80880B04500D8B046F3
:10EA70001046EAF759F946460134D9E72DE9F0473F
:10EA80001C46BDF82030D1F80C80002B53D1054630
:10EA90000F46631E9BB2012B50D8012C23D953780B
:10EAA000167846EA032641462846EBF715FF8146CD
:10EAB000D8B1D8F8103043B1324639462846984785
:10EAC00000280EDB013801283ED8B9F808A0A9F8C3
:10EAD0000860B8F80A309E421DD1B24520D136B345
:10EAE0002046BDE8F0871678DDE70EB92046F8E746
:10EAF00041460020EBF7F0FE814610B32B6FC0F8C3
:10EB00000130B5F8742095F87630A0F80520C3716F
:10EB10002B7A0370CDE741463846FFF783FFDCE7E9
:10EB2000002205F17001287AEBF74AFFD7E7484643
:10EB3000EBF768FDD4E76FF00600D2E76FF00C004A
:10EB4000CFE76FF01000CCE76FF00D00C9E72DE9BB
:10EB5000F04385B000285AD00C4615461E4607469D
:10EB600002A9FCF7ACFC8046002853D101A9384625
:10EB7000FBF720F8019810B30A220021F7F7EEF90D
:10EB800000284AD1C7B202A93846EBF7ABFD81464F
:10EB9000B8B1ACB3022269463046A847002821DB51
:10EBA0009DF8003089F8083002281DD19DF8011029
:10EBB00001291ED900214846FFF734FE23E0002733
:10EBC000E1E7EBF763FE814650B3034603F8017BB0
:10EBD0000298C9F80100BDF80C109DF80E2099802C
:10EBE0009A71D6E780460EE000214846FFF71AFEEC
:10EBF00009E0003918BF01214846FFF7BAFD02E0DD
:10EC00004846EBF78DFF404605B0BDE8F0836FF056
:10EC10001508F8E76FF01508F5E76FF01508F2E74B
:10EC20006FF00B08EFE710B5BDF80810BDF8104005
:10EC3000A1420FD810465CB1039A72B1641AA34284
:10EC4000A8BF23469CB22246039B1944DAF7F6FF7D
:10EC5000204610BD6FF00600FBE76FF00D00F8E7EF
:10EC6000F0B587B004460D4616461F4600238DF8C2
:10EC70001430EBF70BFE10B1037A8DF8143001233A
:10EC8000029305AB0193BDF8303000933B4632460A
:10EC900029462046FFF7C7FF07B0F0BD70B586B024
:10ECA000BDF82850CC68267846B10134102602966B
:10ECB00001940095FFF7B7FF06B070BD6488ADF80A
:10ECC0001640022402940DF1160401940095FFF7FA
:10ECD000AAFFF1E7F0B587B005460C4616461F4679
:10ECE000C968EBF7F9FD90B10389ADF8163002233E
:10ECF00002930DF116030193BDF8303000933B46AB
:10ED0000324621462846FFF78EFF07B0F0BD0023AC
:10ED1000ADF81630EBE7B8B110B582B00446002369
:10ED20008DF8043042F60303ADF8063001A90068FF
:10ED3000FCF73CFC50B9E368988840B92046ECF7F2
:10ED400045F8013080B202E000207047002002B098
:10ED500010BD2DE9F0418AB005460C4616461F4607
:10ED6000D1F80C8098F806308DF814300846FFF77B
:10ED7000D2FFADF81500D8F800100B7893B94B8886
:10ED8000ADF817300523029305AB0193BDF8403071
:10ED900000933B46324621462846FFF744FF0AB01F
:10EDA000BDE8F081D1F801C0D1F80500D1F8092003
:10EDB000D1F80D30CDF817C0CDF81B00CDF81F20CD
:10EDC000CDF823301323DEE708B5ECF7F9F808BDDA
:10EDD000F8B505460E46EBF7A3FC04463146284637
:10EDE000FDF75DF890B15CB104F1080700213846E9
:10EDF000FFF7A6FC58B901213846FFF7A1FC58B926
:10EE000024B104F10803D3E8AF3F53B1F8BD314654
:10EE10002846ECF731F9EEE731462846FFF7DEFCED
:10EE2000EEE72046FFF78AFDF0E738B505460024F7
:10EE30000DE0A5F1180104EB440301EB830105EBA0
:10EE40008303013113F8180CFFF7C2FF0134012CC2
:10EE5000EFD938BD01B9704738B5044600F17005E7
:10EE60002946007AECF708F92946207AFFF7B6FC24
:10EE700038BD10B582B0044600238DF8043042F648
:10EE80000303ADF8063001A90068FCF78FFB10B151
:10EE9000204602B010BD2046ECF7D6F9F9E708B5D8
:10EEA000FFF796F908BD38B5054612F0010F05D0F9
:10EEB0004B8A03F095037BB34B687BB312F0020FD0
:10EEC00005D04B8A03F4957353B38B6853B34C8AC4
:10EED000C4F30E04144014F4DE7F25D0EB7A73B132
:10EEE00014F0300F11D114F4C07F21D0D5F8A43024
:10EEF00003B35B7C13F0100F1ED0002015E02846F2
:10EF0000FDF7FDFE90B10F200FE02846FDF74FFF03
:10EF10000228E8D8052008E0022006E0022004E0EC
:10EF2000032002E0032000E0002038BD0520FCE7BC
:10EF30000020FAE70520F8E70520F6E7437B072BDA
:10EF400001D000207047F0B58DB005460C4616463E
:10EF5000086800238DF8143042F60303ADF816302C
:10EF600005A9FCF723FBB8B9676877B100900123C6
:10EF70000DF10F022146B847002806DB012804D115
:10EF80009DF80F3013F0300F02D100200DB0F0BD0E
:10EF90002046ECF759F90446206800238DF8183014
:10EFA00042F60213ADF81A3006A9FCF7FFFA002862
:10EFB00036D1206800238DF81C3042F60213ADF8DC
:10EFC0001E3007A9FCF7F2FA78B3206800238DF809
:10EFD000203042F60303ADF8223008A9FCF7E6FA28
:10EFE00018B3206800238DF824304FF42053ADF877
:10EFF000263009A9FCF7DAFAB8B1206800238DF8A9
:10F00000283042F60103ADF82A300AA9FCF7CEFAFF
:10F0100058B12046ECF718F904460028C9D1B5E7E5
:10F020002046ECF711F90446C3E7206800238DF869
:10F030002C3042F60213ADF82E300BA9FCF7B6FACD
:10F04000B0B96768B7B100230093022304AA214630
:10F050002846B84700280FDB02280FD19DF8112061
:10F060009DF8103043EA02231E4209D100208DE7AB
:10F0700000208BE7002089E7002087E7002085E754
:10F08000012083E7F8B505460E46144694226168D0
:10F09000FFF709FF18BB012261682846FFF74EFF02
:10F0A00000B3A28902321B212846FFF75DF807460C
:10F0B000D8B1A18902310C30FBF751FB20F8026B6B
:10F0C000A289A168DAF7BAFD01236269216938468D
:10F0D000FFF784F939462846FFF722F9F8BD4FF0CB
:10F0E000FF30FBE76FF01500F8E76FF00B00F5E776
:10F0F0002DE9F04106460D46EBF7C8FB00283CD051
:10F100000746037A13F0010F03D101242046BDE81E
:10F11000F08100F10C08D8E8AF4F14F00104F5D1EC
:10F120000DB92C46F2E701214046FFF709FB0446E2
:10F13000D8B93046FFF728F904460028E6D0304613
:10F14000FFF73EF904460028E0D0D8E8EF3F23F06F
:10F150000203C8E8E23F002AF7D13046FFF716F96C
:10F1600001213846FFF75EFBD0E73046FFF70EF986
:10F1700001213846FFF756FBC8E70124C6E7704770
:10F180000120704701207047C06898B110B582B067
:10F19000144600238DF804304FF4C053ADF8063008
:10F1A00001A9FCF703FA10B9236801332360012099
:10F1B00002B010BD012070470120704701380E28B1
:10F1C00015D8DFE800F008160A080C0A0C140E1017
:10F1D00008080E0E12000120704704207047052019
:10F1E00070470620704707207047082070470920A5
:10F1F000704703207047431E082B0CD8DFE803F04C
:10F200000D09050D0E09070B0900022070470A20A1
:10F21000704708207047002070470320704703465E
:10F22000007D5B7B984228BF1846704707280DD8A1
:10F23000DFE800F00F0E040C0C06080A06207047E9
:10F240002920704718207047122070471F207047F0
:10F2500005207047D0F8EC30D3F8A4300BB1002073
:10F260007047082070470720704707207047072025
:10F270007047C07A00F001007047807C00F0010008
:10F28000704770B506460C46FFF7F3FF054630465B
:10F29000FFF7F3FF2DB1002308B123B902236370F8
:10F2A00070BD0323F8E70123F9E707207047072023
:10F2B000704708B50621FEF701F8034608B1A0F132
:10F2C000EC03184608BDD0E8EF3F43F48043C0E8A4
:10F2D000E23F002AF7D1002070474B0900EB830082
:10F2E000D0E8AF0F01F01F01084100F001007047A6
:10F2F00070B5031DD3E8AF3FC3F3C03513F4004F1F
:10F3000032D10446D0F8A430DBB1D4F8A43063B3D2
:10F310005A8A12F0240F28D0A17A022903D9587CE6
:10F3200010F0010F21D0032921D9597C11F0010FD0
:10F330001BD012F0200F18D01B7C102B15D10125EB
:10F3400013E000F170063246017A2020EDF790FAC2
:10F35000C4F8A4000028D8D13246217A0420EDF761
:10F3600087FAC4F8A400D0E70025284670BD01251F
:10F37000FBE791B3F8B504460D464E8A16F0240F0C
:10F380002DD00F7CFFF74BFF87422AD816F0200FB5
:10F3900007D16B7C13F0010F17D0237A53B90020EB
:10F3A0001EE0231DD3E8AF3FC3F3401013F0200F3E
:10F3B000EFD115E0231DD3E8AF3F13F0200F04D1A8
:10F3C000237A013BDBB2012BE9D96B7C13F0010FEF
:10F3D00009D1237A4BB1012002E0012070470120BE
:10F3E000F8BD0020FCE70120FAE70020F8E710B59F
:10F3F0000446D0F8EC309B7A032B16D007D8013B9B
:10F40000DBB2012B01D8002010BD0820FCE7042B43
:10F410001CD1FFF704FF102801D00620F4E7231DBC
:10F42000D3E8AF3F13F0200F12D0237A63B1231D2E
:10F43000D3E8AF3F13F0200F0CD1237A013BDBB2AE
:10F44000012B01D90020DFE70320DDE70820DBE7FF
:10F450000320D9E70020D7E70430D0E8AF0FC0F38E
:10F46000C000704738B50446031D0025D3E8EF2FD0
:10F47000C3E8E15F0029F9D104F59C7005F03EFD79
:10F480002572D4E8EF3FC4E8E25F002AF9D1D4E85E
:10F49000EF3F43F00203C4E8E23F002AF7D138BD52
:10F4A00070B506460C4600F170050722096828462B
:10F4B000F6F75AFA00B170BD63681A6832679A8825
:10F4C0009B79A6F8742086F87630D6F8A430002B05
:10F4D000F1D0A2689342EED062681168C3F80110BF
:10F4E00091889279A3F80510DA71E4E700B501F08C
:10F4F0001F0201239340490900EB8100D943D0E862
:10F50000EF2F02EA010CC0E8EECFBEF1000FF6D1FA
:10F5100003EA0200003818BF01205DF804FB08B5BB
:10F52000CB68021DD2E8EF1F21F40061C2E8EC1F96
:10F53000BCF1000FF6D1D3F800E0D3F804C099680D
:10F54000DB68C0F817E0C0F81BC0C0F81F10C0F897
:10F550002330037A012B0CD0022B24D1D0E8EF3FCB
:10F5600043F01003C0E8E23F002AF7D1ECF7ACFB10
:10F570001AE0D2E8AF3F13F4806F0AD1D0E8EF3F32
:10F5800043F01003C0E8E23F002AF7D1ECF79CFB00
:10F590000AE0D2E8EF3F43F00103C2E8E13F00296F
:10F5A000F7D1002000E0082008BD70B506460C46E3
:10F5B00010220D21ECF74CFBB0B1054610210C30A8
:10F5C000FBF7CDF8D4F800C06168A268E368C0F822
:10F5D00000C041608260C36000231A46294630465D
:10F5E000ECF75CFB002070BD0820FCE738B5044652
:10F5F00010220421ECF72CFBC8B1054610210C3079
:10F60000FBF7ADF8D4F827C0D4F82B10D4F82F208E
:10F61000D4F83330C0F800C041608260C36000237A
:10F620001A4629462046ECF739FB002038BD082051
:10F63000FCE738B5044606220221ECF709FB90B13D
:10F64000054606210C30FBF78AF8D4F81130036028
:10F65000B4F81530838000231A4629462046ECF77B
:10F660001DFB002038BD0820FCE7F0B591B0044632
:10F6700000230493059306930793037A052B7DD803
:10F68000DFE803F0060303067C5FD0F8D83004936C
:10F6900004F1370604F12707D4F8EC3003F17E02B9
:10F6A00004F1C70504F147010291019500927733F7
:10F6B0003A46314604F19700EDF790F900285FD102
:10F6C00004F11102D4F8EC3003F17E01773308A87D
:10F6D000039002930191009204AB324639462846CA
:10F6E00000F0BEFD00284ED1237A052B34D004F162
:10F6F0000A02D4F8EC3003F177017E330CA80390B2
:10F7000002930191009204AB3A463146284600F03C
:10F71000A7FD002839D110220CA904F1B700F6F793
:10F7200023F9A0BB08A92046FFF73FFF48BB0434DC
:10F73000D4E8EF3F43F00203C4E8E23F002A20D0C0
:10F74000F6E7D0F8E430002BA2D004AD1868596871
:10F750009A68DB680FC59BE7D4F8E03043B10DF140
:10F76000100C186859689A68DB68ACE80F00BEE7AF
:10F7700000230493059306930793B8E7082000E05D
:10F78000082011B0F0BD0820FBE70820F9E70B20A6
:10F79000F7E700294ED010B50B46021DD2E8EF1F47
:10F7A00021F08001C2E8E41F002CF7D11C68D3F8D7
:10F7B00004E0D3F808C0D968C0F89740C0F89BE0CF
:10F7C000C0F89FC0C0F8A3101C69D3F814E0D3F8A8
:10F7D00018C0D969C0F8A740C0F8ABE0C0F8AFC006
:10F7E000C0F8B310D2E8AF3F13F4806F0BD1D2E86A
:10F7F000AF3F13F4803F10D1D2E8AF3F13F4007F46
:10F8000015D1002010BDD2E8EF3F43F40073C2E8E9
:10F81000E13F0029F7D10020F4E7D2E8EF3F43F4BD
:10F820000073C2E8E13F0029F7D10020EAE7FFF7C3
:10F830001CFFE7E70B20704708B5CA68D0F8EC302A
:10F84000DB78012B01D0002008BD031DD3E8EF1F9A
:10F8500021F48031C3E8EC1FBCF1000FF6D1D2F8DF
:10F8600000E0D2F804C09168D268C0F8B7E0C0F8F0
:10F87000BBC0C0F8BF10C0F8C320D3E8AF2F12F050
:10F88000800F0ED1D3E8AF2F12F4806F13D0D3E8DE
:10F89000EF1F41F40071C3E8E21F002AF7D10020F6
:10F8A000D2E7D3E8EF1F41F40071C3E8E21F002A5A
:10F8B000F7D10020C8E7FFF7D8FEC5E710B504462A
:10F8C000031DD3E8EF1F41F08001C3E8E21F002AC7
:10F8D000F7D10820ECF792F808B1002010BD2046BF
:10F8E000ECF7C4FAFAE710B5D0F8EC40D4F8A4303D
:10F8F00063B1D4F8A4308BB15A8A12F0240F0FD020
:10F900005B7C13F0020F0DD1002010BD04F17001DB
:10F91000207AECF739FFC4F8A400EAE70120F4E705
:10F920000120F2E70120F0E7F8B50646FFF7C1FC39
:10F93000002860D00446051DD5E8AF3F13F0100F36
:10F940005CD1D5E8AF3F13F0080F5AD1D5E8AF3FEF
:10F9500013F0020F58D1ECF7D1F8A0B3D6F8A430C9
:10F96000CBB32046ECF72CFB002850D101220B2111
:10F970002046ECF76DF9074600284BD001210C30EA
:10F98000FAF7EDFE064609212046ECF70BF9307038
:10F9900000231A46394604F1EC00FDF7F2FB064657
:10F9A00028BBD5E8EF3F43F40043C5E8E23F002A17
:10F9B000F7D1D4E8EF3F43F00203C4E8E23F002A66
:10F9C000F7D13046F8BD3046FFF792FC0028C5D18C
:10F9D0006FF01506F5E706F17001307AECF7D4FE0A
:10F9E000C6F8A4000028BCD16FF00B06E9E7384642
:10F9F000FAF75AFEE5E76FF07F06E2E76FF00406DC
:10FA0000DFE76FF00F06DCE76FF00F06D9E76FF066
:10FA10006806D6E76FF06806D3E738B50446031DDD
:10FA2000D3E8AF3F13F4005F17D0CD68D0F8EC30C7
:10FA300003F17002197A022000F0DAFA0346B0B13D
:10FA4000D5F800C06868A968EA68C3F82EC0C3F892
:10FA50003200C3F83610C3F83A20D4E8EF3F43F43D
:10FA60000073C4E8E23F002AF7D1002038BD082027
:10FA7000FCE710B50C4600212046E8F795F808B1E0
:10FA8000032010BD2046E8F7A3F80020F9E72DE990
:10FA9000F047044691461E46BDF82070FFF709FC6A
:10FAA000002800F08180804617B959EA06031CD06F
:10FAB000D4F8A430002B42D04FB959EA060306D13E
:10FAC000D4F8A41019B14B8A13F0200F4AD108F1D1
:10FAD0000403D3E8AF3F13F4004F5FD14046FFF774
:10FAE000C1FC00252846BDE8F08700F1040ADAE8E9
:10FAF000AF3F13F0080FDBD0DAE8AF3FC3F34005A8
:10FB000013F0020FD4D0FFF78AFB0446024608F137
:10FB100047010998DAF792F80F2C08D9DAE8EF3F95
:10FB200043F00203CAE8E23F002ADBD0F6E7C4F163
:10FB300010020021099B1819F5F788FEEEE704F181
:10FB400070052A46217A2020ECF792FEC4F8A40022
:10FB50000028B1D12A46217A0120ECF789FEC4F8A9
:10FB6000A400A9E70C7C22461E310998DAF766F852
:10FB70000F2C0BD908F10408D8E8EF3F43F002033B
:10FB8000C8E8E23F002AF7D10125ABE7C4F1100233
:10FB90000021099B1819F5F759FEEBE7022206210F
:10FBA0002046E9F7CDFB99E700259BE76FF085003C
:10FBB000704708B5C378012B02D1FFF7B5FE08BD29
:10FBC0006FF01500FBE770B504460D46031DD3E842
:10FBD000AF2F12F0040F04D0B0F8E82032B30026A3
:10FBE00000E00026D3E8AF2F12F0080F04D1D3E8CD
:10FBF000AF2F12F0020F1BD029462046ECF712FC63
:10FC0000E6B9012205212046ECF722F8064608B3A2
:10FC100001210C30FAF7A3FD057000231A46314686
:10FC200004F1EC00FDF7ADFA78B970BD0126D9E713
:10FC3000D3E8AF3F13F4004FE2D0DDE70521D4F85D
:10FC4000EC00FDF743F80020EFE73046FAF72CFD13
:10FC50000020EAE76FF06800E7E738B504460820BF
:10FC6000EBF7CCFEC0B10546031DD3E8EF1F21F42E
:10FC70008071C3E8E21F002AF7D121462846FFF72A
:10FC800088FD014640B12846FFF79DFF04E001468C
:10FC90002046FFF798FF55B10720EBF7AFFE04466B
:10FCA00028B1ECF7E3F805460028F4D0EFE738BDBB
:10FCB0002DE9F04104460E46D0F8EC80EBF7B8FE93
:10FCC0000546F768261D0A213046FFF70FFC58B19C
:10FCD0001DB12B690BB14046984739782046ECF7A7
:10FCE000A1FB0020BDE8F0810B213046FFF7FEFBB1
:10FCF0000028F2D0ECE72DE9F04104460E46A0F1D1
:10FD0000EC08054655F8E87901212846FFF7EEFB97
:10FD100010B11EB9FB7AC3B9BDE8F081D5E8AF3F99
:10FD200013F0080FF8D03046FCF71EF8FFF763FA1F
:10FD30000146D5E8EF3F43F00403C5E8E23F002A5F
:10FD4000F7D14046ECF76EFBE6E7D5E8AF3F13F09E
:10FD5000080F30D0D5E8AF3F13F0200F15D014F8BE
:10FD6000043C13F0080F04D014F8033C13F0080F00
:10FD700025D114F8043C23F0080304F8043C14F8DB
:10FD8000033C23F0080304F8033C14F8033C13F08D
:10FD9000010F1DD113F0020F3AD113F0040F21D03F
:10FDA000A4F1EC03D3E8EF1F41F48061C3E8E21F44
:10FDB000002A17D0F6E74046FFF754FBACE7D5E83A
:10FDC000EF3F43F40033C5E8E23F002AD1D0F6E725
:10FDD000A4F1EC03D3E8EF1F41F04001C3E8E21FB8
:10FDE000002AF7D1D5E8EF3F43F00403C5E8E23F2E
:10FDF000002AF7D14046FFF72DFA00288CD134F8BD
:10FE0000043C002B88D100214046ECF70BFB83E734
:10FE1000A4F1EC03D3E8EF1F41F48071C3E8E21FC3
:10FE2000002ADFD0F6E770B50446A0F1EC0650F8E2
:10FE30004C3BD3F8A45005F061F8E83CD4E8AF3F60
:10FE400013F0080F04D1D4E8AF3F13F0020F14D021
:10FE500008213046ECF7E6FA45B16B8A1BB16B7CA2
:10FE600013F0020F02D0284600F0D7F84FF4B87212
:10FE700000213046F5F7EAFC70BDD4E8AF3F13F43B
:10FE8000004FE9D0E4E710B504460821A0F59C70C6
:10FE9000ECF7C8FAA4F59A74D4E8EF3F43F01003E6
:10FEA000C4E8E23F002AF7D110BDF8B50446FFF7D9
:10FEB00000FA002862D00546061DD6E8AF3F13F0D1
:10FEC000080F5BD0D4F8A40008B100F0A6F804F144
:10FED0007001207AECF758FCC4F8A400F0B1D6E821
:10FEE000AF3F13F4804F05D0D4F8A420537C43F0E7
:10FEF000020353742B7A032B15D9053BDBB2012B7C
:10FF00001FD8D4F8A420537C43F020035374D4F8B2
:10FF1000A420537C43F0010353741EE008212846BB
:10FF2000FFF751FE2AE05BB25BB1D6E8AF3F13F0BA
:10FF3000200F06D0D4F8A420537C43F0010353745F
:10FF40000BE0D4F8A420537C23F020035374D4F89E
:10FF5000A420537C23F001035374D4F8A4702846E2
:10FF6000FFF75DF93874D6E8AF3F13F0200F06D1E4
:10FF7000D4F8A420537C23F010035374F8BDD4F8B4
:10FF8000A420537C43F010035374D6E8AF3F13F41E
:10FF9000005FF3D02021D4F8A40000F025F8D4F8B5
:10FFA000A430D5F84760D5F84B00D5F84F10D5F8F8
:10FFB0005320C3F81E60C3F82200C3F82610C3F80C
:10FFC0002A20D4F8A420002353619361D4F8A420FC
:10FFD0009383D3E708B5437C13F0400F00D008BDEE
:10FFE0000121E7F7B9FDFAE7438A194341827047D7
:10FFF000F8B506460C461546ECF73AFC074608B13C
:020000040004F6
:100000003846F8BD29462046ECF7BEFB07460028D7
:10001000F6D03146FFF7E8FFF2E710B50446037A61
:1000200013F0040F0AD1214611F8010BE6F7CEFBBD
:10003000442200212046F5F709FC10BDE7F73EFEFB
:10004000F1E7F0B593B0002800F0A480144605460F
:10005000382202A91846A047041EC0F29E8010A9AB
:100060002846FBF72CFA0646002840F0998001A9A3
:100070002846F9F79FFD0198A0B10A220021F5F763
:100080006DFF002840F08F80C0B26CB910AA014605
:100090003F20ECF7EDFB00283AD044220021F5F791
:1000A000D5FB35E00020F0E710A9ECF76DFB054625
:1000B00000287BD0382C34D09DF80830102B2AD85B
:1000C000342C28D111230373022343730023837339
:1000D000C373224602A91030D9F7B0FD2B7B112B38
:1000E00052D1EA7BA97B6B7B43EA012343EA0243BB
:1000F000022B49D16B7C13F0010F08D013F0200FB5
:1001000005D113F0100F02D123F001036B743446B4
:10011000204613B0F0BD2846FFF77FFF6FF01504AF
:10012000F6E79DF80830102B28D8332CD6D91123A8
:1001300003730223437300238373C3730DF1080E0B
:1001400000F110040EAFF446BCE80F0020606160BF
:10015000A260E360E6461034BC45F4D1DCF8000050
:1001600020606B8A03F022026A8213F0200FB5D15F
:100170002846FFF752FF6FF01504C9E7224602A98F
:100180000C30D9F75BFDA9E72846FFF746FF6FF073
:100190001504BDE76FF01504BAE76FF01504B7E773
:1001A0006FF01504B4E76FF01504B1E76FF00B04BE
:1001B000AEE708B50146024612F80C0B38230131B0
:1001C000E6F7F6FA08BD0023B3EB510F10D200B5E5
:1001D00010F803C0CA1A013A10F802E000F803E070
:1001E00000F802C00133B3EB510FF1D35DF804FB0B
:1001F000704730B597B01A9C1F300DF1040C2025C4
:1002000004E010F801E90CF801EB013D002DF8D1F4
:100210001F3109A8202504E011F801C900F801CB1D
:10022000013D002DF8D18DF844300F3212AB102172
:1002300004E012F8010903F8010B01390029F8D193
:100240002346412201A912A8ECF7A6FC054610B1ED
:10025000284617B030BD10212046FFF7B4FFF7E75E
:10026000F0B597B08446964618461D9A1E9B1F9C73
:100270000F3101AD102604E011F8017905F8017B7A
:10028000013E002EF8D10EF10F0105AD102604E05D
:1002900011F801E905F801EB013E002EF8D100F15B
:1002A0000F0109A8102504E011F8016900F8016B9D
:1002B000013D002DF8D11C9902310DA8032504E061
:1002C00011F8016900F8016B013D002DF8D11146CC
:1002D00011F8010B8DF83700D2F801000E908988D3
:1002E000ADF83C1006320EA9062004E012F80159C0
:1002F00001F8015B01380028F8D11A4612F8011BF9
:100300008DF83E10D3F80110CDF83F109288ADF86B
:10031000432006330DF13F02062104E013F80109E2
:1003200002F8010B01390029F8D10CF10F0012ABD2
:10033000102204E010F8011903F8011B013A002A09
:10034000F8D12346412201A912A8ECF725FC054665
:1003500010B1284617B0F0BD10212046FFF733FF3B
:10036000F7E7036813F4805F02D043F4806303600F
:10037000036813F4005F02D043F400630360704726
:1003800011E003029BB243EA102311F8010B58401D
:10039000C0F303134340180380B24340580100F4F4
:1003A000FF505840013A002AEBD170470F2A17D965
:1003B00010B588B00C466946ECF754FC70B90123BF
:1003C0002360039B63609DF8143023729DF8153001
:1003D0006372BDF816306381069BE36008B010BD00
:1003E0006FF00B00704708B5EEF70CFB08BD08B5C1
:1003F00002F0C7FB00B908BD6FF00D00FBE700B5C8
:1004000085B001A90120E3F72DFB18B1002005B04C
:100410005DF804FB02A9019802F0EAFA50B99DF8D0
:100420000830032B08D09DF80B00012814BF0020D2
:100430000120ECE70020EAE70120E8E710B582B0F0
:1004400001A90120E3F70EFB58B9012211460198DA
:1004500002F048FB04460198F9F70DF9204602B076
:1004600010BD6FF00404F9E710B582B001A9E3F7FD
:10047000F9FA044610B1204602B010BD0198826816
:100480000021F9F72DF904460198F9F7F4F8F2E79D
:10049000303870470239082926D8DFE801F005090D
:1004A0000D111519251D2100072303700020704729
:1004B0000623037000207047052303700020704757
:1004C000042303700020704703230370002070474B
:1004D000022303700020704701230370002070473F
:1004E00000230370184670476FF015007047042909
:1004F00004D0052906D06FF0150070470023437023
:10050000184670470123437000207047037C083B66
:10051000062B14D8DFE803F0041307130B130F00A6
:1005200000200870704701230B70002070470223E1
:100530000B700020704703230B70002070476FF092
:1005400015007047012901D9437C63BB437C082B0C
:100550002CD8DFE803F005080C1014181C20240028
:100560000020107070470123137000207047022391
:10057000137000207047032313700020704704237A
:100580001370002070470523137000207047062366
:100590001370002070470723137000207047082352
:1005A0001370002070476FF0150070476FF0150052
:1005B00070474900036813B19B8903FB0111C368AD
:1005C0008B4201D3002070476FF00B007047002072
:1005D000704708B504304FF0FF324FF0FF33F0F7AB
:1005E00097FB08BD10B5044614304FF0FF324FF0B2
:1005F000FF33F0F78DFB00B16062606A10BD10B58B
:100600000446836A9BB10846236C43B1B4F84C207E
:1006100004F128019847012813D0022805D0B4F826
:100620004C30B4F84820934206D3E36B03BB04F18B
:100630001400F0F737FB10BD0133A4F84C30002153
:1006400000E001212046ECF7DBFBE36B1BB9204601
:10065000ECF7F8FBEFE7D4E8EF3F5A1EC4E8E12FD0
:100660000029F8D1012BE6DD2046ECF7EBFBE2E7B1
:100670002046ECF7B7FBDAE708B5C36803B108BD5D
:100680000430F0F70FFBFAE738B584460D4600F169
:10069000280E0C460FCCAEE80F002368CEF80030D1
:1006A0000023CCF824302B6853B10CF13C040FCB61
:1006B00084E80F00CCF828400023ACF84C3018B97F
:1006C0006046ECF7BFFB38BD0023DCE8EF2FCCE839
:1006D000E13F0029F9D16046ECF7FCFBF3E708B5F0
:1006E000D0E8EF3F5A1CC0E8E12F0029F8D11BB138
:1006F0006FF00F03436208BDECF7A4FBFBE7006952
:1007000001EB41018900383108447047406800EB33
:10071000C10070470069C1EBC10100EB8100704767
:1007200008B5C9B2FFF7EBFF806800F0070008BD0D
:10073000EFF31182402383F31288BFF36F8F0368B6
:1007400013F0C00301D08B4207D1012303600020C6
:1007500082F31188BFF36F8F70474FF0FF30F7E7D8
:10076000EFF31182402383F31288BFF36F8F036886
:1007700003F0C00C03F00703012B08D08C4509D00F
:100780004FF0FF3082F31188BFF36F8F7047016025
:100790000020F7E76FF07700F4E7EFF311824023D2
:1007A00083F31288BFF36F8F036803F0C00343F035
:1007B0000203036082F31188BFF36F8F7047F8B5AF
:1007C00006460C46FFF79BFF05684768002340F884
:1007D000083BFFF7E2FF1DB13A4621463046A847E5
:1007E000F8BD70B506461546CCB22146FFF787FF27
:1007F00029460830FFF79CFF002806DB21463046DB
:10080000FFF784FF43689847002070BD08B5802239
:10081000FFF7E7FF08BD2DE9F041064690461F4669
:10082000CDB22946FFF76BFF044606990830FFF763
:1008300097FF002809DBC4F800806760294630462E
:10084000FFF764FF036898470020BDE8F08110B50A
:1008500082B080240094FFF7DEFF02B010BD10B517
:100860001446C9B2FFF756FF0021A04710BD10B5CE
:1008700004460021FFF743FF836813F0070F00D001
:1008800010BD00212046FFF79AFFF9E708B50120C7
:10089000EDF77EFF08BD08B5012001F0C0FF08BDDF
:1008A00008B520EAE072D1174B0143EAD2634FEA60
:1008B000421CBCEB020C63EB010E4FEA8E1343EAC1
:1008C0009C634FEA8C10B0EB0C0063EB0E03DB0073
:1008D00043EA5073C000801841EB030100184941FE
:1008E00040F2E733C0184FF47A724FF0000341F141
:1008F0000001D9F769FA04F0D4FC08BD08B5104628
:10090000F0F7D0F908BD08B501F091FF08BD08B5B2
:1009100001F080FF08BD40F27260704708B50846DC
:100920001146F2F703FB00B908BD6FF00400FBE7C6
:1009300008B5F2F759FB00B908BD6FF00400FBE7FA
:1009400070B582B00D4616461C46826800232360AF
:10095000A36053696A4601A9984714E02068281AE1
:10096000B0FBF2F01B68984228BF1846236800FBD2
:1009700002332360A3680344A360019B1A68824288
:1009800011D808330193009B5A1E00923BB1019B82
:100990005A686260002DE1D1A068301AE2E76FF07A
:1009A000150002B070BD0020FBE708B51346002219
:1009B000FFF7C6FF08BD2DE9F04786B0894690468F
:1009C00083685B6901AA05A9984700242646A246C8
:1009D000019B534514D9059F07EBCA077B68039316
:1009E000002503E0039B1C44013601353B68AB4204
:1009F00009D902940496414602A8C8470028F1D1BB
:100A000006B0BDE8F0870AF1010AE1E74B6803444C
:100A10004B600B680BB103440B608B681B1A8B6037
:100A2000704770B50546037BF3B90026AC68F4B196
:100A3000B4F5007F28BF4FF4007422462968686827
:100A4000ECF706FE29462046FFF7E0FFAB68002BD7
:100A5000ECD001362B7B002BE8D0304601F007FFAD
:100A60000028E3D0012003E001F000FFDDE70020D3
:100A700070BD08B5C1F30B033BB90846C2F30B03C5
:100A800033B90021ECF712FE08BD6FF01500FBE74B
:100A90006FF01500F8E762B10846114610F00F0F2D
:100AA0000AD113F00F0F0AD108B51A46ECF7FEFD74
:100AB00008BD6FF0150070476FF0150070476FF0BC
:100AC000150070470B4639B11168196041688A42B8
:100AD00009D00023136070471368036041688A429D
:100AE000F7D14360F5E74360F3E708B50A460368CA
:100AF000002101E019461B682BB19342FAD1FFF7A0
:100B0000E1FF012000E0002008BD2DE9F04182B0A6
:100B10000190884615461C46089F099E01A8ECF7DF
:100B200021FE019A02F1200350F82310B8F1000FC2
:100B300031D04FF0010C8DB302234CEA030C7CB38F
:100B40000C234CEA030C6FB34FF470634CEA030CB4
:100B500056B34FF440334CEA030C21EA0C01B8F1D0
:100B6000000F23D098F8003015B32D786D002B437B
:100B700004B32478A4002343F7B13C782402234330
:100B8000E6B13478240423430B43203240F822306A
:100B900002B0BDE8F0814FF0000CCCE70023CCE7B9
:100BA0000023CEE70023D1E70023D4E70023DBE7CF
:100BB0000025DCE70024DEE70024E0E70024E2E78C
:100BC00000B583B0019001A8ECF7CCFD019B203368
:100BD00050F8230000F0010003B05DF804FB70B58D
:100BE00004460D461646036833B1FFF77EFF70B921
:100BF0001EB96FF0150006E032B123682B60256046
:100C0000636843B1002070BD6FF01500FBE7002E54
:100C1000F3D10020F7E765600020F4E770B50E46D9
:100C20001546016821B10C683CB131B90C4604E0AD
:100C30000C4602E0234621461C4671B18A682A40D0
:100C400002D04B6830469847002CF3D02368002B25
:100C5000F1D0002CEFD12346EDE770BD806800385D
:100C600018BF0120704710F0100F04D110F0200FB2
:100C700003D100207047032070470120704743686C
:100C80005B68DB680B600020704743685B6802EAC2
:100C9000010021EA02015860996000207047436812
:100CA0005B6859600020704743685B68996000206A
:100CB000704743685B681A6821EA02001140586077
:100CC000996000207047B0F5800F07D0B1F1C06F78
:100CD0000DD0B1F1007F08D001207047B1F1007F45
:100CE00001D0052070470420704702207047032080
:100CF000704708B500690430FFF771FF08BD10B5F3
:100D000000F01F044009ECF745FD30B101460069D1
:100D10000122A2400430FFF781FF10BD0020704780
:100D200008B502F082FC08BD08B51146806802F0E3
:100D30006BFC08BD2DE9F04786B0884616469946FB
:100D4000446801F01F05237C45EA43152046FFF760
:100D500085FF002861D0B6F5001F35D06368627C3E
:100D6000002A37D001225A620DF10C0A002703979E
:100D7000049749463046FFF7A6FF8DF80C00009710
:100D800001970297CDF804A0E36823FA08F313F063
:100D9000010F02D1B6F1A07F1ED00DF11702294636
:100DA000A06802F01DFC90B36A462946A06802F0D4
:100DB0000BFC002805DB01222946A06802F02DFC6F
:100DC000002006B0BDE8F0872946A06802F029FCA3
:100DD0000020F6E70022C6E72846FFF7F1FE0028CC
:100DE000DBD10DF117022946A06802F0F9FB10F1E2
:100DF000160F03D00DF117030493D5E70DF1170279
:100E000041462046FFF790FF0028F3DAD9E79DF826
:100E10001710A06802F0F4FBC6E76FF08500D0E77A
:100E2000F0B589B00E461446456801F01F072B7CCB
:100E300047EA43171046FFF716FF8DF81E0040F2F1
:100E400006332340B3F5837F52D016D8062B4BD000
:100E500009D81BB3022B03D102238DF81D3020E0EB
:100E60006FF0150639E0B3F5807F03D101238DF8CB
:100E70001D3016E06FF015062FE040F2022293427B
:100E80003AD0B3F5407F2BD0B3F5007F03D10423D4
:100E90008DF81D3005E06FF015061EE000238DF87B
:100EA0001D300123B34014F4002F29D06A68536029
:100EB0002846FFF7D3FE48B30DF11F023946A86854
:100EC00002F08EFB064614F4403F37D13946A8683D
:100ED00002F092FB002E6BD00026304609B0F0BD28
:100EE00005238DF81D30DCE708238DF81D30D8E789
:100EF00009238DF81D30D4E706238DF81D30D0E787
:100F000014F4802FD4D06A689360D1E7C4F34043CF
:100F10008DF8083004F48034B4FA84F464098DF850
:100F20001040002601960DF11D0300930DF11E03E4
:100F300004AA02A93846FFF7E8FDCEE702A900237C
:100F40000293039304AA0493536093600591394676
:100F5000A86802F039FB00281BDB14F4003F1AD00C
:100F60009DF81D308DF8103004F48034B4FA84F408
:100F700064098DF811409DF81E308DF81230002361
:100F800004AA3946A86802F023FB0028A2DA00264A
:100F9000A3E70026A1E704AA00230493536093600B
:100FA0000DF11E0304933946A86802F00DFBECE72F
:100FB0009DF81F10A86802F023FB8EE708B50B69A7
:100FC0000278012A08D0022A0AD06AB9DA6403F149
:100FD0003C00EFF767FE08BD6FF00D02DA64F6E73C
:100FE0006FF00A02DA64F2E76FF00402DA64EEE707
:100FF00038B50446056905F12C000122114603F0BD
:101000008EFD05F13C000122002103F088FD204601
:10101000ECF762FC38BD38B5044600692C30EFF7B8
:1010200077FE054608B1284638BD2046E2F73AFB70
:10103000F9E710B50469F8F772FA04F12C00EFF73C
:1010400031FE10BD2DE9F04F8BB007900F46924650
:101050000893D0F810B043681A6A05929B8A0693E9
:101060004FF0FF324FF0FF33FFF7D5FF0BF13C039A
:101070001846099300220023EFF74AFE0026344663
:1010800004963AE00122039201E0002203926A688A
:10109000A018DDF818C0604500F2898013F0010F38
:1010A00056D06B6823449CB2039B2BBB002C57D1BA
:1010B00057F80990AB88CBF85090297A089A00929B
:1010C0004A46079800F0DCF8031E049368DB43F6F9
:1010D000095200230998EFF71BFE0490002843D122
:1010E000DBF84C30002B66DB2B7A13F0010F02D0BB
:1010F000059B99453FD000244646564550D206EB05
:1011000046054FEA850907EB85052B7A13F0080F92
:1011100043D157F8091001F0604206F10108D045AB
:101120000ED213F0020F0BD108EB480007EB800042
:10113000007A10F0040F03D1584010F0010FA1D035
:10114000002CA2D1B2F1005F07D0002203929EE7EB
:10115000059B1819D8F772FDA3E700230393A3E7B3
:101160002346DDF81490A6E7079800F038F86FF0F2
:101170007303049314E01D4606E0A41AA4B22919CF
:101180003858D8F75BFD013E06EB4603980007EBA5
:1011900083035A689442F0D2ADE76FF0850304935D
:1011A0000798FFF746FF04980BB0BDE8F08F6FF08B
:1011B0001B030493F4E76FF004030493F0E710B506
:1011C00082B0044601AA00F0A3F8002805DB019BC9
:1011D000226819791868ECF7D5FB02B010BD70B51C
:1011E00082B04568AB6A1B68D3F80046D3F8046642
:1011F0000DF10701F8F704F99DF8073053B13146B6
:101200002046EFF73DFA04469DF8073033B12046FB
:1012100002B070BDA86AEFF701F9F0E70021E869B4
:10122000FFF7CDFFA86A02F04CFDF0E7436811F02C
:10123000010F1FD1C1F3420102290BD0032911D0A4
:1012400001291AD19B6A1B684FF0CC72C3F8242580
:10125000002070479B6A1B684FF0C862C3F82425C2
:10126000002070479B6A1B684FF07F62C3F82425FB
:10127000002070476FF0150070476FF01500704741
:1012800010B586B04468002001900290039004904D
:10129000059001F001008DF80400BDF820008DF8E4
:1012A000050002930492A28C9A420BD3A06A11F01B
:1012B000020F05D0002201A902F00BFD06B010BDFF
:1012C0002022F8E76FF01B00F8E710B54468002112
:1012D000E069FFF774FFA06A02F0F3FC10BD10B5DF
:1012E0004468A06AEFF79AF80121E069FFF767FF09
:1012F00010BD08B529B1012907D1FFF7E6FF00208D
:1013000008BDFFF7ECFF0020FAE76FF08500F7E774
:1013100000B54368136001E008331360136890F868
:1013200008C0D0F804E00EEBCC0C634505D293F86E
:1013300005C08C45F0D1002001E06FF001005DF8A0
:1013400004FB00B583B0019001A8ECF7E1FA019A23
:1013500001239340436003B05DF804FB00B583B004
:10136000019001A8ECF7D4FA019A0123934083601D
:1013700003B05DF804FB08B511B9FFF7EFFF08BD36
:10138000FFF7DFFFFBE710B582B001900C4601A824
:10139000ECF7BEFA019A203250F8223023F0E043F5
:1013A00043EA047340F8223002B010BD4368586825
:1013B000704738B504464568ECF798FB6A68002129
:1013C0002868F4F743FA2046ECF7A0FB002038BD6C
:1013D0002DE9F04104460D4616461F46D0F804801C
:1013E000ECF784FBD8F800003A4631462844D8F799
:1013F00025FC2046ECF78AFB0020BDE8F0812DE9B2
:10140000F04104460E4615461F46D0F80480ECF71E
:101410006DFBD8F800103A4631442846D8F70EFC48
:101420002046ECF773FB0020BDE8F0814B788A780A
:1014300013438A881343CA8813430A8913434A898A
:1014400013430A781343C0F86C35704743681B6830
:10145000D3F88004C3F88004704743681B68D3F84E
:1014600030310BB9002070470120704743681B687A
:10147000C3F83C17C3F840270022C3F83021D3F843
:10148000302101221A65704708B503691A6813688C
:101490000BB15268984708BD00B587B001AB002278
:1014A0000192029203920492059204228DF8042084
:1014B00002911946FFF7E8FF07B05DF804FB38B565
:1014C00005460C46FFF7C9FF50B92368012283F88F
:1014D000B8206B681B684FF48052C3F8042338BDF2
:1014E0002368002283F8B82023684FF0FF32C3F846
:1014F000B4202368D3F8AC20D3F8A8102846FFF70F
:10150000B5FFE6E74368187E012814BF00200120DC
:10151000704710B586B0046901AB002201920292B7
:1015200003920492059202228DF804202268126C24
:1015300002922268926C039204911946FFF7A4FF6D
:1015400006B010BD10B503691B6840680068EFF372
:10155000118C4FF0400E8EF31288BFF36F8F1C6C0E
:10156000ACB1DC6CB4B9D9641A65C0F80417C0F822
:101570000827042A11D9D0F8003243F02003C0F81C
:10158000003200208CF31188BFF36F8F10BD6FF015
:101590000C00F7E76FF00F00F4E70020F2E70369B3
:1015A000186820B101601B685A60002070476FF016
:1015B0008500704700B587B001A9002301934B60F7
:1015C0008B60CB600B6103238DF80430FFF75CFF69
:1015D00007B05DF804FB43681A689B6AC2F80437D9
:1015E0000523C2F808370123D361D2F84C31002B10
:1015F000FBD00023C2F84C31D2F84C31D2F8500164
:1016000030B10023C2F85031D2F85031D2F80C0773
:10161000C0B270471A4208D043580BB90020704737
:101620000023435043580120704700207047426810
:1016300013680069006868B9D3F84C0168B1126B8F
:1016400012780A700020C3F84C01D3F84C21012213
:101650009A6270476FF0850070474FF0FF30704717
:1016600041680A68D2F8003243F48023C2F800329D
:101670000823C2F80035CB6AC2F83C370023C2F811
:10168000403701231365D2F83031002BFBD0002006
:10169000C2F80005704708B520EAE072D1174B0187
:1016A00043EAD2634FEA421CBCEB020C63EB010E2F
:1016B0004FEA8E1343EA9C634FEA8C10B0EB0C00A8
:1016C00063EB0E03DB0043EA5073C000801841EB6C
:1016D00003010018494140F2E733C0184FF47A7211
:1016E0004FF0000341F10001D8F76EFB03F0D9FD84
:1016F00008BD70B5064612E075B1EFF311844023C2
:1017000083F31288BFF36F8F3046FFF7A6FE98B9B8
:1017100084F31188BFF36F8F0120FFF7BCFF6424AF
:101720003046FFF79AFE05460028E5D1012001F07A
:1017300033FA013CF4D1DFE7204670BDF8B504462A
:101740000E4603691D6843681F6805F10800F0F73D
:1017500009FDEFF31182402383F31288BFF36F8FEB
:10176000EB6C53B1D7F8003223F02003C7F80032F6
:101770000023C7F85031D7F85031002385F8633083
:1017800016B1012385F8643023691968012381F8B3
:10179000623061680968CB6282F31188BFF36F8F92
:1017A0000020F8BD08B503691B681B6C1BB1012143
:1017B000FFF7C4FF08BD6FF00D00FBE710B586B062
:1017C000044643681868D0F88014002301930293FC
:1017D00003930493059306238DF8043011F0010F51
:1017E00008D111F0020F14D111F0040F13D101F040
:1017F000080300E001238DF80830C0F8801401A927
:101800002046FFF741FE00212046FFF797FF06B074
:1018100010BD0223EFE70423EDE738B50369426802
:1018200015681A68D2F8A01051B1002482F8B840A7
:1018300018686830F0F796FC01236B65204638BDC8
:101840006FF00D00FBE708B5406BFFF7E6FF08BD42
:1018500010B5046940682368D3F8A420D3F8B01009
:10186000521A01D1002010BD082A28BF0822C3F84F
:10187000AC202368406AC3F8A8002368D3F8A010FE
:10188000D3F8B0301944D8F7D9F90120EBE7F0B517
:1018900083B004461D460669EFF31187402383F3A6
:1018A0001288BFF36F8F3368D3F8A40018BBC3F856
:1018B000A4203368C3F8A01001F06043B3F1005FC7
:1018C00020D13368C3F8A8103368C3F8AC20204691
:1018D000E1F7E8FE31462046FFF7F1FD87F3118876
:1018E000BFF36F8F2046FFF70DFE38B3B5F1FF3F12
:1018F00010D1002023E087F31188BFF36F8F6FF0C2
:101900000F001CE033680022C3F8B0202046FFF728
:101910009FFFDCE73068683025EAE575EB171F3577
:1019200043F100036A0942EAC3625B09002400250F
:10193000CDE90045F0F7DCFB002000E0002003B01B
:10194000F0BD10B582B00369426814681A680021BE
:1019500082F860101B6803F10800D3E91623CDE973
:101960000023F0F7C5FB1023C4F8083302B010BD04
:101970002DE9F04782B005460E461746D0F8109084
:10198000D9F800404368D3F80080D8F80C2794F8C1
:1019900061301344002284F86120A26C991A01D4AA
:1019A000002934DC216C2846FFF776FDE36C2364C4
:1019B000236D63640023E3642365A36494F86330B8
:1019C00003F0FF02002B42D0EFF3118A402383F390
:1019D0001288BFF36F8F236CE3B1D8F8003223F085
:1019E0002003C8F8003246BB47BB0123C8F82830A3
:1019F0000023C8F82431D8F8241184F86230D9F8CB
:101A0000083043F01003C9F80830164616E0FFF717
:101A100080FDC7E7A36DE26D134309D12B691A68F6
:101A2000012382F862306A681268D362002605E0FA
:101A300004F10800F0F796FBF0E700268AF311881E
:101A4000BFF36F8F1EB1A36DE26D134302D102B0DD
:101A5000BDE8F08704F10800D4E91623002400252E
:101A6000CDE90045F0F744FBF1E710B582B004463C
:101A700001AAFFF74DFC002805DB019B22681979BC
:101A80001868EBF77FFF02B010BD10B543681C6803
:101A90000021D868FFF7E9FF0823C4F8003510BD1E
:101AA00008B5FFF7F2FF08BD08B542681168036981
:101AB0001B682BB193F8630050B9D3F8A43053B925
:101AC0000023C1F800350121D068FFF7CEFF08BD23
:101AD0006FF00A00FBE76FF00A00F8E708B501298C
:101AE00003D031B9FFF7E0FF08BDFFF7D9FF0020B1
:101AF000FAE76FF08500F7E710B5044600220121F0
:101B0000C620F8F755FBC620F8F748FB0021204611
:101B1000ECF73AF910BDF0B583B0426B53681C681E
:101B2000136953F8085BD4F81011D3E8EFCF2CF009
:101B3000100EC3E8E6EF002EF7D11CF0100F10D006
:101B400009B903B0F0BDD5E9162300260027CDE979
:101B50000067F0F7CDFA0023C4F81031D4F8103143
:101B6000EFE70029EDD113691968CB6CB3FA83F361
:101B70005B0981F8623053681B680122DA62F0F772
:101B8000F1FADEE700B501F01F0201239340490995
:101B900000EB8100D943D0E8EF2F02EA010CC0E846
:101BA000EECFBEF1000FF6D103EA0200003818BFF5
:101BB00001205DF804FB2DE9F04186B0054604697B
:101BC00043681F68EFF31188402383F31288BFF343
:101BD0006F8F2368D3F8B420002A4FDBD3F8B460AA
:101BE0004FF48053C7F80833A36813F0080F48D1A7
:101BF00088F31188BFF36F8F2368D3F8A020002AE1
:101C000039D093F8B810002945D1D3F8A8108A42EA
:101C100006D0D3F8AC20B2424DD0D3F8B0301E4439
:101C200020686830F0F79EFA002301930293039333
:101C3000049305932368D3F8A03002930396236896
:101C4000D3F8A430B34202D001238DF804304FF40E
:101C50008053C7F8083322680023C2F8A0302268F6
:101C6000C2F8A43001A92846FFF70EFC0022002389
:101C70002846F7F7DCFC06B0BDE8F081D7F84467EA
:101C8000AEE7002200232846F7F7D1FCA36823F033
:101C90000803A360ACE7EFF31186402383F31288B7
:101CA000BFF36F8F21462846FFF709FC86F31188A2
:101CB000BFF36F8FDFE7D3F8B0203244C3F8B02012
:101CC0002846FFF7C5FD18B92368D3F8B060A7E729
:101CD000EFF31186402383F31288BFF36F8F214601
:101CE0002846FFF7ECFB86F31188BFF36F8FC2E73E
:101CF00038B50446006950F8085B1021FFF742FF31
:101D0000E8B9296C21B12046FFF7C6FB00232B64FC
:101D100095F86430C3B1002385F8643063681B68AC
:101D2000D3F8002222F00052C3F800220022C3F8A8
:101D30001021D3F810312046ECF74AF838BD05F1F0
:101D40000800F0F70FFADCE72046FFF744FC85F8BF
:101D50006100E3E72DE9F04F83B0054643681C6856
:101D60000769D7F800A0D4F8046333464FF4007233
:101D70004FF4BA712046FFF74DFC10B1DAF84C3041
:101D80007BB133464FF400724FF492712046FFF757
:101D900041FC50B19AF86230002B64D14FF0000B37
:101DA00005E001238AF86230EBE74FF0000B334681
:101DB0004FF400224FF4A6712046FFF72BFC80461B
:101DC000334610224FF488712046FFF723FC019020
:101DD00033464FF480124FF4A8712046FFF71AFCE7
:101DE0008146334620224FF48A712046FFF712FCC9
:101DF00000283BD1019B002B3CD1B8F1000F02D150
:101E0000B9F1000F14D0DAF84C3073B1B8F1000F0B
:101E100004D10023C4F84C31D4F84C315A46494619
:101E20002846FFF7A5FD4FF00008B9F1000F25D1B6
:101E3000B8F1000F26D1BBF1000F29D116F4805F55
:101E400002D0D4F8303153BB0837D7E8EF3F23F046
:101E50000402C7E8E12F0029F7D113F0040F22D1C3
:101E600003B0BDE8F08F4FF0010BA0E72846FFF765
:101E7000A5FCBFE72846FFF764FDBEE72846FFF74D
:101E800099FBD5E7002211462846FFF771FDD2E7FE
:101E900000238AF862302846FFF72AFFCEE728465B
:101EA000FFF789FED0E7DAF844102846FFF731FB48
:101EB000DAF840102846FFF7EFFA0023CAF844305A
:101EC000CAF840302846EBF783FFC9E700B587B072
:101ED00008990391099904918DF81400012100914A
:101EE00003A8EDF733FB07B05DF804FBF0B583B052
:101EF000044617461D46EBF78DFF0646099B0193E6
:101F0000089B00933A462B462046FFF7DFFF054625
:101F100031462046EBF798FF284603B0F0BD08B5E0
:101F2000EFF31181402383F31288BFF36F8FEFF734
:101F3000CBFF08BD08B50220EBF7D0FA002008BDA2
:101F400008B5EDF78DF908BD03783E2B01D00020D0
:101F500070478378022B01D0002070470120704722
:101F600070B504460D464FF0FF304FF0FF31ECF7EF
:101F70001FF9064608B1304670BD29462046ECF7E9
:101F800049FB0646ECF71EF9F5E7F8B506460C46A0
:101F90000846FFF7D9FF63780233B3F5807F1AD87C
:101FA00005460022002301462078E4F7BDFC0746E1
:101FB00060B16278023221460C30F8F7D6FB336903
:101FC0001B683946304698470020F8BD002DFCD1EB
:101FD0006FF06800F9E76FF00B00F6E770B50546A3
:101FE0000C46002200230820E4F780FC80B106465E
:101FF00062880432B2F5807F0DD821460C30F8F7A4
:10200000B4FB2B691B68314628469847002070BDF9
:102010006FF06800FBE76FF00B00F8E770B505465E
:102020000C46002200232020E4F760FC628878B18F
:1020300006460432B2F5807F0DD821460C30F8F701
:1020400094FB2B691B68314628469847002070BDD9
:102050006FF06800FBE76FF00B00F8E708B5042AA3
:1020600005D0022A06D0082A07D0002008BDFFF7B5
:102070008CFFFBE7FFF7B2FFF8E7FFF7CFFFF5E7CD
:1020800008B5ECF7D7F808BD08B5CEF789FFCEF74D
:1020900093FFD7F7BEFED7F7BEFED7F7BEFED7F742
:1020A000BEFE08BD00B585B001238DF8043001AA3D
:1020B00002210020CEF7E8FE002833DB0823ADF82C
:1020C000043001AA07210020CEF7DEFE002829DB1C
:1020D000FB23ADF80630ADF8043002238DF809304B
:1020E00003218DF8081001AA0020CEF7CDFE0028AC
:1020F00018DB01238DF8043001AA04210020CEF75B
:10210000C3FE00280EDB1F23ADF8043001AA062110
:102110000020CEF7B9FE002804DB40F614339842C5
:1021200003D8002005B05DF804FB002383F3118879
:10213000BFF36F8F0423184602DF6FF00B00F1E747
:1021400038B50B8AC3B10C4601F10C00F8F73EFB21
:10215000012808D0022812D12046ECF7CBF805461A
:1021600035B1284638BD2046ECF7E2F80546F7E7DA
:102170002046F8F799FAF4E76FF01505F1E76FF0EC
:102180001505EEE710B54FF0FF304FF0FF31ECF7DB
:102190000FF8044608B1204610BDCEF7F1FE044604
:1021A00028B9ECF70FF80020E4F7B4FBF3E7ECF7FD
:1021B00009F8F0E70F2303700423437082700123B2
:1021C000C370818070474FF00E0C80F800C04270E1
:1021D00001228270A0F80310437170478F230370AF
:1021E000CC23437030238370EC23C370C02303716E
:1021F0000123437100238371C3717047012070472D
:10220000002303604360037943F020030371DBB2D2
:1022100043F040030371704700230380037843F0C9
:1022200001030370DBB243F002030370DBB243F03F
:1022300020030370437843F001034370DBB243F0A3
:1022400002034370DBB243F004034370704708B5E8
:10225000427810F8033B43EA02231BB240F20642E5
:10226000934205D040F21D42934204D0012001E088
:10227000D0F74EF808BDD0F7C1F8FBE708B5034624
:10228000033093F801C01B7843EA0C231BB240F6DD
:10229000634C63452CD001F1060110DC40F6034C81
:1022A00063451CD040F62D4C63451BD040F60142DF
:1022B000934202D1CEF7BEFE08BD0120FCE740F6F6
:1022C0007B4C634517D040F67C4C634505D11378B1
:1022D00002331370D8F742FDEEE70120ECE7D7F7A1
:1022E0008DFDE9E7137803331370D8F76FFBE3E74D
:1022F000CEF7B2FEE0E7137804331370D8F720FD71
:10230000DAE708B503460330063193F801C01B78BD
:1023100043EA0C231BB2A3F50053013B4D2B00F203
:10232000A980DFE803F0272A31A7383BA73E4144C4
:10233000A7A7A7A7A7A7A7A7A7A7A7474A50A75791
:102340005D63A7A7A7A7A76BA771A7A774777A7DD7
:10235000A7A784878A91979AA7A7A7A7A7A7A7A7A0
:10236000A7A7A7A7A7A7A7A7A7A7A7A7A7A7A7A7FD
:102370009DA7A7A4CEF77AFE7DE0137803331370F0
:102380000846CFF7BBFF76E0137808331370084692
:10239000D8F764FC6FE0D8F76AFB6CE0D0F70AF975
:1023A00069E0D8F788FC66E0D8F760FC63E0D0F716
:1023B0005BF960E0D8F742FC5DE0137810331370EE
:1023C000D8F730FB57E01378083313700846D8F776
:1023D000F7FA50E0137802331370D8F791FC4AE013
:1023E000137802331370D8F79CFC44E01378083359
:1023F00013700846FFF7F2FE00203CE0137802332A
:102400001370D8F743FB36E0CFF7B4FF33E0D8F7CB
:1024100060FA30E0D8F780FA2DE0D8F7B3FA2AE076
:102420001378013313700846D8F7BAFA23E0D8F7C7
:1024300099FA20E0D8F78DFA1DE01378083313706D
:102440000846D8F753FB16E0137804331370D8F717
:1024500078FB10E0CFF7A6FF0DE0D8F7B8FB0AE055
:102460001378023313700846D8F7CBFA03E0D8F795
:102470004DFB00E0012008BD08B5034603300631DE
:1024800093F801C01B7843EA0C234FF60B4C6345CD
:1024900018D94FF6165C63456AD84FF6035C63455E
:1024A00022D3A3F57D43033B132B5DD8DFE803F074
:1024B000475C4A5C5C5C4D5C5C505C5C5C5C5C5C9E
:1024C0005C535C59B3F57C4F0CD9A3F57C43013BBD
:1024D0000A2B4BD8DFE803F00A114A4A4A294A4A34
:1024E00019222C00012040E001203EE013780C333B
:1024F00013700846D7F795FC37E013784033137014
:102500000846FFF789FE00202FE01378581C107052
:10251000173313700846D7F79FFC26E01378203353
:1025200013700846D7F7BCFC1FE0D7F793FC1CE0FC
:102530001378013313700846D7F7CFFC15E0D8F7AE
:1025400070FC12E0D0F736F90FE0D7F7DCFC0CE0B6
:10255000D8F750FC09E0137804331370D7F7D7FC91
:1025600003E0D0F72FF900E0012008BD0120FCE7CF
:102570000120FAE710B5044632220021F3F766F98C
:10258000237843F020032370A37843F08003A370E3
:10259000637943F040036371DBB243F080036371FE
:1025A000A37A43F00403A372A37B43F00803A3734D
:1025B000DBB243F02003A373E37B43F00203E37336
:1025C000A37D43F00403A375637E43F001036376A8
:1025D000DBB243F002036376DBB243F004036376BD
:1025E000DBB243F010036376DBB243F02003637683
:1025F000DBB243F080036376A37E43F00103A3764E
:10260000DBB243F00203A376E37E43F02003E376DC
:10261000DBB243F04003E376DBB243F08003E376C2
:10262000237F43F002032377DBB243F004032377D5
:10263000DBB243F00803237794F8203043F0100313
:1026400084F82030DBB243F0200384F8203094F883
:10265000213043F0400384F8213094F8223043F0D5
:10266000010384F82230DBB243F0080384F82230FF
:10267000DBB243F0100384F82230DBB243F02003D6
:1026800084F82230DBB243F0400384F8223094F81F
:10269000233043F0020384F82330DBB243F0040319
:1026A00084F82330DBB243F0080384F82330DBB234
:1026B00043F0100384F82330DBB243F0200384F8A6
:1026C0002330DBB243F0400384F8233094F8263003
:1026D00043F0800384F8263094F8273043F0040355
:1026E00084F8273010BD08B50346881D93F801C053
:1026F0001B7843EA0C231BB2A3F58053013B082B44
:1027000020D8DFE803F0050B121F1F1F1F1F190041
:10271000137808331370D8F747F914E0137840336F
:102720001370FFF727FF00200DE0137808331370B4
:10273000FFF766FD002006E0137806331370D8F724
:102740007AF900E0012008BD08B50323DAF7C6FED8
:10275000002008BD08B5EBF78BFF002008BD08B5C9
:10276000F0F742FC00B908BD002383F31188BFF3E2
:102770006F8F0423184602DF6FF00400F3E7012097
:102780007047684620F007018D4601B5D6F74EF92F
:10279000BDE8014085467047684620F007018D4638
:1027A00001B5D6F795FCBDE80140854670476846FF
:1027B00020F007018D4601B5D6F746F9BDE8014086
:1027C0008546704710B5EBF75DFF044608B120461B
:1027D00010BD012200218520F7F7EAFC012200212B
:1027E000E520F7F7E5FC012200218A20F7F7E0FC5D
:1027F000EDE708B54FF0FF304FF0FF31EBF7D8FCB5
:10280000DAF774FEEBF7DEFC08BD08B5DAF787FAF5
:10281000002008BD08B50020EBF7BAFF08BD01286D
:1028200000D0704708B50020D5F7B6F908BD08B547
:102830000020FFF7F4FF08BD704708B5D4F7BCFFD0
:1028400008BDEFF30580033803288CBF002001206A
:10285000704708B5D6F7BCFE08B9002008BDFFF7E1
:10286000F0FF08B90120F9E70020F7E770470120E1
:1028700070470020704710B504694C2901D00C291D
:1028800004D1D6F73FFF2060002010BD6FF0850017
:10289000FBE7012800D170470220FCE7037831B143
:1028A000012B06D0022B07D04FF0FF330B60002026
:1028B000704700230B60FAE701230B60F7E780689D
:1028C000203820F00F002038704704280AD005284F
:1028D00003D1481E18BF01207047884214BF002052
:1028E000012070470120704789B138B514460D4664
:1028F0000AB9002038BDF6F715FF0023A34204D221
:10290000EA5C824205D10133F8E70120F2E70020BA
:1029100070470020EEE738B505460C461146012306
:102920002246F6F7A9FE00280FDB012221462846A1
:10293000FFF7DAFF18B103232370002006E02078A8
:10294000FFF7A7FF2070002000E0012038BD08B588
:102950008268203A22F00F02103AFFF7DCFF08BD30
:102960002DE9F04784B006460F4690461D46F6F71F
:10297000D0FE2C18013C40420440102C18D83046A0
:10298000F6F7D0FE82462A4641466846D7F756F902
:10299000621B51460DEB0500F2F758FF23466A46CD
:1029A00039463046F6F782FE20B904B0BDE8F0871C
:1029B000F7F775FD0120F8E700B583B08DF8042026
:1029C000012301AAFFF7CCFF03B05DF804FB08B5B3
:1029D00081682039012221F00F01FFF7EDFF08BDCA
:1029E00008B58268203A22F00F02FFF794FF08BD75
:1029F00030B587B004460D468168102302AA10390D
:102A0000F6F73AFE002839DB102202A92046FFF72C
:102A10006BFF48B303232B702046FFF750FF01469E
:102A200001230DF107022046F6F726FE002828DBD9
:102A30009DF8073003F00F026A701B092B71012209
:102A40000DF107012046FFF74FFF10B96B78042BFB
:102A500003D901236B7000232B71A91C2046FFF7BB
:102A600076FF30B101200AE002A8EBF79FFF287043
:102A7000D2E7E91C2046FFF7B3FF00E0012007B0D2
:102A800030BD0120FBE710B582B00C4601A9C0B2F1
:102A9000E0F7E8FF18B10124204602B010BD21463E
:102AA0000198FFF7A5FF04460198F6F7E4FDF3E768
:102AB00010B582B00E2A11D804460E2910D841EA6A
:102AC00002118DF80710FFF7FAFE014601230DF100
:102AD00007022046FFF744FF02B010BDF7F7DFFC06
:102AE000F7F7DDFC2DE9F04385B0044616460F46A6
:102AF00001B10E4602A92046FFF77AFF054618B13C
:102B0000284605B0BDE8F08301A92046FFF7C6FEC0
:102B100081469DF80880B8F1020F2BD0B8F1030F61
:102B20000DD0B8F1010F28D1002FE9D09DF80B305E
:102B3000032BE5D12046FFF74AFF0546E0E7002FCB
:102B4000DED12046EBF73EFF05460028D8D166B916
:102B5000002DD5D10EB94FF002085FFA89F2414637
:102B60002046FFF7A5FF0546CAE72046FFF72FFFDF
:102B70000546EDE71FB10425C2E7F7F790FC0325F2
:102B8000BEE708B501460020EBF7A2FF08BD08B577
:102B900003460020984708BD08B501F0EDFD08BDCB
:102BA00003460168D1B100B501E0196899B1B1FAE5
:102BB00081F0C0F11F000122824021EA0202D3E825
:102BC000EFCF8C4504D1C3E8EE2FBEF1000FF6D154
:102BD000EBD15DF804FB6FF00B00FAE76FF00B0030
:102BE00070470368CB4013F0010F11D100B50268A4
:102BF00001238B401343D0E8EFCF944504D1C0E8C4
:102C0000EE3FBEF1000FF6D1F1D100205DF804FBDC
:102C10006FF01500704710B41446B2B1030103F110
:102C2000A04303F54F23D3F808250A43C3F808252A
:102C3000BCB1000100F1A04000F54F20D0F80C35E8
:102C40000B43C0F80C3510BC7047030103F1A043DF
:102C500003F54F23D3F8082522EA0102C3F808251B
:102C6000E6E7000100F1A04000F54F20D0F80C3558
:102C700023EA0103C0F80C35E5E708B5FFF7CBFF01
:102C800008BDF8B517461E4600F160446518013DC1
:102C9000E40BED0B09E004F007013A46012000FACD
:102CA00001F1C4F3C700B0470134AC42F3D9F8BD19
:102CB00010B401F5A27150F8214024F4473424F4F3
:102CC0007C7440F8214050F8214041F6F07C0CEA39
:102CD000021C1B0403F440334CEA030C44EA0C04CA
:102CE00040F8214010BC704700B5A2F5807E4FEA45
:102CF0009E0E4FF0010C0CFA0EFC1CEA010F0DD0D9
:102D0000815809B900200AE00021815082581BB186
:102D10001A684CEA02021A60012000E000205DF807
:102D200004FBF0B583B007460D4616460024019417
:102D300009E0E2B2920001AB02F580722946384602
:102D4000FFF7D2FF0134B442F3D315F4003F02D1B0
:102D5000019803B0F0BD01AB4FF4A272294638468A
:102D6000FFF7C2FFF4E72DE9F04182B001908846F9
:102D700015461C46089F099E01A8ECF711F8019A18
:102D800002F1200350F82310B8F1000F31D04FF0BA
:102D9000010C8DB302234CEA030C7CB30C234CEAE8
:102DA000030C6FB34FF470634CEA030C56B34FF44B
:102DB00040334CEA030C21EA0C01B8F1000F23D098
:102DC00098F8003015B32D786D002B4304B32478A8
:102DD000A4002343F7B13C7824022343E6B13478BE
:102DE000240423430B43203240F8223002B0BDE8D4
:102DF000F0814FF0000CCCE70023CCE70023CEE7B6
:102E00000023D1E70023D4E70023DBE70025DCE73C
:102E10000024DEE70024E0E70024E2E700B585B007
:102E20008DF80F100DF10F030193002100910B4657
:102E30000A46FFF798FF05B05DF804FB00B583B0C4
:102E4000019001A8EBF7ACFFC068019BD84000F0EF
:102E5000010003B05DF804FB00B583B0019001A848
:102E6000EBF79EFF019B203350F82300C0F3014095
:102E700003B05DF804FB00B583B0019001A8EBF747
:102E80008FFF0123019A9340036203B05DF804FBB6
:102E900010B504460846EBF7D1FF083004EB4004B8
:102EA000A08800F0010010BD10B504460846EBF7FD
:102EB000C5FF083004EB4004A088C0F3401010BDEB
:102EC00010B504460846EBF7B9FF083004EB4004A0
:102ED000A08810F01C0018BF012010BD10B50446DA
:102EE0000846EBF7ABFF083004EB4004A088C0F3C2
:102EF000400010BD38B504460D46FFF7EFFF30B176
:102F000029462046FFF7D0FF18B1012000E000203D
:102F100038BD0020FCE708B5FFF7E0FF80F00100B6
:102F2000C0B208BD7047704710B504460846EBF7BD
:102F300085FF083004EB4004A088400B10BD032837
:102F400094BF002001207047002204E04FF0FF33BF
:102F50008B420FD00132222A0AD802F1080300EB7B
:102F600043039B8813F4807FF0D0C3F34323EFE740
:102F7000002070470120704738B504460D46FFF722
:102F800093FFB8B129462046FFF7C5FF90B1294607
:102F90002046FFF7C9FF226801238340C2F8183397
:102FA000226800F5A27052F8203023F0030342F8A3
:102FB000203003E000212846FFF730FF38BD0346EC
:102FC0000020002808DD4FF0FF30704703EBC004FD
:102FD000A468944206D10AE010B403EBC00464680C
:102FE0008C42F3D001300028F7DD4FF0FF3010BCE9
:102FF000704738B504460D460846EBF71FFF08300A
:1030000004EB4004A388C3F38203042B09D0052BEF
:1030100001D1022006E02846FFF710FF18B1032077
:1030200000E0032038BD0220FCE710B50446084646
:10303000EBF704FF083034F8103013F4807F04D02D
:10304000C3F3432304EBC30010BD0020FCE72DE9CC
:10305000F04184B004460D4616461F460846EBF77D
:10306000EDFE80463EB329462046FFF754FF28B1C7
:1030700029462046FFF718FF00283CD12946204664
:10308000FFF71EFF10B17378012B34D001238DF8A8
:103090000F30002301930096B31C721C0DF10F0139
:1030A0002846FFF760FE08F1080304EB43039A8803
:1030B00042F003029A80002F34D029462046FFF7C1
:1030C0002AFF88BB3E78236806F5A272002143F8E8
:1030D000221043F8221008F1080304EB43039A88F6
:1030E00022F02002D204D20C9A807B7833B90020DF
:1030F00004B0BDE8F0816FF01500F9E7BA780092EE
:103100002A4631462068EBF727FE08F1080804EB51
:103110004804A3887603B6B2334343F02003A38068
:103120000020E5E70020E3E76FF01500E0E7C1606D
:103130000261704770B504460E461546FFF7B4FEAF
:1031400050B13046EBF77AFE083004EB400083883C
:103150005B0B2B70002070BD6FF01500FBE790F843
:103160007400003818BF0120704770B504460D4642
:103170001646FFF799FE00B329462046FFF7CBFE1F
:10318000D8B129462046FFF7CFFE2268830003F519
:1031900080739BB20021D150D358226800F5A271F0
:1031A00052F8213043F0010342F82130BEB12268C9
:1031B00001238340C2F8143311E02368D3F81423A9
:1031C00012F4003F03D14FF40032C3F81423294610
:1031D0002046FFF70EFF01462846FFF71FFE70BD91
:1031E000F8B504460D461646FFF71FFF20B10768E5
:1031F000426831462846B847A3681BB1E2683146A9
:1032000028469847F8BDF8B507460E4614461D46B1
:103210001046FFF794FE60B9022D1DD00221304602
:10322000FFF7FCFD032C1BD0022D17D0032D1DD062
:10323000F8BD224631463846FFF7D2FF3046FFF749
:103240000BFEA842F4D100213046FFF7E7FD2946E6
:103250003046FFF7E3FDEBE70321E0E7012CE5D182
:10326000224631463846FFF7BBFFE1E7022CDFD1AB
:10327000F6E708B590F87500EBF7EAFDFFF790FC6C
:1032800008BD38B504460846EBF7D8FD00F1080341
:1032900004EB43039A8812F4807F0DD0C2F34325D8
:1032A00000F1080304EB430322F4F8529A80294604
:1032B0002046FFF749FE00B138BD04EBC5030022EC
:1032C0005A60294604F16000FFF78BFCF4E72DE912
:1032D000F0410546884616461F46FFF7D2FF1EB34B
:1032E0003A4631462846FFF76AFE041E15DB05EB19
:1032F000C4035E609F604046EBF7A0FD083005EB1D
:103300004005AB88E4B26402A4B2234343F4807363
:10331000AB8000242046BDE8F08105F16000FFF796
:103320003FFC041EE3DAF5E70024F3E72DE9F04360
:1033300085B005460E4617460846EBF77FFD044666
:10334000D7F80080B8F1000F20D031462846FFF7AB
:10335000D1FD00283FD100238DF80E308DF80F30BD
:103360000193009343460DF10F020DF10E0130461B
:10337000FFF7F9FC04F1080205EB4202938823F001
:1033800002039BB2938043F0010393807B68B3B147
:1033900093F80080D3F8049031462846FFF79EFD4D
:1033A000E0B1B9F1000F5FD1083405EB4404A38804
:1033B00023F01C039BB2A38043EA8803A380BA686E
:1033C000002A57D05368126831462846FFF77FFF1E
:1033D00005B0BDE8F0836FF01500F9E704F10803CC
:1033E00005EB43039A8822F02002D204D20C9A8083
:1033F000B9F1000FD8D0B8F1030F38D87B685B68FB
:1034000093F80090B8F1000F08D12B6809F5A27964
:10341000002243F8292043F82920C5E74046FFF75A
:1034200082FD0346296809F5A27C51F82C2022F080
:10343000030241F82C20324649462868FFF738FC41
:1034400009F1300305EB43039E8004F1080205EB0C
:10345000420293884FEA49391FFA89F943EA09037E
:1034600043F0200393809FE76FF01500B0E76FF003
:103470001500ADE70020ABE770B504460D46FFF739
:1034800013FD58B1266829462046FFF74DFD00F58B
:10349000A270002346F8203046F820302946204606
:1034A000FFF7EFFE2846EBF7C9FC083004EB4004B9
:1034B0000023A38070BD38B505460C46FFF7E8FC35
:1034C00060B121462846FFF757FD21462846FFF701
:1034D000D3FF2046EBF77CFC002038BD6FF01500D1
:1034E000FBE710B50C4690F87500EBF7B1FC2146F0
:1034F000FFF777FB10BD70B582B004460D4690F81B
:103500007500EBF7ABFC94F87430B3B9064646226D
:10351000002104F11400F2F799F9336800930023B5
:103520002A464FF400312068EBF7C6FC012384F8EB
:1035300074302366002002B070BD6FF07700FAE7A8
:10354000F8B507460D46144618E094FAA4F3B3FA0A
:1035500083F301229A4024EA020403F1300235F891
:10356000126003F5A27357F82300C0F30140FFF780
:10357000D9FC024631462846FFF732FE002CE4D142
:10358000F8BDF8B504460E4691F87100EBF766FCFD
:103590000746D4F81413C9B2026841F4003120463A
:1035A000FFF7BFFB054610F4003F05D12A46314620
:1035B0002046FFF7C5FFF8BD3A4631462046EBF7F7
:1035C000ADFC25F40035F1E708B5FFF7AFFE08BD07
:1035D00008B5FFF73CFD08BD08B5FFF7A8FD08BD1D
:1035E00008B5FFF7A7FD08BD08B5FFF784FF08BDC4
:1035F00008B5FFF7B4FD08BD08B5FFF75CFF08BDCF
:1036000008B5FFF76EFF08BD10B50C46FFF731FE99
:10361000002801DB2070002010BD08B5FFF7A5FDD4
:1036200008BD08B5FFF7A8FC08BD08B5014651F86C
:10363000040BFFF7A6FF08BDD0F8103543F00203D6
:10364000C0F81035C1B1D0F8482712F0010205D1F9
:10365000D0F8483743F00103C0F84837D0F8403776
:10366000D0F8443713F0804FF8D12AB9D0F8483752
:1036700023F00103C0F8483770470346002004E0F8
:1036800003F001021044C0B25B08002BF8D1704770
:1036900010B501248440EBF7E1FC2040003818BF4E
:1036A000012010BD10B501248440EBF7CFFC204071
:1036B000003818BF012010BD012303FA00F000F00C
:1036C0006700003818BF0120704710B50446FFF7A7
:1036D000F3FF28B12046FFF7E5FF20B1002010BD21
:1036E0004FF0FF30FBE76FF01500F8E7002367218C
:1036F0000AE091FAA1FCBCFA8CFC012202FA0CF25D
:1037000021EA02010133DBB28342F2D391FAA1F044
:10371000B0FA80F0704770B505460C461E46002290
:1037200001E00132D2B20B2A0ED84FEA820C0CF51E
:1037300080714FEA9C0C012303FA0CFC14EA0C0F75
:10374000EFD000236B50ECE7E420F6F727FD0EB135
:10375000C5F8244370BD08B54FF0FF31EBF7ECFC22
:1037600008BD08B5EBF7D8FC08BD08B5EBF712FDAE
:1037700008BDB2F1FF3F0ED0130B04D0A2F580526A
:1037800042F0004308E002F01F03520943EA02231B
:1037900043F0804300E0002351310901435070475A
:1037A000B2F1FF3F0ED0130B04D0A2F5805242F0CD
:1037B000004308E002F01F03520943EA022343F0EA
:1037C000804300E00023513100EB0110436070475B
:1037D00070B504460D461E46FFF7CBFF324629461C
:1037E0002046FFF7DDFF70BD00B5A2F5807E4FEAF1
:1037F0009E0E4FF0010C0CFA0EFC1CEA010F0DD0CE
:10380000815809B900200AE00021815082581BB17B
:103810001A684CEA02021A60012000E000205DF8FC
:1038200004FB38B50446012343600D4679B12A46AE
:1038300002212046EBF764FF0028F8D00023C4F8EB
:103840000831D4F80821C4F80C31D4F80C3138BD53
:1038500010B504460123C36059B10022102120464F
:10386000EBF74EFF0028F8D00023C4F80431D4F859
:10387000043110BD10B504460123036031B10022AC
:1038800001212046EBF73CFF0028F8D010BD10B511
:1038900004460123836031B1002220212046EBF74A
:1038A0002FFF0028F8D010BD70B50E4614461D46F7
:1038B000EBF7B8FFB0F1FF3F11D028604CB13046B4
:1038C000EBF7B0FFB0F1FF3F0CD0049B1860002075
:1038D00004E04FF0FF33049A1360002070BD6FF0D6
:1038E0001500FBE76FF01500F8E770B504460D46CC
:1038F0001E4611F0010F04D00023C0F80031D0F8AB
:10390000003115F0020F04D00023C4F80431D4F8BC
:10391000043115F0040F04D00023C4F80831D4F8A2
:10392000083115F0080F04D00023C4F80C31D4F886
:103930000C3115F0100F04D00023C4F81031D4F866
:10394000103115F0200F04D00023C4F81431D4F83E
:1039500014314FF0000C03E00CF1010C5FFA8CFC09
:10396000BCF1070F1AD84FEACC0202F58E7002F1B3
:103970001C01890801238B401D4202D000232350E3
:10398000235802F58C7118329208012303FA02F2CF
:103990001542E1D0002363506358DDE7C4F30830DB
:1039A000F6F7FCFB0EB1C4F8045370BD10B5044625
:1039B000EBF79EFF18B92046EBF76EFF10BD6FF0D6
:1039C0000F00FBE7034611F4806002D0D3F8280112
:1039D00020BB11F0020F02D0D3F8042132BB11F04A
:1039E000200F02D0D3F8142142BB11F0006F02D097
:1039F000D3F86C2152BB11F4801F02D0D3F85021B0
:103A000062BB11F4804F02D0D3F8382172BB11F49D
:103A1000005F02D0D3F8342182BB70470022C3F884
:103A20002821D3F828214FF48060D2E70022C3F880
:103A30000421D3F8042140F00200D0E70022C3F8AB
:103A40001421D3F8142140F02000CEE70022C3F85F
:103A50006C21D3F86C2140F00060CCE70022C3F861
:103A60005021D3F8502140F48010CAE70022C3F857
:103A70003821D3F8382140F48040C8E70022C3F849
:103A80003421D3F8343140F40050C6E738B501236F
:103A90008362B1B104460D464B680BB90123436004
:103AA000002040F2024318420BD12A4640F2224144
:103AB0002046FFF787FF10F0200FF2D0012363604C
:103AC000EFE738BD0123036500293FD070B50546F7
:103AD0000E464B680BB901234360002040F20243BD
:103AE00010EA030431D1324640F222412846FFF762
:103AF00069FF10F0200FF1D0D5F83831ABB9D5F807
:103B0000001201222A616A602046002BE6D011F4DF
:103B1000807FE3D0D5F828010028DFD00023C5F846
:103B20002831D5F828312046D8E70023C5F83831A8
:103B3000D5F83831D5F8001211F4007F02D04FF4D7
:103B40008043E2E74FF48043DBE770BD70470346F4
:103B500010F0010F0AD16FF08B0013F0020F01D0AB
:103B60006FF00D0013F0040F03D170476FF08A005F
:103B7000F3E76FF00A00F8E7034691F82020032AE4
:103B800038D8DFE802F0293016028A6812F4806F14
:103B900004D0D3F84427086990420FD18A6812F400
:103BA000806F29D1D3F844278969914206D1012039
:103BB0007047D3F844270869904206D00020C3F824
:103BC00000050622C3F800257047D3F80C27896941
:103BD0009142F3D101207047D3F8442709699142FB
:103BE000ECD101207047D3F80C2709699142E5D147
:103BF00001207047012070470120704770B582B0E6
:103C00000446C37B0BB1837B0BB9A37B13B10120AB
:103C100002B070BD002501950826009603232A46B0
:103C200029462068ECF7A2FA0195009603232A465C
:103C300029466068ECF79AFAE9E730B585B00D6877
:103C400000954C6801948A680292C97B8DF80C102B
:103C5000036819B9C3F80056C3F80446C3F824250D
:103C6000436823B10068C0F30830F6F797FA05B04F
:103C700030BD38B50D4690F82610E1B904464260D3
:103C800083600023C36080F8293080F828306DB14C
:103C9000AB7B80F82B302846FFF7B0FF70B16B7B11
:103CA00084F82A3029462046FFF7C7FF012384F80D
:103CB0002630002038BD6FF07700FBE76FF015006D
:103CC000F8E703680622C3F80025022380F82630AF
:103CD000704708B513460A4650F8041BECF768FA1B
:103CE00008BD00B583B0019001A8ECF7B1FC019AC2
:103CF00001239340436003B05DF804FB00B583B03B
:103D0000019001A8ECF7A4FC019A01239340836081
:103D100003B05DF804FB00B583B0019001A8ECF797
:103D200097FCC068019BD84000F0010003B05DF82B
:103D300004FB70B5036A9A685C68944204D30BB1C3
:103D40000122DA60002070BD002202745A6801323C
:103D50005A60036A5A68013A1B6802EBC20C0246B9
:103D600003EB8C0300F1200C166855689468D2F8B8
:103D70000CE01E605D609C60C3F80CE010321033F4
:103D80006245F1D112681A6081600120DBE7F0B56D
:103D90008BB004460D4616460DF1040C8646BEE86F
:103DA0000F00ACE80F00BEE80F00ACE80F00DEF833
:103DB0000030CCF80030226A5368002B42D0013B1F
:103DC00015F0010F24D015F0040F07D1116803EB93
:103DD000C30001EB8001097C002939D1126803EB93
:103DE000C30302EB8303224603F120011F68D3F8CB
:103DF00004E0D3F808C0D8681760C2F804E0C2F83D
:103E000008C0D060103310328B42EFD11B681360B2
:103E100015F0020F03D0226A5368013B5360039BE5
:103E2000B3421AD815F0040F01D0019B236015F09E
:103E3000080F18D0143406AB93E8070084E8070095
:103E4000012003E00AB10223D36000200BB0F0BDD3
:103E50000AB10F23D3600020F8E7236A0BB10422D4
:103E6000DA600020F2E70120F0E710B402601A44A3
:103E7000C260019B83600023037403758361036246
:103E8000012917D901EBC1039B00243BC218026230
:103E90000022C250036A8C1E9C60036A5A60036A47
:103EA000DA60036A1A74036A5A74022902D9036A2F
:103EB0002430186010BC7047182871F1000312D329
:103EC000B0F5807F71F100030FD3B0F5803F71F141
:103ED00000030CD34FF0FF3383424FF000038B41BC
:103EE00007D3052070470120704702207047032048
:103EF00070470920704730B583B000240025CDE914
:103F00000045082902D9002003B030BD0A46014609
:103F10006846D5F793FEDDE90001FFF7CDFFF3E733
:103F20000246002000E00130884202D2135C002BE0
:103F3000F9D1704717280BD9A0F11803DBB2032B76
:103F400001D90F2070471838012303FA00F0704799
:103F5000002070470268C3689A4201D2012070476E
:103F6000036A0BB10822DA600020704738B50446B6
:103F70000D46FFF7EFFF48B123681B78B5EB531FE1
:103F800004D0236A0BB10A22DA60002038BD4368EE
:103F90000360836801338360036A03B1D9607047AB
:103FA000002308E0A2EB030C0CF1FF3C11F80CC05D
:103FB00000F803C001339342F4D3704708B5C368D7
:103FC00002689B1A8B4201D3012008BD0821FFF72C
:103FD000DEFF0020F9E710B50446FFF7BBFF40B154
:103FE00023681A78FF2A05D0236A0BB10A22DA6007
:103FF000002010BD01332360FBE72DE9F04F83B0B3
:104000000446019115461F46FFF7A4FF064620B35C
:10401000A368EBB1D4F8009099F800A00AF01F084B
:10402000B8F11F0F1DD04046FFF784FF0746B8F1D7
:104030001B0F2CD8A84230D800F1010BD944E368FB
:10404000994530D9236A0BB10822DA60002604E0D2
:10405000236A0BB10322DA600026304603B0BDE8C4
:10406000F08F002FDFD0236A0BB11A7C5AB90123DD
:104070003B7000272368636001373B442360A368DB
:10408000013BA360E9E71522DA600026E5E7236A31
:104090000BB10722DA600026DFE7236A0BB10522A5
:1040A000DA600026D9E72A460021DDF80490484668
:1040B000F1F7CCFB17B989F80080DBE721683A46B5
:1040C00001310198FFF76CFF236A002BD2D01B7CD3
:1040D000002BCFD00AF10703DBB2022BCAD9294645
:1040E0000198FFF708FF8345C4D0236A0BB115225E
:1040F000DA600026B1E738B505460C461146FFF7F1
:1041000035FF00B938BD00230422A1182846FFF767
:1041100074FF0028F6D02B682360F3E738B5044617
:104120000D46FFF7E8FF08B9002038BD6968204652
:10413000FFF744FF0028F8D1F6E738B504460D46EE
:10414000FFF7ECFF18B123686A681344236038BD99
:1041500010B582B0044600238DF80330FFF706FF48
:1041600008B902B010BD0DF1030304220DEB0201EA
:104170002046FFF742FF0028F3D09DF8033043B9F3
:1041800001992046FFF7D5FD30B19DF80330237526
:10419000E7E76FF00F01F4E763682360A36801337A
:1041A000A360DEE710B50446037D3BB1FFF713FFC4
:1041B00048B1002323754FF0FF3200E000220721B1
:1041C0002046FFF7E4FD10BD70B504460D461646C7
:1041D0000021FFF7CBFE00B970BD0023324629460F
:1041E0002046FFF70AFFF7E708B50422FFF7ECFFC8
:1041F00008BD08B50422FFF7E7FF08BD08B5022295
:10420000FFF79BFF08BD08B50322FFF796FF08BD27
:1042100038B504460521FFF79BFF40B1257D35B930
:10422000A3686FF00042934202D25B00A36038BDE6
:1042300005212046FFF7ABFE2846F8E7037D1BB9B2
:10424000836853B1002070470368C268934206D266
:104250001B78FF2B05D000207047012070470020FD
:1042600070470120704708B5FFF79CFF08BD70B587
:1042700004460D460721FFF779FE50B123681E78EA
:1042800006F01F06182E05D9236A0BB10A22DA6040
:10429000002070BD0023012229462046FFF7ADFE15
:1042A0000028F6D0182EF4D12B781F2BF1D8152129
:1042B0002046FFF76CFE0020EBE730B583B00546E3
:1042C0000C460DF10701FFF7D2FF58B19DF80730FA
:1042D000143BDBB28DF80730012B05D8003B18BF2B
:1042E0000123237003B030BD0A212846FFF74FFE9B
:1042F0000020F7E738B504460D460621FFF736FEE5
:1043000000B938BD0023042229462046FFF775FE78
:104310000028F6D0A3680133A360F2E7F0B58FB0B0
:104320000546FFF717FE064610B930460FB0F0BD40
:104330002B681C78640900220023CDE90C23AC46CD
:1043400003AE05F12007B646DCF80000DCF80410E7
:10435000DCF80820DCF80C30AEE80F000CF1100C93
:104360007646BC45EFD1DCF80000CEF80000062C04
:1043700011D101A903A8FFF7BDFF50B1039B069A15
:10438000934202D21C786409F1E72B6A0BB1082230
:10439000DA600026C9E700238DF80B30231FDBB25B
:1043A000012B1FD9002308220CA903A8FFF725FE23
:1043B00006460028B9D0042C24D016D8A31EDBB2A0
:1043C000012B09D80C992846FFF7F8FD002842D0A8
:1043D000039B0C9A13440393039B2B60AB68013B34
:1043E000AB60A2E70DF10B03DDE7052CF4D10C9BCC
:1043F0000D9AB3F1004F72F100011BD2DB1852414C
:104400000C930D929DF80B3023B16FF00F0000213B
:10441000CDE90C010C9A05928DF8203003A8FFF726
:104420000DFF68B9002103A8FFF778FF0028F5D138
:1044300006467AE72B6A0BB10522DA60002674E79C
:104440009DF80B30002BC7D003A8FFF7C4FD002850
:10445000C2D1064669E7064667E700B585B0DDF8D4
:1044600020C0CDF808C0DDF81CC0CDF804C0DDF8D0
:1044700018C0CDF800C0FFF7F8FC05B05DF804FBEC
:104480000238062805D8DFE800F01206080A0C0EEC
:104490001000002070470220704702207047032060
:1044A00070470320704703207047032070470120A6
:1044B000704738B108B5FFF7E3FF00F11801C9B242
:1044C000084608BD084670470368D0F80CC063452D
:1044D00009D202F01F0242EA411119700368013348
:1044E000036001207047036A0BB10822DA600020E4
:1044F0007047F8B5054616461C460368621C13440F
:10450000C268934205D9036A0BB10822DA60002021
:10451000F8BD0F4631782046FFF7CBFF02463946FB
:104520002846FFF7D1FF30B9F2E7013C2B685A1C4F
:104530002A60325D1A70002CF7D1AB680133AB6092
:10454000E6E708B511461F22FFF7BEFF08BD08B514
:104550001F220721FFF7B8FF08BD70B505460E46BC
:10456000144619461046FFF7C6FC431E2246314644
:104570002846FFF7BEFF70BD70B505460C461646CF
:104580000B6853B104216018FFF7B5FC6368184449
:104590002B681844EB68984206D80423E218314689
:1045A0002846FFF7DAFF70BD2B6A0BB10822DA60EC
:1045B0000020F8E770B504460D460168C3689942CB
:1045C00009D268685B1A98420CD9236A0BB1082299
:1045D000DA60002604E0036A0BB10822DA600026E4
:1045E000304670BD29462046FFF7C6FF0646002824
:1045F000F6D020682968884202D06A68F1F73EF850
:1046000023686A6813442360EAE7082A0ED810B5C5
:1046100082B00C4613468A1812F9012C002A1BDBC3
:1046200000212246FFF799FF02B010BD036A0BB1CB
:104630000522DA600020704714F80CE06FEA0E0ED5
:104640000CF108026A4402F808EC0CF1010C9C45DC
:10465000F2D36C460121E4E74FF0000CF7E708B510
:1046600013460A460021FFF778FF08BD00B583B066
:10467000019104220DEB0201FFF7C7FF03B05DF8C3
:1046800004FB00B583B0019104220DEB0201FFF79A
:10469000E6FF03B05DF804FB00B583B0019104228E
:1046A0000DEB0201FFF7DBFF03B05DF804FB08B57B
:1046B0000222FFF77FFF08BD08B50322FFF77AFF4C
:1046C00008BD00B583B0009101926946FFF7F4FF81
:1046D00003B05DF804FB38B505460C46114620468C
:1046E000FFF71EFC024621462846FFF7EAFF38BDC9
:1046F00008B50422FFF725FF08BD08B50522FFF71E
:1047000020FF08BD08B50422FFF721FF08BD08B54A
:104710000522FFF71CFF08BD08B50B78183BDBB27C
:10472000072B05D8036A0BB11522DA60002008BDFB
:1047300001230A460721FFF710FFF8E700B583B011
:104740008DF807100DF10701FFF7E6FF03B05DF8E4
:1047500004FB08B519B11521FFF7F0FF08BD1421BE
:10476000FAE710B584B0002402940194069C0094EA
:10477000FFF77BFB04B010BD00B9704708B5F6F732
:1047800040F808BD38B5044643699BB198470546D3
:1047900030B100280CDBFF2D00DDFF25E3681D7024
:1047A000E268537843F0010353702DB1684238BD7D
:1047B0004542F0E70025F3E72046F4F754FFF5E71C
:1047C00060B1C3685A7812F0010F03D01B781BB197
:1047D000002070470020704701207047002070477C
:1047E000EFF31183402383F31288BFF36F8FFEE74B
:1047F00008B5FFF7F5FF10B500F10C04C4600461C3
:10480000F3F77DFB10BD38B50446EFF31185402367
:1048100083F31288BFF36F8FF3F709FB04F10C00E9
:1048200000F02CFD20B985F31188BFF36F8F38BDE0
:10483000294604F1140000F0F9FCF8E770B444696B
:1048400014B3836844EA030212F003021FD1016922
:104850000025A4FB011686B9E5B95B180FD2E5B9AE
:104860000021C1601B1B016991420AD9C16819600E
:10487000C36041695B1A0132F5E70125ECE70125C8
:10488000EDE7002070BC70476FF01500FAE76FF09D
:104890001500F7E76FF01500F4E76FF01500F1E78A
:1048A000012070472DE9F04104460D46FFF7F8FF5F
:1048B00098B1EFF31186402383F31288BFF36F8F13
:1048C000E3689BB12B60E560A369013BA36186F3BC
:1048D0001188BFF36F8FBDE8F081002383F3118847
:1048E000BFF36F8F0423184602DFF4E72768BC424A
:1048F000E8D0002FE6D07A683B6813605A604FF02A
:104900000008C7F80080C7F804803B7C23F002034E
:104910003B74C7F8088007F1180000F0C7FDC7F81E
:10492000B4807D61384600F0F0FB314604F10800A8
:1049300000F07CFCCFE708B5EFF31183402383F34D
:104940001288BFF36F8FF5F753FCF5E700BF704790
:10495000884200DA014611F1800F01DB08467047FA
:104960006FF07F00704708B5806890F90E308B4279
:1049700001D1002008BDECF785FEFBE703460020CF
:104980009860D8601B605B6070470B6803F003039E
:104990000B60426832B1136803F003030B431360EA
:1049A0004160704741600160704708B591B18C4625
:1049B000096803291AD921F00301136803F00303DE
:1049C0000B431360DCF8003003F003031343CCF80F
:1049D000003008BD0168136803F003030B43136044
:1049E00002604368002BF4D14260F2E71146FFF702
:1049F000CCFFEEE708B50022C0F8B420416100F01A
:104A000084FB08BD2DE9F8430546894617469DF805
:104A10002020EFF31188402181F31288BFF36F8FBC
:104A200046460AB1D0F8049005F10802AC68A242EB
:104A30001CD0DCB16268236813605A6000262660CF
:104A40006660237C23F002032374A66004F118003F
:104A500000F02CFD39462046FFF7CCFF414605F11A
:104A6000080000F0E3FB3046BDE8F88363B900239B
:104A70003B603A4649462846FFF797FF002086F3F9
:104A80001188BFF36F8FEFE70820EDF7DDFB20B152
:104A90004760012202600746EBE76FF00B00EEE78C
:104AA00060B1036813F0030F08D010B5446809B96A
:104AB000204610BD00F064FE2046FAE77047002350
:104AC0000360436000F108038360C360704700B572
:104AD00083B00A460123009300231946FFF792FF93
:104AE00003B05DF804FB00B583B00A4600210091D5
:104AF0000B46FFF787FF03B05DF804FB10B5EFF33B
:104B00001184402383F31288BFF36F8F0021006864
:104B1000FFF7C6FF84F31188BFF36F8F10BD3AB162
:104B20008A4208D38160C260006040600020704704
:104B30006FF0150070476FF0150070470B4621B1FC
:104B4000096851B111601A60704703681360026010
:104B50004368002BF8D1426070470023136043681C
:104B600013B11A60426070474260026070470B46A2
:104B700039B11168196041688A4209D00023136075
:104B800070471368036041688A42F7D14360F5E7D4
:104B90004360F3E708B50A460368002101E01946BF
:104BA0001B682BB19342FAD1FFF7E1FF012000E02F
:104BB000002008BD704708B5CB6823F00402CA6026
:104BC00013F0040F00D108BDBC30FFF7E3FFFAE794
:104BD00010B50446C36813F0020F09D0E36813F060
:104BE0001F0004D043F00202E26040F0020010BD5A
:104BF00001468068FFF7DFFFF0E730B108B500221B
:104C00001146C43000F08FFB08BD0020704770B51E
:104C10000D46C36813F0020F22D1044613F0040FAF
:104C200023D10B68ABB1E36813F0010F14D0A36874
:104C30002B60022621462868ECF7E0F8002811DBFB
:104C4000E36843F00403E3602B68A36036B13046A9
:104C50000AE083680B60E6E70126EBE7304601E0F7
:104C60006FF00F0000232B6070BD0020FAE710B535
:104C700082B0EFF31184402383F31288BFF36F8F68
:104C80000023019302694369B3F1004F08BF012A71
:104C900005D084F31188BFF36F8F02B010BDA0F16F
:104CA000100C50F8043C23F0080240F8042C13F0D8
:104CB000080F04D184F31188BFF36F8FEDE7836988
:104CC000019301A96046FFF7A2FFF3E708B5EFF3F0
:104CD0001180402383F31288BFF36F8FECF776FDCA
:104CE00008BD10B50346C268C2F3400412F0020FBB
:104CF00001D1204610BD08461946ECF7BFF8F8E789
:104D000008B5C36823F01003C3601030EBF7CAFF87
:104D100008BD08B50346C268C2F3C00022F008010E
:104D2000D96012F0080F00D108BD03F1100000F0A7
:104D3000BDFBB0FA80F04009F6E710B50446FFF776
:104D4000E8FF2046FFF744FF10BD002303604360E7
:104D50008360C3604160704770B505460E461446D7
:104D60001046ECF77DF9F36813F0040F08D1D5F87D
:104D7000BC302360C5F8BC40D5F8C0303BB170BD35
:104D80002246314605F1BC00FFF7D8FEF7E7C5F82B
:104D9000C040F4E738B5C36803F00503002B14BF27
:104DA0000124002401D1204638BD85680A46014609
:104DB0002846FFF7D1FF2846FFF71FFFF3E7EFF381
:104DC0001183402282F31288BFF36F8FC06800F016
:104DD0001F0083F31188BFF36F8F704710B582B047
:104DE00001900846EFF31184402383F31288BFF348
:104DF0006F8F01A9FFF70BFF84F31188BFF36F8F4B
:104E000002B010BD10B5FFF7E9FF041E01DC20461B
:104E100010BDFFF75BFFFAE770B50D46EFF31186A3
:104E2000402383F31288BFF36F8FFFF7B3FF04466D
:104E300086F31188BFF36F8F08B9204670BD05F166
:104E400010004FF0FF324FF0FF33EBF761FFF4E754
:104E500010B5EFF31184402383F31288BFF36F8FF3
:104E6000FFF7B6FE84F31188BFF36F8F10BD08B54E
:104E7000D8220021F0F7EAFC08BD38B504460D46FB
:104E800030220021F0F7E2FC65604FF48073E360AC
:104E900038BD10B582B00190EFF31184402080F34B
:104EA0001288BFF36F8FC86810F01E0F06D0002065
:104EB00084F31188BFF36F8F02B010BD01A8ECF727
:104EC000B5F8F5E7F0B583B001900C4616461D46DF
:104ED000EFF31187402383F31288BFF36F8F0846E7
:104EE000FFF717FF32462B46214601A8ECF79EF844
:104EF00087F31188BFF36F8F03B0F0BD10B5EFF3E8
:104F00001184402383F31288BFF36F8FFFF715FFDF
:104F100084F31188BFF36F8F10BDF8B50D46EFF322
:104F20001187402383F31288BFF36F8FC36803F0A8
:104F30001F03002B14BF0126002607D1002087F392
:104F40001188BFF36F8F48B93046F8BD0446FFF7AC
:104F5000F4FE29462046FFF7C4FEF0E705F10800FD
:104F60004FF0FF324FF0FF33EBF7D2FEECE7F8B52E
:104F700005460E46D41D24F007040F192246AA2127
:104F80003046F0F763FC39462846DFF7ADF8C31D1D
:104F900023F00703C5F89C60C5F8A040C5F8A4300D
:104FA000F81AF8BDEFF30580003818BF01207047EC
:104FB00090F90E0070477C30704710B40024846074
:104FC000838102748173C4738461C46110BC7047AF
:104FD000F0B587B00446129E139D00270597109FD9
:104FE00004970F9F03970E9F02970D9F01970C9FA9
:104FF0000097ECF717F9B5F1FF3F08BFB6F1FF3F97
:1050000002D1204607B0F0BD32462B462046ECF7D1
:10501000E9F8F6E710B400231C4601E0013401333F
:105020008B4204D210F803C0BCF1AA0FF6D0146072
:10503000002010BC704708B50A46D0F8A010D0F880
:105040009C00FFF7E7FF08BD0020704738B5044615
:105050000D46ECF7E5F9237C43F00203237425B3F6
:10506000A5602B689D4207D1002305E019466A68B8
:10507000934215D01B687BB993B194F90E1093F944
:105080000E209142F2D0521A002AEFDD5A68626077
:10509000236014605C6008E00029EDD10B46EBE76B
:1050A0006B68256063601C606C6038BD70B5064637
:1050B000046884421AD0DCB16268236813605A60C5
:1050C000002525606560237C23F002032374A5601E
:1050D00004F1180000F0EAF9C4F8B4502046ECF7E7
:1050E00047F93468A642E6D10024E4E70024E2E769
:1050F00070BD70B5044616461D46FFF7A7FF324641
:105100002B462046ECF74EFA70BD38B50446002316
:10511000EFF31185402282F31288BFF36F8F04E012
:1051200085F31188BFF36F8F012343B92046FFF742
:105130008BFF0028F4D12046ECF71AF9F0E738BDD0
:105140000023EFF31181402282F31288BFF36F8FA7
:1051500004E081F31188BFF36F8F01237BB983686B
:10516000002BF6D04268036813605A600023036086
:105170004360027C22F0020202748360E9E7704718
:1051800008B5037C13F0280F13D183685BB1426824
:10519000036813605A60002303604360027C22F0BE
:1051A000020202748360037C23F004030374ECF7AF
:1051B000DFF808BD38B5A0F118050023EFF311841E
:1051C000402282F31288BFF36F8F07E02846FFF773
:1051D000D7FF84F31188BFF36F8F0123002BF5D025
:1051E00038BD01460023EFF3118C402282F3128870
:1051F000BFF36F8F184605E000208CF31188BFF3D2
:105200006F8F01238BB908688142F5D00028F4D054
:105210004268036813605A60002303604360027CA5
:1052200022F0020202748360E7E7704708B5ECF7EA
:1052300085F808BD38B505460468844201D00020D1
:1052400002E00024FBE70120BCB162682368136020
:105250005A60002323606360227C22F002022274E1
:10526000A36004F1180000F021F92046ECF780F863
:105270002C68A542E7D10024E5E738BD10B5EFF36F
:105280001184402383F31288BFF36F8FFFF7D2FF9F
:1052900084F31188BFF36F8F10BD031D43608360DB
:1052A000704738B504460D46ECF746FB02462046EB
:1052B000B5F1FF3F08BFB4F1FF3F26D0D1174FEA49
:1052C000411C4CEAD26C53019B1A6CEB010C4FEA67
:1052D0008C0C4CEA937C9B00981841EB0C01C900A4
:1052E00041EA5071C00047F61123C01847F6122258
:1052F0004FF0000341F10001D4F766FDB0F1004F1B
:1053000071F1000101D36FF0004038BD08B5C3173B
:105310001F3043F10003400940EAC360C117ECF7B6
:105320000BFB400108BD2DE9F041054688461746B4
:105330000023EFF31186402282F31288BFF36F8FB0
:10534000184604E086F31188BFF36F8F0123F3B989
:105350002C68A542F6D0002CF4D0C4F8B480676164
:105360006268236813605A6000232360636094F8C6
:1053700010C02CF0020C84F810C0A36004F11800D7
:1053800000F094F82046EBF7F3FF0120DAE7BDE8E0
:10539000F0812DE9F04780460F4691461D460023D7
:1053A000EFF3118A402282F31288BFF36F8F1E46FB
:1053B00029E000202EE0044606E0044604E0002434
:1053C00002E0234620461C4690B12946B8470646CF
:1053D00070B9002CF5D0D8F804309C4206D0236870
:1053E000002BEFD0002CEDD12346EBE70023E9E7BB
:1053F000B9F1000F02D029463046C8478AF3118818
:10540000BFF36F8F012393B9D8F800008045D0D047
:105410000028D0D00028D0D0D8F804309842CED080
:105420000468002CD0D00028CED10446CCE730460A
:10543000BDE8F08700B583B0002200921346ECF778
:1054400039FC03B05DF804FB10B50446ECF78AFCA8
:1054500048B102460369416920691B18606941EB44
:105460000001136151616268236813605A60002370
:105470002360636010BD10B50446ECF769FC78B199
:10548000036942691B1B62EBE472B3F1004F72F1D6
:10549000000108DA002A01DB184610BD0023FBE7F3
:1054A0006FF00040F9E76FF00040F6E72DE9F041BA
:1054B00004460025EFF31187402383F31288BFF3DE
:1054C0006F8F6FF0150014E0ECF758FCFFF7D3FF77
:1054D0000021E8F715FE404606E022696369B3F152
:1054E000004F08BF012A18D087F31188BFF36F8FD0
:1054F0000125A846BDB92368002BEED0ECF728FCA7
:1055000006462046FFF7A0FF00224FF00043C4E903
:105510000423A642D8D02846E6E700224FF00043F5
:10552000C4E90423E0E7BDE8F08108B5ECF72EFDFF
:1055300008BD08B5ECF72AFD08BD70B50646B3F105
:10554000FF3F08BFB2F1FF3F09D015461C4653EAA2
:1055500002010CD100220023C0E9002305E04FF036
:10556000FF324FF0FF33C0E90023304670BD002BFF
:1055700009DA6FF00101891A4FF0FF3262EB030381
:1055800001604360F1E7ECF701FD2B462246012D57
:1055900074F1000401DA01230022C01841EB02017A
:1055A00030607160E1E7F8B50546B3F1FF3F08BF31
:1055B000B2F1FF3F0AD014461F4657EA02030CD14E
:1055C00000220023C0E900232846F8BD4FF0FF3237
:1055D0004FF0FF33C0E90023F6E7ECF7D7FC0346B2
:1055E0000A46A042B94105D2E61A67EB02022E60D4
:1055F0006A60E9E700263246F9E701624262002369
:10560000036300F118028261C26103604360436377
:10561000704703460840012A00D070478342FCD0FF
:105620000020FAE770B504460D46466E06F001020A
:105630000968006EFFF7EDFF80B1206616F0040FD9
:1056400002D06A6802436A6004F11800FFF72EFF77
:105650000023C4F8B4302046FFF792FD002070BD4F
:105660002DE9F04F85B0DDF838800F9F0E4619B94F
:10567000304605B0BDE8F08F0546144602F0010A39
:10568000ECF7BCF90390EFF3118B402383F31288FE
:10569000BFF36F8F14F0020F01D00023AB60D5F879
:1056A0000890524649463046FFF7B3FF824640B95C
:1056B00057EA080311D18BF31188BFF36F8F0646A9
:1056C000D6E714F0040F02D029EA0003AB608BF395
:1056D0001188BFF36F8F5646CAE7039B1E661E46AE
:1056E0005C66CDF8008001972A46594605F10C000A
:1056F000EBF7ACFF08B9366EBAE75646B8E70023B9
:10570000836000604060704708B50A46ECF760FDB2
:1057100008BD08B54FF0FF32ECF75AFD08BD08B5DB
:105720000A460021ECF754FD08BD10B582B042B125
:105730000222DDE90434CDE90034FFF791FF02B025
:1057400010BD0022F5E738B504460020043213D21C
:10575000A0B941F00401EFF31185402080F31288D5
:10576000BFF36F8F2046984785F31188BFF36F8F83
:1057700008B140F8044B38BD0120E9E70020FAE702
:1057800030B108B5011F50F8040CFFF73CF808BD14
:105790007047704708B5FFF7F1F808BD08B54FF03E
:1057A000FF324FF0FF33EBF76FF908BD08B5EBF7A9
:1057B000EBF908BD00207047704710B5044608B1EA
:1057C000ECF750FF2046ECF73BFF10BD00F4E04043
:1057D000B0F5805F06D0B0F5005F01D000207047C3
:1057E0000120704701207047036823F0031323F45E
:1057F0007F430BB9002070476FF0860070470B881D
:1058000013B10288934206D14B883BB14288934240
:1058100006D1002070476FF0860070470020704767
:105820006FF086007047C26841880388002A7CD0E8
:1058300000297CD003F44F42B2F5824F02D0B2F57A
:10584000884F76D1DBB2123B302B75D8DFE803F0FE
:1058500022747474741974747474747474747474B5
:10586000447474747432747474747474747454748A
:1058700074747474747474747474747474747466F6
:105880006600C0295BD0E1295BD0B1F5807F5AD199
:1058900000207047C02959D0E02959D0B1F5807F48
:1058A00058D0B1F5C07F57D040F20923994255D165
:1058B00000207047E92954D0EF2954D040F21B133F
:1058C000994252D040F29913994250D040F23B2372
:1058D00099424ED100207047E9294DD040F21B1368
:1058E00099424BD040F29913994249D040F23B2360
:1058F000994247D100207047C02946D0E02946D0C0
:10590000B1F5807F45D0B1F5A07F44D0B1F5C07F1F
:1059100043D0B1F5007F42D100207047FF2941D02C
:10592000B1F5E07F40D10020704700207047002093
:1059300070476FF0850070476FF08500704700205A
:105940007047002070476FF0860070470020704756
:105950000020704700207047002070476FF08600DD
:1059600070470020704700207047002070470020DB
:1059700070476FF086007047002070470020704726
:10598000002070476FF086007047002070470020AD
:1059900070470020704700207047002070476FF06C
:1059A00086007047002070476FF086007047002324
:1059B0001A4604E010F803C04CEA020201338B429D
:1059C000F8D30AB1002070476FF086007047994203
:1059D00011D870B50C4616461D460A46014630469B
:1059E000D4F72CF92A1B00213019EFF72FFF049B65
:1059F0001C60002070BD6FF08900704752B108B57F
:105A0000944601B10023ACEB030221211844EFF7C7
:105A10001DFF08BD70472DE9F041884614461F461A
:105A2000EDF7D0FC054650BBD8F80060318801F492
:105A3000E043B3F5804F13D0B36834EA030316D1C3
:105A4000EFB1B4F5006F0ED0B4F5005F0DD02B466A
:105A50003A4606F10800ECF7FBFF054678B108E08E
:105A600024F00104E8E70125F1E70125EFE76FF0F5
:105A700084050023C8F800303046EDF70FFD2846B6
:105A8000BDE8F08170B5044645684669284600F0D7
:105A900068FC68B915F0FF0F0BD1AEB904F108002E
:105AA000FFF7A2FE20B962884FF6F8739A420ED82B
:105AB00070BD721E6FF040439A42EFD3B6F1804F33
:105AC000ECD26FF08600F3E76FF08600F0E76FF03E
:105AD0008500EDE72DE9F04389B00D46174698465D
:105AE000119EDDF84890139B00228DF81B20E3B136
:105AF0004FF480622B4607A9FFF78DFF0446B8B12B
:105B0000C9F8006000238DF81B30D9F80030324608
:105B100021461098FFF772FF0798EDF7BFFC04B914
:105B20000446204609B0BDE8F0834FF40062E1E787
:105B30000DF11B0207992846EDF758F80446002896
:105B4000DED19DF81B30B34202D96FF08904D7E74C
:105B50000798416A826ACDF810900393109B0293D4
:105B6000CDF8048000972B46EDF7B4FD04460028DD
:105B7000CBD0C5E741F20623984217D8B0F5905F25
:105B800009D241F2010398421CD0B0F5885F19D0C8
:105B90006FF085007047A0F5905080B26923C34034
:105BA00013F0010F0ED16FF085007047B0F5105F54
:105BB0000DD180290ED0C0290ED0B1F5807F0DD136
:105BC0000020704711F0070F0BD1002070476FF0D5
:105BD0008500704700207047002070476FF08600F6
:105BE00070476FF08600704738B504460D46FFF7E2
:105BF000EDFD20B129462046FFF7BCFF38BD04F477
:105C00004F43B3F5824F07D104F4E044B4F5E04FBD
:105C1000F4D06FF08500F1E76FF08500EEE738B55E
:105C2000436A4BB904460D460120ECF701FD606262
:105C300028B1A562002038BD6FF08A00FBE76FF045
:105C40008C00F8E7F8B504460088BAB10E461F4646
:105C50001546FFF7BBFDA0B1E900089B196020883D
:105C6000FFF788FF044608B12046F8BD2A463146B2
:105C70003846D3F7E3FF079B1D60F5E76FF0850417
:105C8000F2E76FF08504EFE710B50446406A10B103
:105C9000A16AFFF792FD00206062A06210BD38B5D6
:105CA0000446FFF7F1FF0546237F012B0BD05AB2C4
:105CB00092B1023BDBB2012B11D8236A012B04D035
:105CC0006FF0960501E0236A63B92C22002120467B
:105CD000EFF7BCFD284638BD6FF09605F5E76FF08D
:105CE0009605F2E76FF09605EFE7F0B583B00D4645
:105CF00017461E4604882046FFF768FD20B904F4C5
:105D00004F44B4F5824F09D1099B0093089B32465A
:105D100039462846FFF75BFE03B0F0BD6FF0850003
:105D2000FAE7F0B585B0EAB10E461C4617460023E7
:105D30002360012203A9FFF76EFE054610B1284635
:105D400005B0F0BD0398416A826A0194009733461A
:105D5000EDF756FC05460398EDF7A0FB002DEED1BC
:105D60000546ECE76FF08905E9E7F0B585B012B3B9
:105D70000E461C46174600221A60134603A9FFF779
:105D80004AFE054658B90398038813F4804F09D199
:105D90006FF086050398EDF781FB05B905462846A7
:105DA00005B0F0BD416A826A019400973346EDF771
:105DB00045FC0546EEE76FF08905F0E72DE9F04177
:105DC00088B014461E46002307930592028833606C
:105DD000002C76D005460F46B4F1005F74D222F055
:105DE000FF02B2F5E24F4AD0B2F5824F47D007A981
:105DF0002846EDF701F8804600285BD1079B9B6A97
:105E000093B96B681B0A08D005AB22463946284671
:105E1000EDF75EFB804600284CD105990798FFF707
:105E2000FEFE8046002845D1079A53880693536AA0
:105E300006A9029102F128010191926A009222467C
:105E400039462846EDF79CFB804698BB079A538855
:105E500043BBBDF818305380069A4FF6F8739A4248
:105E600026D8079C29462046FFF7C9FC804608BB78
:105E700031462046ECF778FF8046F0B11AE028461C
:105E8000FFF7D1FC8046C0B921462846ECF76AFEF0
:105E9000804690B921463846FFF789FD80460028A4
:105EA000A5D00AE0069A9342D6D06FF0860801E0AA
:105EB0006FF085080798ECF7D7FF404608B0BDE8BB
:105EC000F0816FF08608F8E76FF08508F5E7036862
:105ED0000BB90020704710B5044600F069FA0023A2
:105EE0002371627963F300026271236010BD2DE9B2
:105EF000F04184B004460025039505686DB16FF04C
:105F000088052046FFF7E3FF0398EDF7C7FA05B9C8
:105F10000546284604B0BDE8F081884617461E466F
:105F20004FF4C27200210830EFF790FC0EB34FF42B
:105F300080623B4603A94046FFF76DFD05460028F9
:105F4000DFD1221D03993846ECF750FE05460028A4
:105F5000D7D1637966F3000363716EB103994A6A1E
:105F60008B6A00972046EDF7DDFB0546002DCBD070
:105F7000C7E74FF40062DCE703994A6A8B6A00972F
:105F80002046EDF7F5FB0546F0E708B50123FFF7DE
:105F9000AEFF08BD38B503686BB1044612B90025E1
:105FA000284638BD00F0EEF905460028F8D0204616
:105FB000FFF78DFFF4E76FF08805F1E72DE9F04179
:105FC0000446884615461E46036883B1437913F09C
:105FD000010F22D002791AB3AA4202D96FF08907C1
:105FE00007E0334600F0D9F9074628B101E06FF029
:105FF0008807356000232371B8F1000F05D033689E
:106000002A4639464046FFF7F9FC2046FFF75FFF76
:1060100007B907463846BDE8F0816FF08807E8E722
:106020006FF08807E5E710B584B001240394089C5D
:106030000294079C0194069C0094FFF74BFD04B06A
:1060400010BD2DE9F04188B0044698460F9E00230C
:10605000079320F0004C2CF47F0CBCF1106F10D093
:106060006FF0860531460E98ECF760FF109B1E60BE
:106070000798EDF713FA05B90546284608B0BDE8BC
:10608000F0810846174623464FF4804207A9FFF7E0
:10609000C2FC05460028E5D10798416A826A109B38
:1060A000049303960E9B0293CDF804800097234639
:1060B000EDF784FB05460028DAD0D3E738B50C4667
:1060C00015460088FFF782FB20B129462046ECF7F1
:1060D0002DFF38BD6FF08500FBE72DE9F04182B060
:1060E0000022019203880A604288002A00F0FD80A5
:1060F00004460E46028802F4E042B2F5804F00F0FA
:10610000F78023F0FF03B3F5E24F5FD0B3F5824F82
:106110005CD001A92046ECF76FFE0546002879D136
:10612000019B9B6A002B65D163681B0A40F0D180FC
:10613000B4F80080678839464046FFF755FD0546AC
:10614000002868D147F20103984546D044F2010384
:10615000984567D028F0FF03B3F5E84F65D0B3F555
:10616000884F66D0B3F5EE4F00F0AF80B3F58E4F99
:1061700065D008F44F42B2F5824F63D0B2F5884F34
:1061800060D0B2F5824F64D0B2F5884F61D0B3F5DC
:10619000E24F65D0B3F5824F65D044F20D039845C8
:1061A00066D844F202039845C0F08C80A8F5804878
:1061B000A8F10208B8F10B0F00F28480DFE808F0C4
:1061C00062826982827074828278827D2046FFF7C3
:1061D0002AFB054600289CD020E07F080137FF08F5
:1061E00007EBC7073B37009700990198FFF717FDAA
:1061F000054680B9019901F128038A6A496A204657
:10620000EDF796F9054600286BD131460198ECF779
:10621000ABFD054615B10198ECF726FE284602B005
:10622000BDE8F081FF081037DDE70737FF087F0082
:10623000D9E70737FF0807EB47070137D3E70737E9
:10624000FF08D0E75FFA88F142299AD10837FF08A2
:10625000C9E75FFA88F2412A99D10737FF08C2E7F8
:106260000737FF08BFE70737FF087F000137BAE7A6
:1062700047F2020398452AD047F20403984521D1FA
:106280004027B0E77F094FF4A07303FB07F72037DF
:10629000A9E73F0A4FF4C07303FB07F72037A2E7D3
:1062A0000737FF0818379EE70737FF081C379AE7BC
:1062B0000737FF0802377F0095E70737FF080237E7
:1062C0007F0090E70737FF088DE720278BE720271F
:1062D00089E769462046EDF713F90546002883D083
:1062E00099E70198FFF7D0FC95E76FF0860595E7F1
:1062F0006FF0860592E70023036043608360C3600C
:106300000361436183617047036813F4805F02D0C7
:1063100043F480630360036813F4005F02D043F426
:10632000006303607047A0B108B50246017F8B1E71
:10633000DBB2012B0FD8032905D0136A73B1013BDF
:106340001362002008BD036A012BF6D1FFF7A7FCFA
:10635000F8E7002070476FF09600F3E76FF09600C3
:10636000F0E710F0FF0006D0FF2801D000207047B2
:106370006FF0860070470020704708B5EDF7A8FA67
:1063800008BD704708B50368052B03D10830EDF749
:10639000C7FE08BD6FF08600FBE710B50468052C4A
:1063A00003D10830EDF7D2FE10BD6FF08600FBE799
:1063B00008B50368052B01D0002008BD083000F0A7
:1063C000AAF8FAE708B50020EDF752FD08BD08B5B8
:1063D0000020EDF789FD08BD08B5002000F083F826
:1063E00008BD08B5D7F7ECFB08BD4FF0000C94458D
:1063F0000DD200B5037811F801EB83EA0E0300F823
:10640000013B0CF1010C9445F4D35DF804FB70479B
:1064100004E00139435C1A444254120A0029F8D1BD
:10642000704700B503F58073013A4FF0000E0DE0A0
:1064300010F802C09C448B5CACEB030C4FEA1C23AD
:10644000FF335FFA8CFC4EEA0C0E013A002AEFDAB9
:10645000DAB252EA0E0203D0FF2B07D8002000E088
:106460000020FF2B98BF01385DF804FB0120F8E7FE
:1064700000B583B001A9EDF7DDFB003818BF01209E
:1064800003B05DF804FBF0B583B007460E461AE092
:1064900000216846EEF75EFC044608BB2A463946F2
:1064A0006846EEF7A9FC044610F1520F13D014F120
:1064B000520FEDD0B4F1FF3FF0D0684600F00AFE75
:1064C00074B9761B2F4456B13546202EA8BF20251F
:1064D0006FF05104EBE7684600F0FCFDE7E7344657
:1064E000204603B0F0BD0020704700B583B0DDF852
:1064F00010C0CDF800C0EDF793FD03B05DF804FBCC
:1065000000B583B0DDF810C0CDF800C0EDF788FD10
:1065100003B05DF804FB08B54FF4C27101F035FB20
:10652000002008BD2DE9F041E4B004460D461646B2
:106530001F460DF10C084FF4C27200214046EFF7E0
:1065400085F9009733462A4621464046EDF768FD17
:10655000044630B103A8FFF7DEFF204664B0BDE873
:10656000F0816B9A6A994046EDF7DAFD04460028FF
:10657000F0D16E9B6D9A6C994046EDF7E7FD0446AD
:106580000028EAD0E6E708B590F84C3033B9D0F8E7
:1065900054313BB1D0F85C01984708BD503000F051
:1065A000D1FCFAE70020F8E72DE9F04704460F4652
:1065B00015468068904232D204F1640801214046B9
:1065C000EEF78CFC002838D12046FFF7DCFF0646AA
:1065D000002875D1A268102A00D092BB05F1FF39BE
:1065E00029F00F09A5EB0905A368002B37D0B9F1F5
:1065F000000F44D194F84C30002B4DD14046EEF7BB
:106600005BFC002E5FD1ADB12A4607EB090104F116
:106610000C00D3F713FBA3685B1BA3600AE0C0F177
:10662000100004F10C031844D3F708FBA3685B1BAC
:10663000A36000263046BDE8F087EDF77FF90646F7
:10664000F8E704F10C00C2F1100339461844D3F7FF
:10665000F5FAA3681F44ED1A0023A360BEE71022D9
:1066600004F10C0104F1500000F0DDFB06460028A7
:10667000C4D11023A360012384F84C30B7E74A4605
:10668000394604F1500000F0CEFB06460028B5D193
:10669000012384F84C30ADE704F1500A504600F075
:1066A000A6FC06460028A9D1504600F0FCFC064690
:1066B0000028A3D1402104F10C0001F066FA9DE707
:1066C0000025A9469AE73046EDF738F90646B1E7C6
:1066D000F8B54368102B31D8044600F16406012157
:1066E0003046EEF7FBFB08BB2046FFF74CFF0546A4
:1066F000A8B9A268102A09D0C2F1100204F10C0155
:1067000004F1500000F08FFB054640B904F150073A
:1067100004F10C01384600F0B7FB054648B130469D
:10672000EEF7CAFB2846EDF709F9F8BDEDF706F9D3
:10673000FBE7384600F0B7FC0546F0E76FF086004F
:10674000F3E72DE9F0418AB004460F4616461D4690
:1067500090F8148009A9EDF7B3FA844658B9099B5B
:10676000109A93421DD833463A4641462046EEF7EA
:1067700063F8844618B160460AB0BDE8F081119B09
:106780000193109B00932B4602AA4046002100F083
:10679000BDF984460028EED1BDF80A20129B1A608C
:1067A000E9E76FF0890CE6E730B583B08646084626
:1067B00011461A46069B079CBEF800C000252560BE
:1067C000ABB12CF0FF0CBCF5E24F07D0BCF5824F0B
:1067D00010D1009400F042FE03B030BD019400934C
:1067E00013460A4601467046EEF75CFEF4E76FF08A
:1067F0008600F1E76FF08500EEE72DE9F04192B0F9
:106800000446B0F800C040880730B0F5C47F2FD2EE
:106810000E4617461D464FEAD0082CF0FF03B3F58D
:10682000E24F1CD0BCF5105F06D0BCF5885F03D0EA
:1068300042F204039C451ED1424606A90020EDF712
:1068400053FB48B905AB0293019500973346424686
:1068500006A92046EDF728FD12B0BDE8F0812B46D1
:10686000424606A9204600F00CFD0028EAD0F3E7D6
:106870006FF08500F0E76FF08500EDE738B58446EE
:1068800008461446BCF8002002F44F4EBEF5824F75
:106890001AD0BEF5884F17D04FF0000EBEF1120F80
:1068A00019D0B2F5885F16D0BCF802200732D408A0
:1068B0000499B1EBD20F17D322461946EDF7CAFC63
:1068C00088B9059B1C600EE05FFA82FEAEF14105BF
:1068D000EDB2012DE2D8224601461846D3F7AEF9B3
:1068E000059B1C60002038BD6FF08900FBE708B5F0
:1068F000EDF760FF08BD036813F4805F02D043F436
:1069000080630360036813F4005F02D043F4006304
:10691000036070478068C0F380307047C0F3025353
:10692000013B052B2AD8DFE803F0030606061619FB
:106930000123136006E0098844F21213994207D03C
:106940000223136000F03000202812D0002070478E
:1069500004231360F6E703231360F3E7098844F286
:106960001213994202D003231360EBE7062313604E
:10697000E8E7136802331360002070476FF0980057
:10698000704700B583B001464FF0FF3301930422F6
:106990000DEB0200EEF7E8FFB0FA80F0400903B01B
:1069A0005DF804FB10B50C46EDF744F910F1030F48
:1069B00007D0B0F1FF3F07D02046FFF7E2FF30B924
:1069C00010BD6FF08400FBE76FF08B00F8E76FF00D
:1069D0008B00F5E708B5C0B208601146FFF7E2FF8B
:1069E00008BD30B583B00446154601AA4069FFF7DB
:1069F000F1FF08B103B030BD2A4621460198FFF7E8
:106A00008DFFF7E700B589B001AB00220192029239
:106A10000392049205920692079241EA002107919F
:106A2000012205921946BA20EDF7BCF810B909B059
:106A30005DF804FB6FF09200F9E7F0B583B001A9AF
:106A4000BA20EDF7F7F8E0B9019E370AF6B2002454
:106A500000E00134B4420DD2E5192846EDF7D0F834
:106A60000028F6D02846FFF703FD0028F1D16FF08B
:106A7000920007E0BA20EDF7C3F818B16FF092006A
:106A800000E0002003B0F0BD08B5BA20EDF7B8F87B
:106A900000B908BD6FF09200FBE738B505460378F2
:106AA00013F0030306D0032B01D1002403E06FF0A1
:106AB00021000DE000242B78C3F38203A34206D902
:106AC00068782044EDF78CF818B90134F3E700201A
:106AD00038BD0220FCE708B5F820FFF7C9FC60B913
:106AE000F920FFF7C5FC40B9F820EDF779F838B97F
:106AF000F920EDF775F830B908BD6FF09200FBE7AB
:106B00006FF09200F8E76FF09200F5E7F0B585B00E
:106B100004460D4616461F4603A9FFF743FF844669
:106B200098B9B4F1F80345F1FF31022B71F100017E
:106B300053D3FFF782FF844638B9002E50D0314638
:106B400003A8EDF729FC844610B1604605B0F0BDFE
:106B500002A93046EDF7B4F884460028F5D1029B2F
:106B60000A9A93423FD8328844F212139A4227D0AD
:106B7000029A0B9B1A609DF80C30C3F301133A780C
:106B800063F301023A7001AA31460398FFF7C6FE8B
:106B900084460028D9D13B78019A62F384033B7084
:106BA0007C70338803F44F42B2F5824F0FD0B3F5B7
:106BB000885FCAD10A993846EDF7C2FD8446C4E71A
:106BC000042307F8013B0A9B013B0A93D0E70A998B
:106BD0003846EDF7B5FD8446B7E76FF0860CB4E7AD
:106BE0006FF0860CB1E76FF0890CAEE72DE9F04F3E
:106BF00087B004460F4616469846DDF84CA0058837
:106C000005F44F43B3F5824F04D0B3F5884F01D05C
:106C1000002500E0EDB2B4F802B00023CAF800305D
:106C20001498EDF743FF814610BB238823F0FF0340
:106C3000B3F5E24F20D105AA59462846EEF728FBC6
:106C4000B0B9059B5B68B34219D12846EEF75CFBEF
:106C5000C0B1CDF80CA0129B0293119B0193109B25
:106C60000093434632463946059800F008FC8146B9
:106C7000484607B0BDE8F08F6FF08609F8E76FF07F
:106C80008609F5E76FF08509F2E708B5EDF788FFAB
:106C900008BD03E000F11003436018468842F9D3B1
:106CA00001234B60CB6843F02003CB608B6843F03B
:106CB00000538B60704710B5044641681039104688
:106CC000FFF7E7FFA168103904F11400FFF7E1FFB7
:106CD000E36803F15402BFF35F8F4FF0A3431A60E0
:106CE000BFF35F8FE2680432BFF35F8F1A61BFF3B7
:106CF0005F8FBFF35F8F03225A63BFF35F8FBFF3D2
:106D00005F8F9A63BFF35F8F10BD38B5BFF35F8F9E
:106D10004FF0A344E569BFF35F8FBFF35F8F10238C
:106D20006363BFF35F8F012000F0F2FEBFF35F8F5C
:106D300000236363BFF35F8FBFF35F8F4FF0A34305
:106D4000DB6BBFF35F8F13F0400FF5D135B1BFF3AD
:106D50005F8F4FF0A343DD61BFF35F8F38BD08B590
:106D6000EEF73AF9024630B9BFF35F8F4FF0A34315
:106D70009A6ABFF35F8FBFF35F8F4FF0A343DB6B64
:106D8000BFF35F8F03F0230312F0240F0BD17BB905
:106D9000BFF35F8F4FF0A3434FF0FF321A63BFF38F
:106DA0005F8F002008BDFFF7B0FF6FF01F00F9E70D
:106DB0004FF0FF30F6E708B5FFF7D1FF08BD08B583
:106DC0000269136913B15069984708BD0020FCE7B8
:106DD00008B5836823B9426A03681B691A4207D160
:106DE00000F1780270211430FFF765FF002008BD24
:106DF000FFF7E5FF0028FAD16FF05300F7E738B549
:106E00000269D3686BB1044650699847054608B9D2
:106E1000284638BD2046FFF7D2FF0028F8D00546A7
:106E2000F6E70025F4E708B5037D43B3B2F1807FB0
:106E300017D24368062B1BD822B383691960836974
:106E40009A60036899698369C968D9608369103356
:106E50008361436801334360836813448360002087
:106E600008BDFFF7ACFF0028FAD16FF03F00F7E74D
:106E7000FFF7A5FF0028F3D16FF04400F0E76FF0B3
:106E80002000EDE70020EBE7037D002B57D010B585
:106E90008368C3B9836900F124021A6003681B6820
:106EA0000133826943F00053936003689A69D268A2
:106EB0001B6801331B0203F4F85384691343E36036
:106EC000836910338361826803681C68131923EA9D
:106ED00004039B1A846954F8042C42EA032244F800
:106EE000042C846954F8082C1A4442F0005244F8E7
:106EF000082CC36802681268134423EA0203C269BB
:106F00001160C269C1689160C26902F11001C1617A
:106F1000C1688B420AD000211161C2689B1AC26904
:106F200043F080439360C3691033C361436A0268CE
:106F3000D26823EA02034362FFF74AFF10BD6FF0F5
:106F40002000704738B5037D002B4AD00446036803
:106F50005B69002B48D0FFF752FF054608B1284671
:106F600038BD214651F8783B9B691B68626A04F181
:106F70001400EDF773FE0123636023699A689AB9E0
:106F8000A2691B68136023695B68A26943F0005320
:106F9000936023689A69A3699268DA60A3691033E1
:106FA000A361636801336360236AA269C433136019
:106FB00023685B69A26943F00053936023689A6970
:106FC000A3695268DA60A3691033A361636801336F
:106FD0006360636A22681269134363620023A360DB
:106FE000BDE76FF02005BAE76FF04705B7E708B5D2
:106FF000037D002B40D083680268916899422DD8A8
:107000005168B3FBF1FC01FB1C33002B2DD1436A0B
:10701000D1680B43436253690F3323F00F03026AB5
:10702000C169C4320A600168C26949699160C26974
:1070300002F11001C1610168496999420BD0002138
:107040001161026852699B1AC26943F080439360E0
:10705000C3691033C361FFF7BBFE08BDFFF7AFFE86
:107060000028FAD16FF05300F7E7FFF7A8FE0028D9
:10707000F3D16FF04500F0E76FF02000EDE738B591
:10708000037D6BB10546FFF796FE0446B0F1FF3F66
:1070900004D02846FFF793FE00B10446204638BDD1
:1070A0006FF02004FAE7037D23B110B504464FF0DA
:1070B000FF3005E06FF0200070472046FFF7DFFF4C
:1070C000B0F1FF3FF9D010BD08B5EDF703FEEDF7C5
:1070D000F1FD08BD03780BB90020704710B50446D8
:1070E000ECF7C2FB00232370002010BD38B5054625
:1070F0004FF0FF3100F0F6FC04464FF0FF31284618
:1071000000F0FEFC204638BD03685A50704708B5B1
:1071100002220821FFF7F8FF08BD0368585870479E
:1071200008B50C21FFF7F9FFC0F3004008BD08B512
:10713000FFF7F6FF08BD08B541F22401FFF7EDFFA8
:1071400000F4A020003818BF012008BD08B50C21AC
:10715000FFF7E3FFEDF7DEFF08BD10B5044620465C
:10716000FFF7E5FF0028FAD12046FFF7EFFF10BD3B
:107170000369996670470369986E7047C0F30B0303
:107180004B60482B28BF48238B60CB6001234B61A9
:1071900008238B6110F4003F01D10023CB6010F471
:1071A000803F02D100234B608B6000F47003B3F585
:1071B000700F01D000238B60002800DB7047002394
:1071C0004B618B61FAE7F0B5BDB004460E464568E9
:1071D000059583682B44069301952BAB0293039589
:1071E0001AAB049307AF3846EDF746FF3246214607
:1071F0003846EEF729F8044648B907A8EDF770FFBE
:1072000029462BA800F0C1FC20463DB0F0BD384611
:10721000EDF766FF2046ECF791FB0446F4E710B566
:1072200086B0CB1DDB0800240594019402940394DE
:107230000494541C029401935C1C22440492039312
:1072400005AAEEF725F808B106B010BD01A905980A
:10725000FFF7B9FFF8E7422811D841280CD21728C8
:1072600005D0302803D0122801D000207047C81D57
:10727000C0084000013070470731C808704700203F
:1072800070472DE9F0478AB005468946164698466C
:107290004488099407344FEAD40A078807F44F4317
:1072A000B3F5824F04D0B3F5884F01D0002700E03A
:1072B000FFB2202200216846EEF7C8FA0023C8F882
:1072C0000030B2454DD8B4F5847F4DD209AA31467D
:1072D0002846EEF751F8044618B120460AB0BDE83A
:1072E000F08708AA09993846EDF7D2FF044600282E
:1072F000F3D1A7F14103DBB2012B0CD93246494649
:10730000089800F031FB40BB2021684600F03DFCAE
:10731000C8F800A0E1E752466946ECF7E5FD08B180
:107320000446DAE75146684600F0F6FBF8B9412F0B
:1073300005D0524669464846D2F780FCE4E7BAF1E8
:10734000200F06D0BAF1380FF3D1684600F0FEFAEC
:10735000EFE7684600F0EEFAEBE7ECF7EFFA0446E9
:10736000BBE76FF08904B8E76FF08504B5E76FF00D
:107370009304B2E72DE9F04182B01D46089F43888F
:107380000193BA4218D80E46144601AA2146EDF7D9
:10739000F3FF804618B1404602B0BDE8F0812346B5
:1073A00032463946284600F0CEFB40B1019A0A9B8E
:1073B0001A60099B1C60EEE76FF08908EBE76FF03D
:1073C0008608E8E72DE9F04194B0054614461F46CB
:1073D00043881393B0F800C00CF44F42B2F5824FCB
:1073E00004D0B2F5884F01D0002601E05FFA8CF698
:1073F000D5F80C8023460A46412102A800F0A3FBE1
:1074000030B31A9B9C4226D813AA21462846EDF792
:10741000B3FF054668B9122E0FD0302E0DD022468C
:1074200002A93846D2F70AFC139A1C9B1A601B9BD0
:107430001C60284614B0BDE8F081009402AB139A9A
:1074400031464046EDF76EFF0028E8D00546F0E7EC
:107450006FF08605EDE76FF08905EAE78B420BD305
:1074600010B584460C4610460A466146D2F7E6FB44
:10747000029B1C60002010BD6FF08900704730B582
:10748000C7B00546229223911E9235A91F912092E2
:1074900024A9219100241A941B941C941D9451003A
:1074A00001314A98884244D11978042944D14C9931
:1074B0008A4244D8591C1B911A92511C0B441D93AB
:1074C0001C921AA92846FFF77EFE044610B12046FA
:1074D00047B030BD07AC2046EDF7CEFD1EAB0093A4
:1074E0001AAB22AA29462046EEF71AF8054678B1CB
:1074F0001E991F9800F049FB2099219800F045FB48
:107500002846ECF71BFA044607A8EDF7E9FDDEE78D
:107510001E9A03AC03921F9B0493209B0593219B0F
:1075200006934B99204600F048F8039A4D9B1A6049
:10753000DEE76FF08604CAE76FF08604C7E76FF0F6
:107540008904C4E730B59FB0024601AC1AAD46F6D7
:10755000110329462046EDF781FB0023039A1360AF
:10756000039A9360039B103303932A46102120460D
:10757000FFF7A1FB4FF0FF3402E0FFF71CFC0446CD
:10758000B4F1FF3FF9D0742101A800F0FEFA2046C3
:107590001FB030BDF8B50668971B96420BDC044659
:1075A0000D463946284600F04BF832466168E81926
:1075B00000F055F8F8BDF2F772FF08B5FFF7EAFFE3
:1075C00008BDF8B507460C46154616688E420BDB1B
:1075D000711A506800F034F86868361B2246394644
:1075E000304400F04AF8F8BD891B3246014468680F
:1075F00000F043F8F7E708B5FFF7E3FF08BD08B56B
:10760000FFF7F9FF08BD70B50E4614461D461A4631
:107610002146FFF7F4FF05F1080221463046FFF747
:10762000EEFF70BD70B5054616461C461A46FFF7BC
:10763000C4FF2246314605F10800FFF7BEFF70BDCA
:1076400008B50A4603E0002300F8013B013A12B1F5
:1076500010F0030FF7D10021EEF7F8F808BD08B5D8
:1076600004E011F8013B00F8013B013A12B110F0BF
:10767000030FF6D1D2F7E2FA08BD08B504E011F81D
:10768000013B00F8013B013A12B111F0030FF6D1B2
:10769000D2F7D4FA08BD806C704770B582B0054649
:1076A000CDE900238668446804EB0614FFF763FD08
:1076B000036813F0805F1DD09DF8003003F03F0396
:1076C0008DF8003043F020038DF800309DF807302E
:1076D00043F001038DF80730E868A0F10801201A93
:1076E000FFF7AEFF083C082269462046FFF7B7FFC8
:1076F00002B070BD9DF8003043F001038DF80030FA
:107700009DF8073003F03F038DF8073043F0200366
:107710008DF80730A41BE968083904F10800FFF769
:107720008FFFE0E710B50446FFF725FDC26802B9F8
:1077300010BD42F4202242F4006200212046FFF7EF
:10774000E3FCF5E7C06870472DE9F8434568D0F8D9
:1077500008908E680B6813F4700F01D0BDE8F883B1
:107760000C46FFF708FD036813F0805F03D06368E1
:10777000A9EB03031D44204600F0CDF88046002706
:1077800008E0626831462846FFF769FF63681E44D7
:107790004D4401374745F4DBE0E770B50C46104631
:1077A0001E468D684A6805EB42052946FFF757FFDC
:1077B0006268A9183046FFF752FF70BD38B505461C
:1077C000FFF7D9FC43686A68AC68016811F0805F14
:1077D00002D0E968611A0A44002108E001F1040CB2
:1077E00005EB8C0CCCF80420013122445B1033B142
:1077F00013F0010FF9D00B29F0D9F2F750FE05F183
:10780000140038BD70B505460C461646FFF7B3FCAC
:107810000268013C42EA0422324304212846FFF771
:1078200073FC70BD2DE9F04F85B007468A46019282
:107830009B46FFF7A0FC814684687D68D7F80880E6
:107840003846FFF728FF28BB0646EDF7DDFBDAF8E0
:10785000003013F0800F22D0C368DAF80410994288
:107860001FDCF960D9F8103013B1019A1A43019264
:10787000DAF80020019B13431A463846FFF7C2FF8F
:10788000D9F8003013F0805F12D0FB68A8EB030337
:107890001D440DE03846EDF723FC102417E0436843
:1078A000DBE73846EDF71CFC0D2410E0454464107E
:1078B00034B114F0010FF9D04BF826500136F5E73A
:1078C00051463846FFF740FFD9F810301BB9204623
:1078D00005B0BDE8F08F02A800F054F8044650B996
:1078E000DDE902233846FFF7D8FE08210DEB010041
:1078F00000F04BF9EBE73846EDF7F2FBE7E710B5A0
:107900000446FFF70FFFBFF35F8F032208212046D5
:10791000FFF7FAFB10BD036813F4700F06D18368FC
:1079200033B1C368406893FBF0F0704700207047A4
:1079300000207047037823F007030370C37F03F030
:107940007F03C37743F04003C3777047037823F086
:1079500003030370002380F8383090F8373063F069
:107960007F0380F83730704708B50B464168806860
:1079700008448A4203D31A4600F061F808BD6FF04C
:107980004000FBE710B50446EDF73EFB436973B1D9
:107990002046EDF70DFC034638B9236862681343AF
:1079A000F6D0201DEDF704FC0346184610BD6FF01D
:1079B0000203FAE700231A4604E010F803C042EA83
:1079C0000C0201338B42F8D3B2FA82F040097047BF
:1079D000F8B504460F46164602781A400270FFF7C3
:1079E000E9FF054600233A4631462046FEF719FDD9
:1079F0001DB9002804DA2846F8BD4FF0FF35FAE734
:107A00004FF0FF35F7E72DE9F04105460C461746E4
:107A10001E46224629460020ECF766FA804648B901
:107A200033463A4621462846FFF7D2FFB0F1FF3FE2
:107A3000EFD001E04FF002084046BDE8F081C9B345
:107A4000F8B5844610468E46002300E001330CEB67
:107A500003051CF803400CB97345F7D373452CD0CC
:107A60000EF1FF329A4207D01CF8022012F0010FEB
:107A700026D04FF0FF0C08E0022CF5D86FF0530031
:107A800017E04FEA4C0C5FFA8CFC14EA0C0FF8D1AB
:107A90006FEA0C0C5FFA8CF4AEEB0307C6180022F9
:107AA000714600F067F823462A4639463046FFF70C
:107AB000AAFFF8BD6FF0530070476FF05300F8E76E
:107AC0006620F6E708B54FF0FF324FF0FF33E8F7D6
:107AD000DBFF08BD08B5E9F757F808BD08B5FDF7A5
:107AE0000EFE08BD00B583B04FF0FF324FF0FF33FC
:107AF000CDE900230022FDF718FE03B05DF804FB7A
:107B000008B5FDF70CFE08BD08B5FDF702FE08BD7F
:107B100008B5FDF7FBFB08BD82B000238DF80730E8
:107B200008E010F803C09DF8072042EA0C028DF827
:107B3000072001338B42F4D39DF80700B0FA80F0A0
:107B4000400902B070478B4212D800B500218E4622
:107B500006E012F801C000F801C04EEA0C0E013137
:107B60009942F6D3BEF1000018BF01205DF804FB76
:107B7000002070478B4228BF0B4602E000F8012B23
:107B80000B46591E002BF9D1704782B0019000239B
:107B900003E0019A0020D05401338B42F9D302B0A4
:107BA00070470000C65AFD7F01000000114E020020
:107BB00000000000B9DE020000000000914E02004B
:107BC0000000000000000000AC7C0400E10903009C
:107BD00000000000050A0300000000000000000093
:107BE0000C7D040000000000EC7C0400000000009C
:107BF000CC7C0400000000002C7D0400C52704009C
:107C0000000000000B28040000000000000000003D
:107C10004C7D0400000000006C7D040041D5020092
:107C200000000000351F040000000000354D020078
:107C300000000000000000008C7D040009DB010052
:107C400000000000D10D0300000000000000000053
:107C5000AC7D040000000000EC7D0400000000008A
:107C6000CC7D0400E16702000000000055270400FD
:107C7000000000005F27040000000000000000007A
:107C80000C7E0400E16E020000000000313F0200A3
:107C900000000000E55D020000000000A14E0200AF
:107CA00000000000215E0200000000007CB2040021
:107CB0000CBD0400388704000E1B0020E072002079
:107CC0006DD402000000000000000000B0B204000B
:107CD0002CBD0400D0860400141B00204473002037
:107CE000BDD7020000000000E8030020BCB2040081
:107CF00040BD0400D0860400161B002050730020F5
:107D0000BDD702000000000050040020C8B20400EB
:107D100054BD0400D0860400181B00205C730020B2
:107D2000BDD7020000000000B8040020E0B204004B
:107D3000A8BD04000C8704001C1B002000000000EC
:107D40000000000000000000000000008CB20400F1
:107D500000000000B0860400101B0020000000009E
:107D6000310904000000000000000000ECB2040033
:107D7000B4BD0400548704001E1B00204C1A0020D0
:107D8000F91A040000000000381A002020B3040093
:107D90000000000024BE0400201B0020E07300202F
:107DA000D9E20200000000000000000070B20400F0
:107DB00000000000A48604000C1B0020000000004E
:107DC000ADD1020000000000E002002094B20400E7
:107DD00000000000B8860400121B00200000000014
:107DE00021D702000000000000000000D4B204000F
:107DF000081A0020F48604001A1B00207873002063
:107E0000F10F040000000000F419002050B304003A
:107E1000000000001C870400221B0020FC770020CB
:107E200073280400000000000000000000000000B3
:107E3000C7A1030000000000C7A10300000000006C
:107E4000C7A1030000000000C7A10300000000005C
:107E5000C7A1030000000000C7A10300000000004C
:107E6000C7A1030000000000C7A10300000000003C
:107E7000C7A1030000000000C7A10300000000002C
:107E8000C7A1030000000000C7A10300000000001C
:107E9000C7A1030000000000C7A10300000000000C
:107EA000C7A1030000000000C7A1030000000000FC
:107EB000C7A1030000000000C7A1030000000000EC
:107EC000C7A1030000000000C7A1030000000000DC
:107ED000C7A1030000000000C7A1030000000000CC
:107EE000C7A1030000000000C7A1030000000000BC
:107EF000C7A1030000000000C7A1030000000000AC
:107F0000C7A1030000000000C7A10300000000009B
:107F10001DE7020000000000C7A1030000000000F0
:107F2000C7A1030000000000C7A10300000000007B
:107F3000C7A1030000000000C7A10300000000006B
:107F4000C7A1030000000000C7A10300000000005B
:107F5000C7A1030000000000C7A10300000000004B
:107F6000C7A1030000000000C7A10300000000003B
:107F7000C7A1030000000000C7A10300000000002B
:107F8000C7A1030000000000C7A10300000000001B
:107F9000C7A1030000000000C7A10300000000000B
:107FA000C7A1030000000000C7A1030000000000FB
:107FB000C7A1030000000000C7A1030000000000EB
:107FC000C7A1030000000000C7A1030000000000DB
:107FD000C7A1030000000000C7A1030000000000CB
:107FE000C7A1030000000000C7A1030000000000BB
:107FF000C7A1030000000000C7A1030000000000AB
:10800000C7A1030000000000C7A10300000000009A
:10801000C7A1030000000000C7A10300000000008A
:10802000C7A1030000000000C7A10300000000007A
:10803000C7A1030000000000C7A10300000000006A
:10804000C7A1030000000000C7A10300000000005A
:10805000C7A1030000000000C7A10300000000004A
:10806000C7A1030000000000C7A10300000000003A
:108070003D4F030000000000C7A103000000000006
:10808000C7A1030000000000C7A10300000000001A
:10809000C7A1030000000000C7A10300000000000A
:1080A000C7A1030000000000C7A1030000000000FA
:1080B000C7A1030000000000C7A1030000000000EA
:1080C000C7A1030000000000C7A1030000000000DA
:1080D000C7A1030000000000C7A1030000000000CA
:1080E000C7A1030000000000C7A1030000000000BA
:1080F000C7A1030000000000C7A1030000000000AA
:10810000C7A1030000000000C7A103000000000099
:10811000C7A1030000000000C7A103000000000089
:10812000C7A1030000000000C7A103000000000079
:10813000C7A1030000000000C7A103000000000069
:10814000C7A1030000000000C7A103000000000059
:10815000C7A1030000000000C7A103000000000049
:10816000C7A1030000000000C7A103000000000039
:10817000C7A1030000000000C7A103000000000029
:10818000C7A1030000000000C7A103000000000019
:10819000C7A1030000000000C7A103000000000009
:1081A000C7A1030000000000C7A1030000000000F9
:1081B000C7A1030000000000C7A1030000000000E9
:1081C000C7A1030000000000C7A1030000000000D9
:1081D000C7A1030000000000C7A1030000000000C9
:1081E000C7A1030000000000C7A1030000000000B9
:1081F000C7A1030000000000C7A1030000000000A9
:10820000C7A1030000000000C7A103000000000098
:10821000C7A1030000000000C7A103000000000088
:10822000C7A1030000000000C7A103000000000078
:10823000C7A1030000000000C7A103000000000068
:10824000C7A1030000000000C7A103000000000058
:10825000C7A1030000000000C7A103000000000048
:10826000C7A1030000000000C7A103000000000038
:10827000C7A1030000000000C7A103000000000028
:10828000C7A1030000000000C7A103000000000018
:10829000C7A1030000000000C7A103000000000008
:1082A000C7A1030000000000C7A1030000000000F8
:1082B000C7A1030000000000C7A1030000000000E8
:1082C000C7A1030000000000C7A1030000000000D8
:1082D000C7A1030000000000C7A1030000000000C8
:1082E000C7A1030000000000C7A1030000000000B8
:1082F000C7A1030000000000C7A1030000000000A8
:10830000C7A1030000000000C7A103000000000097
:10831000C7A1030000000000C7A103000000000087
:10832000C7A1030000000000C7A103000000000077
:10833000C7A1030000000000C7A103000000000067
:10834000C7A1030000000000C7A103000000000057
:10835000C7A1030000000000C7A103000000000047
:10836000C7A1030000000000C7A103000000000037
:10837000C7A1030000000000C7A103000000000027
:10838000C7A1030000000000C7A103000000000017
:10839000C7A1030000000000C7A103000000000007
:1083A000C7A1030000000000C7A1030000000000F7
:1083B000C7A1030000000000C7A1030000000000E7
:1083C000C7A1030000000000C7A1030000000000D7
:1083D000C7A1030000000000C7A1030000000000C7
:1083E000C7A1030000000000C7A1030000000000B7
:1083F000C7A1030000000000C7A1030000000000A7
:10840000C7A1030000000000C7A103000000000096
:10841000C7A1030000000000C7A103000000000086
:10842000C7A1030000000000C7A103000000000076
:10843000C7A1030000000000C7A103000000000066
:10844000C7A1030000000000C7A103000000000056
:10845000C7A1030000000000C7A103006C7D040059
:10846000551D0400787300204D0403000000000037
:10847000C7A1030000000000C7A103000000000026
:10848000C7A1030000000000C7A103000000000016
:10849000C7A1030000000000C7A103000000000006
:1084A000C7A1030000000000C7A1030000000000F6
:1084B000C7A1030000000000C7A1030000000000E6
:1084C000C7A1030000000000C7A1030000000000D6
:1084D000C7A10300890003008F2B040000000000E7
:1084E000C7A1030000000000C7A1030000000000B6
:1084F000C7A1030000000000C7A1030000000000A6
:10850000C7A1030024180020210D04000000000072
:10851000C7A1030000000000C7A103000000000085
:10852000C7A1030000000000C7A103000000000075
:10853000C7A1030000000000C7A103000000000065
:10854000C7A1030000000000C7A103006B370400AF
:108550008F2B040000000000C7A1030000000000F2
:10856000C7A1030000000000C7A103000000000035
:10857000C7A1030000000000C7A103000000000025
:10858000C7A1030000000000C7A103000000000015
:10859000C7A1030000000000C7A103000000000005
:1085A000C7A1030000000000C7A1030000000000F5
:1085B000C7A1030000000000C7A1030000000000E5
:1085C000C7A1030000000000C7A1030000000000D5
:1085D000C7A1030000000000C7A1030000000000C5
:1085E000C7A1030000000000C7A1030000000000B5
:1085F000C7A1030000000000C7A1030000000000A5
:10860000C7A1030000000000C7A103000000000094
:10861000C7A1030000000000C7A103000000000084
:10862000C7A1030000000000C7A103000000000074
:10863000C7A1030000000000C7A103000000000064
:10864000C7A1030000000000C7A103000000000054
:10865000C7A103003B2804008F2B0400000000008A
:10866000C7A1030000000000C7A103000000000034
:10867000C7A1030000000000C7A103000000000024
:10868000C7A1030000000000C7A103000000000014
:10869000C7A10300AC170020210D0400000000005A
:1086A000C7A103009DD0020061D002008403000036
:1086B0001D0904000000000015D60200970A0400FE
:1086C000730A0400CDD50200BDD50200D5D5020045
:1086D000210E04007F0C04008B0C04009F0C04008E
:1086E000A90C0400B30C0400350D0400F30C0400C5
:1086F000000000002D1204000000000045100400DE
:108700000000000000000000DF110400AD130400B1
:10871000FF130400D1130400B31304000000000091
:1087200000000000000000007728040069E9020052
:10873000000000000000000035D402000D08040015
:108740004F080400000000002107040000000000A2
:10875000000000009F1504008F1804001B1804007F
:1087600001DC020045150400A51704002F160400C3
:108770004DDB02004D140400050000009D9702002F
:1087800006000000B5B90200040000008D9C020044
:1087900000000000000000000000000000000000D9
:1087A00000000000D1B00200000000000000000046
:1087B000000000000000000087B203004D5F0200CF
:1087C00000000000000000000000000000000000A9
:1087D0000000000000000000000000000000000099
:1087E00028BB040008000000C0B50400070000001A
:1087F00094B60400060000005CB804000400000009
:10880000040000000F00000001000000080000004C
:108810002000000068000000780000001000000048
:108820000C0000000E000000500000007C00000062
:10883000B0000000FFFFFFFFFFFFFFFFFFFFFFFF94
:10884000FFFFFFFF24B10400000000000000000053
:10885000D5640200216702000000000048B2040055
:10886000010000000000000037E5030000000000E8
:108870000000000058B204000100000000000000E9
:108880004FEB0300000000000000000050B20400A5
:10889000010000000000000025A6020059B00200FF
:1088A0000000000068B204000100000000000000A9
:1088B000430004005DC802000000000060B2040034
:1088C000010000000000000099AC020061AA020053
:1088D00000000000A1570200C55B0200DD6202003B
:1088E0000000020206000600000090010C001800C3
:1088F000000090010000000003000000A000000044
:10890000F00000000000000000010203040506075B
:1089100008090A0B0C0000000600090000002A00EC
:108920000C001800000090010C00180000009001DD
:10893000010300000062746C65000000000000008C
:108940000000000000000000000000000000000027
:108950000000000000000000000000000000000017
:1089600000000000000000010000000001200000E5
:108970008000010000A0105000820D50000405503E
:10898000050000000400000001000000FFFFFFFFE1
:10899000FFFFFFFF18780020020000000100010027
:1089A00000010100000100010000010001000000C1
:1089B00001000B0002000A00050009000A0008007F
:1089C000140007001E000600320005004B000400E2
:1089D0006400030096000200FA000100F4010000A8
:1089E000F401FA00960064004B0032001E001400EF
:1089F0000A000500020001000C0802170D01010227
:108A000009090101060209181803010109098383F4
:108A100085030201230202240910040405050B0B3F
:108A2000040B2B1B1B159A9A1C021D1613050149DA
:108A30000D150508061B1B0F01010000FEFEFEFEC2
:108A4000FEFEFEFEFEFEFEFEFEFEFEFEFEFEFEFE46
:108A5000FE16FEFEFEFEFEFEFEFEFEFEFEFE1F1FDC
:108A6000FE26FEFEFEFEFEFEFEFEFEFEFEFEFEFEFE
:108A7000FEFEFEFE3E3EFEFEFEFE3B3BA201B003BE
:108A8000BE05EE024806A209C405F40B241200003C
:108A9000582400200200000B010000000700000025
:108AA0000000000000000000000000000406080AAA
:108AB0000C0E10121416181C1E20222426282A2CF4
:108AC0002E30323436383A3C3E40424446484A4CD6
:108AD0004E021A500000000028000000180000009C
:108AE00000000000F023000024130000000000003C
:108AF0004006000040060000000098086B030000DC
:108B000000000000F023000024130000000000001B
:108B100048A3000014A00000000040060C03000061
:108B20009C0000200200000BBA2400200200000C70
:108B30001E2500200200000B1E2500200100000C55
:108B40001C2500200100000C0000000000000101B5
:108B500001010101010101010101020202020202FF
:108B6000030304040505060607070808090A0B0C99
:108B70000D0E0F101112131415161718191A1B00C9
:108B800010010000D200000030010000D8000000F9
:108B900001000000E400000002000000EA00000004
:108BA00002000000EC00000003000000EE000000E6
:108BB00004000000F000000005000000F2000000CA
:108BC00006000000F400000007000000F6000000AE
:108BD00008000000F700000009000000F800000095
:108BE0000A000000F90000000B000000FA0000007D
:108BF0000D000000FB0000000F000000FC00000062
:108C000011000000FD00000013000000FE00000045
:108C100015000000FF000000180000000000000028
:108C20001B000000010000001F0000000200000007
:108C300023000000030000002800000004000000E2
:108C40002D000000050000003300000006000000B9
:108C500039000000070000003F000000080000008D
:108C600000100200FA0000000000000000000000F8
:108C70000338FDD87047000000000000000000002D
:108C80000338FDD87047000000000000000000001D
:108C90000338FDD87047000001000000000000000C
:108CA00005000000000000001900000000000000A6
:108CB0007D000000000000007102000000000000C4
:108CC000350C000000000000093D0000000000001D
:108CD0002D31010000000000E1F50500000000005A
:108CE00065CD1D0000000000F902950000000000A5
:108CF000DD0EE90200000000514A8D0E0000000068
:108D00009573C24800000000E941CC6B01000000EF
:108D10008D49FD1A07000000C16FF2862300000094
:108D2000C52EBCA2B1000000D9E9AC2D780300002B
:108D30003D9160E45811000031D6E275BC56000048
:108D4000F52E6E4DAEB10100C9EA268367780800A2
:108D5000ED95C28F055A2A00A1EDCCCE1BC2D300DF
:108D600025A4000A8BCA22040000000000000000B5
:108D700000000000000000100000000000000000E3
:108D8000B9340332B7F4AD1410DB1AB30892540EA1
:108D90000D307D951447BA1A66088F4D26ADC66D05
:108DA000F598BF85E2B74511CA96853D92BD1DEB8A
:108DB000FCA11860DCEF52163C92AE220BB8C1B495
:108DC000839D2D5B0562DA1C304C7E8F4E8BB25B2F
:108DD00016F4529F8B56A512FBD4827643ED8AF08F
:108DE0008FE7F9311565191850F19BD94A13EEB484
:108DF000284CF0A686C1251F035FC270CB9E491682
:108E0000E642889C44EB2014B0650836AD6EA5851B
:108E100085F0CA14E2FD031A0B899979D5B13D0991
:108E2000D8DA973A35EBCF10AC363F5E73BB38CF0C
:108E30003E6752FA44AFBA1501000000000000007E
:108E40000000000000000020345065C05FC9A65239
:108E5000BB13CBAEC440C21806C8DF7100D5A87CD6
:108E6000F56F0FDA58FC27136E4756357D242065C1
:108E700002C7E768E48CA41DE9E60268D7CD396132
:108E80007977FCC2405BEF16798CDE43FFA751F97E
:108E900091F3B278F5BDBE11E857E9D6E8BEE87B9C
:108EA000B054AC8F848D751BEA23A499E9F9D38B58
:108EB000B7A3714061DA3E15CEE33ECB73F94808A3
:108EC0008C97B427D51B7010A2BFEFB9EB85321574
:108ED0004DB44DB49BBB6F1996B6076CF8E7EEAD79
:108EE00036D9B4F59135AE13222218AF4E6A684DCB
:108EF00091DAAA3D4F40741E9FBD9EE006A1C09826
:108F000057C2A7FDA40E90170E7D497173E3208F01
:108F1000B220D87605143B12853D7434811343B0DA
:108F2000AD297A5F27F4351C636C69004F4B000054
:108F30004661696C000000005B20205D206D6F645D
:108F4000756C65426567696E28290A00202020201B
:108F500020202025732025730A00000020202020D7
:108F60002020202573205072696F72697479202542
:108F700064204661696C0A00696E666F000000003B
:108F8000636F756E7420202020203A2025640A002B
:108F90002564203A20252D313673207072692025F2
:108FA000640A000074687265616400006D6F647526
:108FB0006C6520696E666F0A000000006D6F647555
:108FC0006C65207468726561640A00002D00000001
:108FD000252D31327320707269202533642C207363
:108FE0007461636B20253564202F202535640A00C9
:108FF0005B20205D206D6F64756C65496E69742817
:10900000290A000020202020202020636F756E7424
:10901000203A2025640A00006D6F64756C650000BD
:109020000A0D0000636C6923200000001B5B2564AF
:10903000440000001B5B256450000000200C0A0D5A
:10904000090B0000437572736F7220203A2025646B
:109050000A000000436F756E742020203A202564BA
:109060000A0000006275665F6C656E203A20256418
:109070000A00000062756620202020203A20257317
:109080000A0000006C696E655F6920203A20256443
:109090000A0000006C696E655F6C74203A202564DC
:1090A0000A0000006C696E655F6320203A20256429
:1090B0000A0000006275662025642020203A2025E1
:1090C000730A00001B5B3150000000000820081BE1
:1090D0005B3150001B5B346825631B5B346C000004
:1090E0001B5B2564430000002D2D2D2D2D2D2D2DD6
:1090F0002D2D20636D64206C697374202D2D2D2D12
:109100002D2D2D2D2D0D0A002D2D2D2D2D2D2D2DFF
:109110002D2D2D2D2D2D2D2D2D2D2D2D2D2D2D2D7F
:109120002D2D2D2D2D0D0A003E3E206D64206164F5
:109130006472205B73697A655D200A000A20202032
:1091400000000000203078253038583A2000000018
:10915000203078253038580020207C00256300001E
:109160002E0000007C0A20202000000068656C7042
:10917000000000006D6400001B5B3F32356C000096
:109180001B5B3F323568000009636F6E7665727352
:10919000696F6E20726573756C74206973206F75CA
:1091A00074206F662072616E67650A00455F00007B
:1091B0005B455F5D20616463203A202573206E6FFC
:1091C000742072656164790A000000005B455F5D90
:1091D00020616463203A20436F756C64206E6F7465
:1091E000207365747570206368616E6E656C2023F2
:1091F000256420282564290A000000005B25735D92
:1092000020616463496E697428290A0061646300FF
:10921000556E6B6E6F776E0061646320696E697462
:10922000203A2025640A0000253032642E20252DA6
:10923000313273203A20253564207261772C202545
:109240003564206D5620287825642E253033642916
:109250000A00000073686F77000000002530326458
:109260002E20252D313273203A202535642072615D
:10927000772C20253564206D56200A001B5B256461
:10928000410000001B5B2564420000006164632014
:10929000696E666F0A0000006164632073686F770F
:1092A0000A0000004144435F564241540000000060
:1092B0005B455F5D20626C6520636F6E6E656374F5
:1092C0002025640A000000005B455F5D20626C653C
:1092D0002070687920324D2025640A005B455F5D6F
:1092E00020626C65496E69742829203A2062745F97
:1092F000656E61626C652025640A00005B4F4B5D02
:1093000020626C65496E697428290A00202020209B
:10931000206E616D65203A2025730A0020202020F0
:109320002073766320203A2025640A00626C650071
:1093300025730000547275650000000046616C736F
:109340006500000072756E6E696E670073746F70F1
:10935000706564006F666600EC9A94ECB2ADED95B2
:10936000A8000000696E69742020202020203A2087
:1093700025730A006E616D652020202020203A2090
:1093800025730A00636F6E6E6563746564203A200E
:1093900025730A002020696E74657276616C3A202C
:1093A00025642E25303264206D730A0020206C6104
:1093B00074656E6379203A2025640A002020746960
:1093C0006D656F7574203A202564206D730A000066
:1093D000202070687920202020203A2074782025D1
:1093E000642C2072782025640A000000202064612B
:1093F0007461206C656E3A2074782025642C20728C
:10940000782025640A000000616476202020202056
:1094100020203A2025730A007365727669636520FF
:1094200020203A2025640A00202025730A0000002D
:10943000646973636F6E6E6563740000626C6520AF
:10944000646973636F6E6E656374203A20257320C0
:10945000282564290A000000EC97B0EAB2B020EC9D
:109460009786EC9D8C0A0000666173740000000012
:10947000626C652066617374202573203A20257321
:109480000A0000006E616D6500000000626C6520DE
:109490006E616D65202573203A2025730A00000057
:1094A00061647600626C6520616476202573203AE1
:1094B0002025730A00000000626C6520696E666FEB
:1094C0000A000000626C65206E616D652073747225
:1094D0000A000000626C6520646973636F6E6E65DC
:1094E00063740A00626C652066617374206F6E3A63
:1094F0006F66660A00000000626C65206164762079
:109500006F6E3A6F66660A005B455F5D20626C6550
:1095100041647653746172742829203A2025640AC4
:10952000000000004E553534562D444B000000001D
:10953000202020206D74752020203A2025640A0008
:10954000202020207278202020203A2025642062CC
:10955000797465730A000000202020207478202090
:1095600020203A2025642062797465732C202564BC
:1095700020706B742C2025642064726F700A0000C8
:109580005B25735D20627574746F6E496E69742813
:10959000290A0000627574746F6E00007072657342
:1095A0007365640072656C6561736564000000003A
:1095B000252D3673203A205025642E253032642C18
:1095C0002025730A00000000256400000D00000043
:1095D0006576656E74000000252D36732070726507
:1095E000737365640A000000252D3673206C6F6E5E
:1095F000670A0000252D367320636C69636B0A00CF
:10960000252D36732072656C65617365642C202589
:1096100064206D730A000000627574746F6E2069B7
:109620006E666F0A00000000627574746F6E2073BE
:10963000686F770A00000000627574746F6E2065B1
:1096400076656E740A00000042544E31000000003E
:1096500042544E320000000042544E3300000000DD
:1096600042544E3400000000636F6E6669726D658F
:1096700064000000746573742028ED9995ECA09542
:1096800020ECA084290000005B455F5D20646675C6
:1096900053657269616C496E697428290A0000007B
:1096A0005B25735D20646675496E697428290A001C
:1096B0002020202020696D6167652020203A202528
:1096C000730A000064667500616374697665000062
:1096D0002C746573740000002C636F6E6669726D84
:1096E00065640000EBAAA8EC9CBCEB8D9820EAB264
:1096F00083EC9DB420EC9786EC9788EB8BA420E25A
:10970000869220ED95A0EB8BB920EC8BA4ED8CA874
:1097100020EB9890EB8A9420EC959EECA48420ECAE
:109720009CA0EC8BA4000000EBAAA8EC9CBCEAB3C4
:10973000A020EC9E88EC9788EB8BA420E2869220F8
:10974000626173653634202F20EAB8B8EC9DB420EE
:109750002F2043524300000034EC9D9820EBB0B022
:10976000EC88980034EC9D9820EBB0B0EC88982001
:10977000EC9584EB8B980000736C6F7425642E76E7
:10978000657273696F6E203A202D0A00736C6F74D6
:1097900025642E76657273696F6E203A2025642EDB
:1097A00025642E25642B25640A000000736C6F74F9
:1097B00025642E666C6167732020203A202573256E
:1097C000730A000073657269616C2E73746174654D
:1097D00020203A2025730A0073657269616C2E702F
:1097E0006B74202020203A2072782025642C20746D
:1097F000782025642C206572722025640A00000000
:1098000073657269616C2E667261672020203A2050
:1098100025642C2064726F702025640A000000000B
:1098200073657269616C2E74696D652020203A2021
:1098300072782025642F2564206D732C2070726F40
:10984000632025642F2564206D732028ED8F89EA1D
:10985000B7A02FECB59CEB8C80290A007365726968
:10986000616C2E64726F703220203A206E625F6CE1
:10987000656E2025642C20706B745F6C656E2025EE
:10988000642C20EC959EECA48420253032582025B1
:10989000303258206C656E2025640A00202020207C
:1098A00020202020202020202020202025730A0096
:1098B00073657269616C2E64726F702020203A208B
:1098C0006D61726B202530325820253032582C20A3
:1098D0006C656E202564202862617365363420250E
:1098E000642C202573290A002020202020202020FD
:1098F000202020202020202000000000636F6E66C2
:1099000069726D0064667520636F6E6669726D20A2
:109910003A2025730A00000074657374000000008B
:109920006466752074657374203A2025732028EBD3
:10993000A6ACEC858BED9598EBA9B420736C6F7495
:109940003120EBA19C20EBB680ED8C85ED959CEB56
:109950008BA4290A0000000072657665727400000D
:1099600064667520726576657274203A20ED99956B
:10997000ECA09520ECA084EC9DB4EB8BA42E20EB06
:10998000A6ACEC858BED9598EBA9B420EC9DB4ECDE
:10999000A08420EC9DB4EBAFB8ECA780EBA19C2099
:1099A000EB8F8CEC9584EAB084EB8BA40A0000006A
:1099B00064667520726576657274203A2025730A94
:1099C0000000000065726173650000006466752028
:1099D000657261736520736C6F7431203A20257352
:1099E0000A00000073657269616C0000646675208E
:1099F00073657269616C2025730A000064667520C6
:109A0000696E666F0A000000646675207465737481
:109A10000A00000064667520636F6E6669726D0AE5
:109A200000000000646675207265766572740A0035
:109A30006466752065726173650A0000646675204E
:109A400073657269616C206F6E3A6F66660A00001A
:109A50005B4F4B5D20693263496E697428290A00A7
:109A6000693263007363616E000000004932432075
:109A70004348256420416464722030782530325890
:109A8000203A204F4B0A00006E6F20666F756E649F
:109A90000A000000626567696E00000049324320D9
:109AA0004348256420426567696E204F4B0A0000D9
:109AB000493243204348256420426567696E204649
:109AC00061696C0A000000007265616400000000BA
:109AD000256420493243202D20307825303258200B
:109AE0003A203078253032580A0000002564204999
:109AF0003243202D204661696C200A007772697418
:109B000065000000256420493243202D203078254F
:109B1000303258203A203078253032582C202564B5
:109B2000206D730A00000000693263206265676976
:109B30006E2063685B317E25645D0A0069326320B4
:109B40007363616E202063685B317E25645D0A006B
:109B500069326320726561642020636820646576E1
:109B60005F61646472207265675F61646472206C17
:109B7000656E6774680A00006932632077726974E1
:109B800065206368206465765F6164647220726535
:109B9000675F6164647220646174610A00000000A0
:109BA0006C656400746F67676C6500006C656420A9
:109BB000746F67676C652063685B317E25645D2028
:109BC00074696D655F6D730A00000000626F6F74E9
:109BD0002E6C696E655F696E6465782025640A0085
:109BE000626F6F742E6275665F6C656E6774682055
:109BF00025640A006C6973742E6C696E655F696E0A
:109C00006465782025640A006C6973742E62756639
:109C10005F6C656E6774682025640A00626F6F74FC
:109C2000000000006C697374000000006C6F672016
:109C3000696E666F0A0000006C6F6720626F6F7458
:109C40000A0000006C6F67206C6973740A000000E2
:109C500025303458205B253032643A253032643A5E
:109C6000253032645D09000025303458205B2535ED
:109C7000752E253033755D09000000006C6F67009C
:109C8000252E2A73000000002020252D3136732058
:109C900025336420420A00006E7535342F25730089
:109CA0005B25735D206E7673496E697428290A00FE
:109CB0006E767300696E69742020203A2025730A3D
:109CC000000000006261636B656E643A2053657446
:109CD00074696E6773202B205A4D532C2073746F58
:109CE000726167655F706172746974696F6E0A0092
:109CF0006E75353400000000707265666978203A30
:109D00002025732F0A000000636F756E7420203ABF
:109D10002025640A00000000736574006E767320CD
:109D2000736574202573203D2022257322203A205C
:109D300025730A00676574006E767320676574206A
:109D40002573203D20222573220A00006E767320A1
:109D5000676574202573203A20EC9786EC9D8C0A69
:109D60000000000064656C006E76732064656C20F2
:109D70002573203A2025730A000000006E767320B8
:109D8000696E666F0A0000006E767320736574203A
:109D90006E616D65207374720A0000006E76732028
:109DA000676574206E616D650A0000006E76732031
:109DB00064656C206E616D650A00000069646C6505
:109DC0002028ECB6A9ECA08420EC958820ED95A87D
:109DD000290000006368617267696E67202D204367
:109DE000430000006368617267696E67202D20433D
:109DF00056000000646F6E6520EB9890EB8A94200B
:109E0000ECB6A9ECA08420EAB888ECA7800000009A
:109E10005B455F5D20706D69635365744368617273
:109E2000676543757272656E742829203A2025642F
:109E3000206D41203E20ECB59CEB8C8020256420D9
:109E40006D410A005B25735D20706D6963496E6921
:109E50007428290A000000002020202020696420A6
:109E600020203A203078253032580A002020202047
:109E70002069636867203A202564206D410A00004C
:109E8000706D69630000000020205B4348475F4419
:109E9000495341424C455D0056494E20676F6F64FF
:109EA000000000006E6F20696E7075740000000085
:109EB0002C20EC9E85EBA0A520ECA084EBA598209F
:109EC000ECA09CED959C20ECA49100006F6B000031
:109ED000706D6963476574496E666F282920466115
:109EE000696C0A0073746174652020203A20257320
:109EF00025730A00696E7075742020203A2025733E
:109F000025732C202F50472070696E2025730A007E
:109F100073657474696E67203A2074617267657442
:109F20002025642E2530326420562C20636861720F
:109F30006765202564206D412C20696E7075742042
:109F40006C696D6974202564206D410A0000000071
:109F50006865616C746820203A2000005B74686555
:109F6000726D616C20726567756C6174696F6E5D8E
:109F7000200000005B5453206F70656E5D20000070
:109F80005B56494E206F7665722D766F6C746167F3
:109F9000655D20005B6261747465727920756E6422
:109FA00065722D766F6C745D200000005B736166D6
:109FB0006574792074696D65725D20005B626174FF
:109FC0007465727920686F742F636F6C645D200014
:109FD0005B6261747465727920636F6F6C5D2000E1
:109FE0005B62617474657279207761726D5D2000C7
:109FF0006C617463686564203A20464C41473020A8
:10A000003078253032582028EBA788ECA780EBA7C2
:10A0100089EC9CBCEBA19C20EC9DBDEC9D8020EBD1
:10A0200092A4EC979020EC839DEAB8B420EC9DB408
:10A03000EC8381290A000000726177202020202013
:10A040003A20535441543020253032582053544143
:10A05000543120253032582020696E74202564ED5B
:10A060009A8C0A003A204661696C200069642020BD
:10A07000202020203A20307825303258202869329C
:10A080006320636825642C20616464722030782525
:10A09000303258290A000000726567003078253098
:10A0A0003258203A203078253032580A000000001B
:10A0B000307825303258203A204661696C0A000019
:10A0C0006963686700000000EC9A94ECB2AD20254B
:10A0D00064206D4120E2869220EC84A4ECA09520BF
:10A0E0002564206D4120257328ECB59CEB8C8020E5
:10A0F0002564206D41290A00636500006368617270
:10A10000676520656E61626C65202573203A2025A5
:10A11000730A0000706D696320696E666F0A000043
:10A12000706D69632073686F770A0000706D6963F2
:10A13000207265670A000000706D696320696368BA
:10A1400067206D4120202028ECB59CEB8C802025D9
:10A1500064206D41290A0000706D696320636520E9
:10A160006F6E3A6F66660A0044432F444300000056
:10A170004C444F005B4F4B5D20706F776572496EAA
:10A18000697428290A0000002020202020526567D9
:10A19000756C61746F72203A2025730A000000000C
:10A1A000706F7765720000005B455F5D20706F77B0
:10A1B00065724F66662829203A2077616B652070AA
:10A1C000696E2025640A00005B455F5D20706F7733
:10A1D00065724F66662829203A206772746320777B
:10A1E000616B6575702025640A00000072656775F3
:10A1F0006C61746F72203A2025730A00757074695F
:10A200006D65202020203A202564206D730A00000F
:10A2100053797374656D204F4646203A2077616B01
:10A220006520627920627574746F6E206F722025CC
:10A2300064206D730A00000053797374656D204FBC
:10A240004646203A2077616B6520627920627574FA
:10A25000746F6E0A00000000706F7765724F66665B
:10A260002829204661696C0A00000000706F77653C
:10A270007220696E666F0A00706F776572206F6674
:10A2800066205B77616B655F6D735D0A000000009F
:10A290005B4F4B5D207265736574496E6974282944
:10A2A0000A000000202020202025730A0000000062
:10A2B00072657365740000006361757365203A20F0
:10A2C0003078253038580A0072756E0072657365F3
:10A2D000742E2E2E0A000000726573657420696E5C
:10A2E000666F0A0072657365742072756E0A0000ED
:10A2F00052455345545F4249545F504F57455200B1
:10A3000052455345545F4249545F50494E00000046
:10A3100052455345545F4249545F5744470000003B
:10A3200052455345545F4249545F534F46540000D1
:10A3300052455345545F4249545F45544300000021
:10A3400052455345545F4249545F57414B455F471F
:10A3500050494F0052455345545F4249545F57415D
:10A360004B455F54494D455200000000524553454E
:10A37000545F4249545F4445425547007274635FDD
:10A38000747A00005B25735D20727463496E697492
:10A3900028290A002020202020555443252B643AE8
:10A3A000253032640A000000202020202032302591
:10A3B0003032642D253032642D2530326420253032
:10A3C00032643A253032643A253032640A000000A3
:10A3D0002020202020EC8B9CEAB08120EBAFB8EC51
:10A3E00084A4ECA0950A000072746300EC8B9CEAD4
:10A3F000B08120EBAFB8EC84A4ECA0952028727457
:10A40000632073657420646174652F74696D6520C1
:10A41000EB9890EB8A9420727463207365742065C6
:10A42000706F6368290A00003230253032642D25B0
:10A430003032642D253032642028257329202530C0
:10A4400032643A253032643A253032642020205577
:10A450005443252B643A253032640A0065706F63DB
:10A4600068203A2025752028555443290A00000009
:10A470006261736520203A2065706F6368202575DE
:10A480002C20636F756E7420256C6C750A000000BB
:10A490006E6F772020203A20636F756E7420256CD4
:10A4A0006C752028256420487A290A006461746547
:10A4B0000000000072746320736574206461746529
:10A4C000203A2025730A000074696D6500000000C1
:10A4D000727463207365742074696D65203A202559
:10A4E000730A000065706F63680000007274632077
:10A4F0007365742065706F6368203A2025730A00C5
:10A5000072746320747A20555443252B64203A20BA
:10A5100025730A0072746320696E666F0A0000007A
:10A520007274632073686F770A000000727463208E
:10A530007365742064617465205B796561725D2068
:10A540005B6D6F6E74685D205B6461795D0A00000D
:10A55000727463207365742074696D65205B685D37
:10A56000205B6D5D205B735D0A00000072746320E8
:10A570007365742065706F6368205B7365635D0A43
:10A580000000000072746320747A205B686F75723B
:10A590005D0A0000EC9DBC00EC9B9400ED999400DA
:10A5A000EBAAA900EAB88800ED86A00054203A2062
:10A5B000257325642E2530326420432C20524820F8
:10A5C0003A2025642E253032642025250A0000001B
:10A5D0005B25735D207368746333496E6974282941
:10A5E0000A00000020202020206964203A203078D2
:10A5F000253034580A00000073687463330000008B
:10A600004F6E00004F66660069735F696E69742063
:10A6100020203A2025730A006932632063682020D5
:10A6200020203A2025642C20616464722030782533
:10A630003032580A000000006C6F7720706F776529
:10A6400072203A2025730A006964202020202020EF
:10A6500020203A203078253034580A0069642020C0
:10A660002020202020203A204661696C0A0000004A
:10A67000696E6974000000007368746333496E6921
:10A68000742829203A2025730A0000007368746337
:10A6900033526561642829204661696C0A00000014
:10A6A0006C6F77706F776572000000007368746379
:10A6B0003320696E666F0A00736874633320696EB5
:10A6C00069740A0073687463332072656164205B87
:10A6D000706572696F645F6D735D0A00736874639F
:10A6E00033206C6F77706F776572206F6E3A6F668C
:10A6F000660A00005B25735D2074656D70496E69A4
:10A700007428290A0000000074656D7000000000C4
:10A7100074656D70203A20257325642E25303264CF
:10A7200020430A0074656D705265616428292046D3
:10A7300061696C0A0000000069735F696E697420CA
:10A740003A2025730A00000074656D7020696E66FA
:10A750006F0A000074656D702073686F770A0000DF
:10A760007561727400000000202028636C6F7365AF
:10A770006429000020203C2D20636C69000000004B
:10A780005F4445465F554152542564203A20257365
:10A790002C20256420627073257325730A00000045
:10A7A00020202020202020202020202020727820FF
:10A7B00025642C20747820256420627974657300E8
:10A7C0002C2072782071756575652025642F2564AD
:10A7D000000000000A20202020202020202020200F
:10A7E000202072782064726F702025642C2072788B
:10A7F0002073746F702025642028726561736F6EFA
:10A800002030782558290000636C6920EAB0802048
:10A81000EC93B0EB8A9420ED8FACED8AB8EB8BA46F
:10A820000A0000003C2D205F4445465F55415254CC
:10A830002564203A203078253032580A0000000084
:10A840006F70656E000000005F4445465F554152E1
:10A85000542564206F70656E202564203A2025738E
:10A860000A000000636C6F73650000005F4445469A
:10A870005F55415254256420636C6F73650A000074
:10A880007561727420696E666F0A0000756172747A
:10A890002074657374202063685B317E25645D0AD3
:10A8A0000000000075617274206F70656E20206377
:10A8B000685B317E25645D20626175640A0000007A
:10A8C0007561727420636C6F73652063685B317EA1
:10A8D00025645D0A0000000056434F4D31202020C2
:10A8E0002075617274323000636F6E6E65637465DB
:10A8F000640000006164766572746973696E670054
:10A900004E5535342D444B2D444655006E616D65D2
:10A91000202020203A2025730A000000312E302EFE
:10A9200031302B300000000076657273696F6E2045
:10A930003A2025730A00000032333A32323A343179
:10A940000000000053657020323020323032360073
:10A950006275696C642020203A2025732025730AD3
:10A96000000000006E753534765F646B2F6E726682
:10A9700035346C31352F63707561707000000000E4
:10A98000626F6172642020203A2025730A00000063
:10A99000757074696D6520203A202564206D730AF6
:10A9A0000000000072657365742020203A20307822
:10A9B000253032580A00000074696D65202020207F
:10A9C0003A203230253032642D253032642D253046
:10A9D000326420253032643A253032643A253032F0
:10A9E000640A0000626C6520202020203A20257334
:10A9F0002C2025730A0000000D0A5B204669726D49
:10AA00007761726520426567696E2E2E2E205D0D7E
:10AA10000A000000426F6F74696E672E2E4E616DE2
:10AA2000652009093A2025730D0A0000426F6F74F2
:10AA3000696E672E2E566572202009093A2025730B
:10AA40000D0A0000426F6F74696E672E2E446174A8
:10AA5000652009093A2025730D0A0000426F6F74C2
:10AA6000696E672E2E54696D652009093A20257399
:10AA70000D0A0000426F61726420202020202020F7
:10AA8000202009093A2025730D0A00004661696CEF
:10AA9000656420746F207265626F6F743A20737002
:10AAA000696E6E696E6720656E646C6573736C7930
:10AAB0002E2E2E0A000000002A2A2A20426F6F74D0
:10AAC000696E67204D79204170706C6963617469AB
:10AAD0006F6E2076312E302E31302D313835623286
:10AAE00033393936306132202A2A2A0A0000000020
:10AAF0002A2A2A205573696E67206E524620436FBA
:10AB00006E6E6563742053444B2076332E342E31A1
:10AB10002D623230663836313962613961202A2A35
:10AB20002A0A00002A2A2A205573696E67205A656E
:10AB300070687972204F532076342E342E322D33A4
:10AB40003366613661376161633661202A2A2A0AD9
:10AB50000000000072302F61313A2020307825301B
:10AB60003878202072312F61323A20203078253019
:10AB70003878202072322F61333A20203078253007
:10AB800038780A0072332F61343A2020307825302B
:10AB90003878207231322F69703A20203078253091
:10ABA0003878207231342F6C723A2020307825307A
:10ABB00038780A0020787073723A20203078253077
:10ABC00038780A004661756C74696E6720696E7327
:10ABD0007472756374696F6E2061646472657373F7
:10ABE00020287231352F7063293A2030782530388B
:10ABF000780A0000556E68616E646C656420495285
:10AC0000516E3A2025640A00535053454C20696E1A
:10AC100020746872656164206D6F646520646F657F
:10AC200073206E6F7420696E64696361746520506F
:10AC300053500A002A2A2A2A2A204D5055204641DC
:10AC4000554C54202A2A2A2A2A0A0000202053740C
:10AC500061636B696E67206572726F722028636F23
:10AC60006E746578742061726561206D69676874BF
:10AC7000206265206E6F742076616C6964290A0019
:10AC80002020556E737461636B696E672065727204
:10AC90006F720A0020204461746120416363657310
:10ACA000732056696F6C6174696F6E0A0000000052
:10ACB00020204D4D46415220416464726573733AC1
:10ACC00020307825780A00002020496E7374727550
:10ACD0006374696F6E204163636573732056696F97
:10ACE0006C6174696F6E0A002020466C6F61746934
:10ACF0006E672D706F696E74206C617A7920737441
:10AD000061746520707265736572766174696F6EC7
:10AD1000206572726F720A002A2A2A2A2A20425556
:10AD200053204641554C54202A2A2A2A2A0A000038
:10AD30002020537461636B696E67206572726F7255
:10AD40000A00000020205072656369736520646109
:10AD5000746120627573206572726F720A00000060
:10AD600020204246415220416464726573733A2048
:10AD7000307825780A0000002020496D70726563E4
:10AD800069736520646174612062757320657272F5
:10AD90006F720A002020496E737472756374696F54
:10ADA0006E20627573206572726F720A0000000077
:10ADB0002A2A2A2A2A205553414745204641554CE4
:10ADC00054202A2A2A2A2A0A000000002020446946
:10ADD000766973696F6E206279207A65726F0A00F6
:10ADE0002020556E616C69676E6564206D656D6FBE
:10ADF0007279206163636573730A000020205374C5
:10AE000061636B206F766572666C6F772028636F65
:10AE10006E746578742061726561206E6F7420763F
:10AE2000616C6964290A000020204E6F20636F70F6
:10AE3000726F636573736F7220696E73747275637A
:10AE400074696F6E730A00002020496C6C6567613D
:10AE50006C206C6F6164206F66204558435F5245DB
:10AE60005455524E20696E746F2050430A00000002
:10AE70002020496C6C6567616C20757365206F6676
:10AE80002074686520455053520A00002020417408
:10AE900074656D707420746F206578656375746572
:10AEA00020756E646566696E656420696E73747280
:10AEB000756374696F6E0A002A2A2A2A2A2048417B
:10AEC0005244204641554C54202A2A2A2A2A0A0054
:10AED0002020427573206661756C74206F6E207639
:10AEE0006563746F72207461626C65207265616461
:10AEF0000A00000020204465627567206576656E53
:10AF0000740A000020204661756C742065736361CB
:10AF10006C6174696F6E20287365652062656C6F63
:10AF200077290A00415243485F4558434550542011
:10AF30007769746820726561736F6E2025780A0ADC
:10AF4000000000002A2A2A2A2A2044656275672008
:10AF50006D6F6E69746F7220657863657074696F68
:10AF60006E202A2A2A2A2A0A0000000052657365E8
:10AF70007276656420457863657074696F6E202809
:10AF80000000000053707572696F757320696E74EC
:10AF900065727275707420284952512000000000BB
:10AFA0002A2A2A2A2A20257320256429202A2A2AA7
:10AFB0002A2A0A00464C4153485F30005352414D03
:10AFC0005F300000657869740000000061626F7294
:10AFD0007428290A00000000726300006572720084
:10AFE00067726F7570000000736C6F740000000072
:10AFF00076657273696F6E003C3F3F3F3E00000014
:10B000006861736800000000626F6F7461626C6554
:10B010000000000070656E64696E67007065726D97
:10B02000616E656E74000000696D61676573000094
:10B0300073706C6974537461747573002568752E30
:10B040002568752E256875002E257500696D616768
:10B050006500000064617461000000006C656E00B2
:10B0600073686100757067726164650071756572FF
:10B0700079000000626F6F746C6F6164657200002C
:10B080004D4355626F6F74006D6F64650000000082
:10B090006275665F73697A65000000006275665FBD
:10B0A000636F756E74000000666F72636500000068
:10B0B0006D63756D677220736D70000062742F256B
:10B0C000730000006964000062742F25732F25301F
:10B0D0003278253032782530327825303278253074
:10B0E00032782530327825752F25730062742F252C
:10B0F000732F25303278253032782530327825305C
:10B1000032782530327825303278257500000000FD
:10B110007363000063660000636363006B657973AB
:10B1200000000000627400004254204C5720575128
:10B1300000000000574553545F544F504449522F6C
:10B140007A65706879722F7375627379732F626C88
:10B150007565746F6F74682F686F73742F68636997
:10B160005F636F72652E63006576745F666C6167FE
:10B17000732026202831554C203C3C20283029299A
:10B1800000000000415353455254494F4E20464160
:10B19000494C205B25735D20402025733A25640AC5
:10B1A0000000000062745F6863695F6576745F67C2
:10B1B00065745F666C616773286864722D3E65769E
:10B1C00074292026202831554C203C3C2028312948
:10B1D0002900000062745F74785F70726F6365733A
:10B1E000736F7200657272203D3D203000000000D8
:10B1F00009436F6E74726F6C6C657220756E726548
:10B2000073706F6E736976652C20636F6D6D616E00
:10B2100064206F70636F6465203078253034782047
:10B2200074696D656F7574207769746820657272D2
:10B230002025640A00000000425420525820575133
:10B24000000000006275660062742F636363000093
:10B2500062742F686173680062742F636600000077
:10B2600062742F736300000062742F6B6579730042
:10B27000616463406435303030000000636C6F639C
:10B280006B40313065303030000000007073612D4C
:10B29000726E67007272616D2D636F6E74726F6C87
:10B2A0006C65724035303034623030300000000060
:10B2B0006770696F40313061303030006770696F9E
:10B2C00040643832303000006770696F4035303488
:10B2D00030300000693263406337303030000000A6
:10B2E00072657461696E65646D656D007561727417
:10B2F0004063363030300000536F667444657669C1
:10B30000636520436F6E74726F6C6C65722041537D
:10B31000534552543A2025732C2025640A0000001E
:10B3200062745F6863695F73646300004D50534CDF
:10B33000204153534552543A2025732C2025640A4A
:10B34000000000004D50534C20576F726B000000FE
:10B3500074656D70406437303030000069646C652E
:10B36000000000006D61696E000000007379737762
:10B370006F726B7100000000286E756C6C29000004
:10B380002A666C6F61742A00AC7D0400050102041A
:10B3900028400505000000000C040000000000002B
:10B3A000A4920400BE050000010100005806002020
:10B3B0000710000048060020EC7C04000D0011007E
:10B3C0000000000048960400EC7C04000900110015
:10B3D0000100000050960400EC7C040008001100FD
:10B3E0000200000058960400CC7C04000400110008
:10B3F0000300000060960400010000000C7D0400C2
:10B400000900000000000000010000000100000031
:10B41000EC7C04000A0000000000000001000000B5
:10B42000010000000C7D0400070000000000000087
:10B430000100000001000000EC7C04000E00000090
:10B44000000000000100000032006400C8002C0170
:10B450009001F401BC024C04EC7C04000D001100CE
:10B46000EC7C040009001100EC7C040008001100D1
:10B47000CC7C040004001100F0A2040000A304002E
:10B4800010A3040020A3040030A3040040A3040080
:10B4900054A304006CA3040094A5040098A5040020
:10B4A0009CA5040060970400A0A50400A4A50400C6
:10B4B000A8A50400D8A80400000000007F7F7F7FBB
:10B4C0007F7F7F7F7F7F7F7F7F7F7F7F7F7F7F7F8C
:10B4D0007F7F7F7F7F7F7F7F7F7F7F7F7F7F7F7F7C
:10B4E0007F7F7F7F7F7F7F3E7F7F7F3F3435363713
:10B4F00038393A3B3C3D7F7F7F407F7F7F000102B0
:10B50000030405060708090A0B0C0D0E0F10111293
:10B51000131415161718197F7F7F7F7F7F1A1B1C46
:10B520001D1E1F202122232425262728292A2B2CD3
:10B530002D2E2F303132337F7F7F7F7F4142434436
:10B5400045464748494A4B4C4D4E4F505152535433
:10B5500055565758595A6162636465666768696AE7
:10B560006B6C6D6E6F707172737475767778797AB3
:10B57000303132333435363738392B2F0400000060
:10B58000000000000000000000F80000CC7D040076
:10B59000010000000000010000200B00CC7D040031
:10B5A0000200000000200C0000200B00CC7D0400F5
:10B5B000030000000040170000900000CC7D040054
:10B5C00074B604009DEC03000000000070B6040097
:10B5D000000001006CB6040053ED03000000000001
:10B5E0006C1700200000010064B604007D9A03007F
:10B5F0002F9A0300000000000000090060B604005C
:10B6000053ED03000000000064170020000001005B
:10B6100058B60400FB990300000000000000000081
:10B620000000010054B6040053ED030000000000C8
:10B630005C170020000001004CB60400C79903000D
:10B640000000000000000000000001000000042ACB
:10B650000000042A000003280000012A0000012A3B
:10B66000000003280000002A0000002A0000032830
:10B670000000001800000028113E020049A003004D
:10B680001DA00300000000003B9E0300000000001E
:10B690004D9C03007CB704009DEC030000000000FB
:10B6A00068B704000000010064B7040053ED030014
:10B6B0000000000094170020000001003CB70400C7
:10B6C0000000000000000000000000000000010079
:10B6D00038B70400D5EC03007DEA03007C17002096
:10B6E0000000030034B7040053ED03000000000025
:10B6F00074170020000001000CB7040000000000D7
:10B700006D3F02000000000000000300029ECADC42
:10B71000240EE5A9E093F3A3B50200406E000000FB
:10B72000029ECADC240EE5A9E093F3A3B502004013
:10B730006E0000000000032800000229029ECADCFF
:10B74000240EE5A9E093F3A3B50300406E000000CA
:10B75000029ECADC240EE5A9E093F3A3B5030040E2
:10B760006E00000000000328029ECADC240EE5A93A
:10B77000E093F3A3B50100406E0000000000002834
:10B780006000002000000000060001000200000030
:10B7900094B7040000000000B4AF040002000000F1
:10B7A000E0CF170000000020BCAF04002100000023
:10B7B000E0EF03209C17002049A5030000000000D3
:10B7C000D3A40300B1540200D955020000000000C8
:10B7D000B15902000000000000000000000000005D
:10B7E0000000000000000000000000000000000059
:10B7F00021590200815D0200815D0200000000000D
:10B800000000000000000000000000000000000038
:10B810000000000000000000000000000000000028
:10B82000F95C0200A95C02000000000000000000BA
:10B8300000000000D55B020000000000B8B7040063
:10B840004CB80400CE0400000000000030DA0020F4
:10B85000B0B004000000000000000000F0B80400D8
:10B860009DEC030000000000DCB8040000000100B3
:10B87000D8B8040053ED030000000000E0180020D9
:10B8800000000100B0B80400000000008560020064
:10B890000000000000000200ACB80400D5EC03007A
:10B8A0007DEA0300C8180020000003000000022900
:10B8B00002487C997411269EAE014ECEFB28782E4C
:10B8C000DA00000002487C997411269EAE014ECE2B
:10B8D000FB28782EDA000000000003280284AA600A
:10B8E00074528A8B86D34CB71D1DDC538D0000002B
:10B8F0000000002800FFFFFFFFFFFF000000000026
:10B9000000000000FFFFFFFFFFFF0000000000003D
:10B910000000000000000000000010008000008017
:10B920005F9B34FBB8B7040034B904000001000089
:10B9300000000000E8ED0020B8B7040048B904009A
:10B940002E0000000000000038FB0020B8B7040003
:10B950005CB9040002010000000000000CFC0020A3
:10B960000E030000357802000F0400000978020081
:10B970001A0100004FB803000504000053BA030089
:10B9800013010000FFBA03003E010000C56C020075
:10B9900001120000C9B903000A1E0000BDB903006E
:10B9A000FF010000696D02003E010000496D0200C8
:10B9B0000504000089BA0300080400001DBE03004E
:10B9C00030030000B3BD03001001000095BB03006D
:10B9D00001120000797602000A1E0000D3BF0300A6
:10B9E00003090000FD6D0200040B0000BDBA030056
:10B9F000060A000095C10300070A000099BC030075
:10BA00000C050000E5BC0300050C0000D7C00300D6
:10BA1000B8B7040020BA040047000000000000008E
:10BA200028FD0020E69D350E480103CCDBFDF4AC7B
:10BA30001191F4EFB9A5F9E9A7832C5E2CBE97F21A
:10BA4000D203B0208BD28915D08E1C742430ED8F98
:10BA5000C24563765C15525ABF9A32636DEB2A6514
:10BA6000499C80DCB8B7040074BA040000000000F0
:10BA700000000000E8FD0020B8B7040088BA040008
:10BA8000000100000000000010FE0020BBCF0300FA
:10BA9000BDCF030000000000000000000000000017
:10BAA00077D203000000000000000000000000004A
:10BAB000000000000202010021DF03000404010075
:10BAC00055DB030006060100E3E003000804010063
:10BAD0001FE003000A0201003BDB03000C0401002D
:10BAE00021DB03000E04010049A002002004010034
:10BAF000A99F02001004010079DF03001202010077
:10BB00009FD903001E0004001DE203005202000042
:10BB100075D90300B8B7040024BB0400020100007B
:10BB20000000000000050120F4BB04009DEC0300B0
:10BB300000000000F0BB040000000100ECBB0400AA
:10BB400053ED030000000000B019002000000100C8
:10BB5000E4BB040000000000000000000000000042
:10BB600000000000E0BB0400D5EC03007DEA030008
:10BB7000B819002000000300DCBB040053ED0300F3
:10BB800000000000A819002000000100D4BB040040
:10BB900061EC03003FE80300000000000000030028
:10BBA000D0BB040053ED030000000000A0190020EA
:10BBB00000000100C8BB040035AF02000000000017
:10BBC000000000000000010000002A2B00002A2BCA
:10BBD000000003280000292B0000292B0000032867
:10BBE000000002290000052A0000052A00000328A1
:10BBF0000000011800000028E1C3020027FE030036
:10BC0000F7FC030000000000000000007DC50200FA
:10BC10000000000000000000000000000000000024
:10BC2000000000000000000001C00200060000004B
:10BC30006FF20300060000001FF503001000000073
:10BC400065C2020010000000B1FC0300010000000A
:10BC500067F20300100000006BF203000A0000000E
:10BC60001BFA03001000000019C6020007000000C4
:10BC7000ABF2030010000000AFF20300010000006F
:10BC800091C102004000000039F8030010000000DC
:10BC9000C7F20300010000000000010001000301E1
:10BCA0000003020201000200000000000203010084
:10BCB000030000006C888391AAF5A53860370BDB80
:10BCC0005A6083BE00070E091C1B1215383F36311F
:10BCD00024232A2D060105010401070203010502A0
:10BCE000020103020504010101020103010401062E
:10BCF0000108010C01100118012001400180000021
:10BD000081D2020061D2020000000000D5D2020000
:10BD10003DD302000F0904000709040010000000D1
:10BD200001FF00007D010000001000007F00000006
:10BD300000A01050AC170020100000000000000010
:10BD4000FFFF010000820D50241800200023000096
:10BD500001000000FF070000000405500000000083
:10BD6000000000000200000000700C5074BD0400D0
:10BD7000020000008CBD04000200000084BD04002D
:10BD8000020100002280000C2380000B2200000C26
:10BD90002300000B00010405020608090F00000043
:10BDA00000F003200010000000F00320001000004D
:10BDB000C81C002000600C500000000000000000C3
:10BDC000E8BD040000C201000000D6010000000030
:10BDD0000000004000100000D4730020CC7300204D
:10BDE000EF7C0020EE7C002000600C50F4BD0400CD
:10BDF0000200000014BE04000400000004BE0400A1
:10BE00000401000025800001268000022780000335
:10BE10002486000024000000260000022506000100
:10BE2000270600036DE30200852104004121040080
:10BE300001000000020000000401040304020401E8
:10BE400004010403010403040104000010002DE1B7
:10BE50005D29410B8D77679C110F1F8A00071823FE
:10BE6000232323232323232323232323000102002B
:10BE700000010200080000000200000004000000B1
:10BE80000100000000300000FFFFFFFF0010000075
:10BE90000020000024000000250000002600000013
:10BEA000270000002B0000002C0000002D000000E7
:10BEB0002E000000AC7B0400BC7B0400247C04004A
:10BEC0002C7C04008C7C0400AC7C04006CB304006B
:10BED00000010000000000004D58030000010100B7
:10BEE00000020200001400000028000000400000D2
:10BEF00001000000020000000F0000001000000020
:10BF000010000000200000001000000010000000E1
:10BF100014BF0400110000001128000011080000E7
:10BF20000100000028BF0400000000000000000025
:10BF300000000000000000000000000030000000D1
:10BF4000C0000000180000003100000000000000E8
:10BF500030000000E00000001C000000390000007C
:10BF60000000000030000000000100002000000080
:10BF7000410000000000000030000000400100000F
:10BF80002800000051000000000000003000000008
:10BF9000800100003000000061000000000000008F
:10BFA000300000000002000040000000810000009E
:10BFB0000000000017000000C00000001800000092
:10BFC000310000000000000017000000E100000048
:10BFD0001D0000003B0000000000000017000000F2
:10BFE00000010000200000004100000000000000EF
:10BFF00012000000C0000000180000003100000026
:10C000000100000012000000E00000001C00000021
:10C0100039000000010000001200000000010000D3
:10C02000200000004100000001000000120000009C
:10C030004001000028000000510000000100000045
:10C0400012000000800100003000000061000000CC
:10C050000100000012000000090200004200000080
:10C06000850000000100000041000000FF0000000A
:10C07000200000002000000000000000410000003F
:10C08000C00100003800000038000000000000007F
:10C0900042000000FF00000020000000200000001F
:10C0A0000000000042000000C00100003900000054
:10C0B0003900000000000000000010002000000017
:10C0C000C8C00400C0000000FFFFFFFF0000000127
:10C0D000000000000000000000000000FFFFFFFF64
:10C0E000FFFFFFFFFFFFFFFFFFFFFFFF000000005C
:10C0F000FFFFFFFFFFFFFFFFBCE6FAADA7179E841F
:10C10000F3B9CAC2FC6325516B17D1F2E12C424747
:10C11000F8BCE6E563A440F277037D812DEB33A004
:10C12000F4A13945D898C2964FE342E2FE1A7F9BAC
:10C130008EE7EB4A7C0F9E162BCE33576B315ECECB
:10C14000CBB6406837BF51F5FFFFFFFF000000018D
:10C15000000000000000000000000000FFFFFFFFE3
:10C16000FFFFFFFFFFFFFFFC5AC635D8AA3A93E74F
:10C17000B3EBBD55769886BC651D06B0CC53B0F6C2
:10C180003BCE3C3E27D2604B8CC104002600001001
:10C1900000000000003000000C0000000000000063
:10C1A000A4C1040022000010000C000000310000B7
:10C1B0000C00000000000003000000000000000070
:10C1C000000000000000000000000000000000006F
:10C1D000000000000000000000000000000000005F
:10C1E000000000000000000000000000000000004F
:10C1F000000000000000000000000000000000003F
:10C20000000000000000000000000000000000002E
:10C21000000000000000000000000000000000001E
:10C22000000000000000000000000000000000000E
:10C2300000000000000000002020202020202020FE
:10C2400020282828282820202020202020202020C6
:10C2500020202020202020208810101010101010E6
:10C26000101010101010101004040404040404042E
:10C2700004041010101010101041414141414101BF
:10C28000010101010101010101010101010101019E
:10C2900001010110101010101042424242424202AD
:10C2A000020202020202020202020202020202026E
:10C2B0000202021010101020000000000000000018
:10C2C000000000000000000000000000000000006E
:10C2D000000000000000000000000000000000005E
:10C2E000000000000000000000000000000000004E
:10C2F000000000000000000000000000000000003E
:10C30000000000000000000000000000000000002D
:10C31000000000000000000000000000000000001D
:10C32000000000000000000000000000000000000D
:10C330000000000000000000616E00006E66696E83
:10C340006974790000000000000000000000000097
:10C35000000000000000004095596959555554559A
:10C360001555555604051541105455404551554431
:10C3700040455044505555450040004040044496C7
:10C3800065555655454045545141154055915555B3
:10C390005555405105010000544554544555050478
:10C3A00000100410140440000000014055551541D0
:10C3B000540400004400010000000040410000441B
:10C3C0005044455054005555545565510040004067
:10C3D000010000010005010011545151545555054B
:10C3E0000015415000000440100104050000000049
:10C3F000647261676F6F6E2F6C6962732F7363680D
:10C4000065642F7372632F73636865645F68616C22
:10C410005F74696D65725F677274632E6300B40B3D
:10C42000111891A8422EF671C1848C5EEA79B1325E
:10C43000608F0000FFFFFFFFFF1F00001F000000D4
:10C44000000000001D40000000000000FFFFFFFF93
:10C450001FFF0000BAABBABA1010101000000000A5
:10C460000050085000000000000000000C00000018
:10C47000010000FF7F0000000000000071AE01001D
:10C4800000000000A5AE010000000000F927010037
:10C4900000000000C5AE01000000000083AE0100F6
:10C4A00000000000BC720100FF000000B099010014
:10C4B0000100000000000000C9F4010000000000BD
:10C4C000000100000000000000000000000000006B
:10C4D000000000000000000000000000000000005C
:10C4E0000000000000000000B1B0030000000000E8
:10C4F000000100000000000000000000000000003B
:10C50000000000000000000000000000000000002B
:10C510000000000000000000B9B0030000000000AF
:10C52000000100000000000000000000000000000A
:10C5300000000000000000000000000000000000FB
:10C5400000000000000000000000000000000000EB
:10C5500000000000000000000000000000000000DB
:10C5600000000000000000000000000000000000CB
:10C5700000000000000000000000000000000000BB
:10C5800000000000000000000000000000000000AB
:10C59000000000000000000000000000000000009B
:10C5A000000000000000000000000000000000008B
:10C5B000000000000000000000000000000000007B
:10C5C000000000000000000000000000000000006B
:10C5D000000000000000000000000000000000005B
:10C5E000000000000000000000000000000000004B
:10C5F000000000000000000000000000000000003B
:10C60000000000000000000000000000CD740200E7
:10C61000000000000000000000000000000000001A
:10C62000000000000000000000000000000000000A
:10C6300000000000000000000000000000000000FA
:10C6400000000000000000000000000000000000EA
:10C6500000000000000000000000000000000000DA
:10C6600000000000000000000000000000000000CA
:10C6700000000000000000000000000000000000BA
:10C6800000000000000000000000000000000000AA
:10C690008C7D04000000000000000000000000008D
:10C6A000000000000000000000000000000000008A
:10C6B000000000008000000000000000CF05040022
:10C6C000000000000000000000000000F802002050
:10C6D000F802002001000000010000000803002013
:10C6E000080300200000000000000000000000001F
:10C6F000000000000000000000000000000000003A
:10C700000000000000000000000000000000000029
:10C710000000000000000000000000000000000019
:10C720004C0300204C03002000000000010000002A
:10C730005C0300205C0300200000000001000000FA
:10C7400000000000000000000000000000000000E9
:10C7500000000000000000000000000000000000D9
:10C7600000000000000000000000000000000000C9
:10C7700000000000000000000000000000000000B9
:10C7800000000000000000000000000000000000A9
:10C790000000000000000000000000000000000099
:10C7A0000000000000000000000000000000000089
:10C7B0000000000000000000000000000000000079
:10C7C000000000001D0D040000000000000000003B
:10C7D0000000000000040020000400200100000010
:10C7E00001000000100400201004002000000000E0
:10C7F0000000000000000000000000000000000039
:10C800000000000000000000000000000000000028
:10C810000000000000000000000000000000000018
:10C820000000000000000000000000001D0D0400DA
:10C83000000000000000000000000000680400206C
:10C8400068040020010000000100000078040020BE
:10C85000780400200000000000000000000000003C
:10C8600000000000000000000000000000000000C8
:10C8700000000000000000000000000000000000B8
:10C8800000000000000000000000000000000000A8
:10C89000000000001D0D040000000000000000006A
:10C8A00000000000D0040020D0040020010000009F
:10C8B00001000000E0040020E0040020000000006F
:10C8C0000000000000000000000000000000000068
:10C8D0000000000000000000000000000000000058
:10C8E0000000000000000000000000000000000048
:10C8F000000000000000000089DB010000000000D3
:10C900000001000000000000000000000000000026
:10C910000000000000000000000000000000000017
:10C9200000000000000000006700000000000000A0
:10C9300000000000000000000000000000000000F7
:10C9400000000000000000000000000000000000E7
:10C9500000000000000000000000000000000000D7
:10C9600000000000000000000000000000000000C7
:10C9700000000000000000000000000000000000B7
:10C9800000000000000000000000000000000000A7
:10C990000000000000000000000000000000000097
:10C9A0000000000000000000000000000000000087
:10C9B00000000000D1EC01007DEC0100000000004F
:10C9C0000000000000000000000000000000000067
:10C9D0000000000000000000000000000000000057
:10C9E0008B73030000000000000000004E5535343A
:10C9F000562D444B00000000000000000000000025
:10CA00000000000000000000000000000908000015
:10CA100024950400FF0900005C0600209ECADC2467
:10CA20000EE5A9E093F3A3B50100406E06000000F7
:10CA3000FFFF0100000000000000000085F401007D
:10CA40000000000081F20100000000006C7D040085
:10CA500000000000000000000000000000000000D6
:10CA600000000000000000000000000000000000C6
:10CA700000000000000000000000000000000000B6
:10CA800000000000000000000000000000000000A6
:10CA90000000000000000000000000000000000096
:10CAA0000000000000000000000000000000000086
:10CAB0000000000000000000000000000000000076
:10CAC0000000000000000000000000000000000066
:10CAD0000000000000000000000000000000000056
:10CAE0000000000000000000000000000000000046
:10CAF0000000000000000000000000000000000036
:10CB00000000000000000000000000000000000025
:10CB10000000000000000000000000000000000015
:10CB20000000000000000000000000000000000005
:10CB300000000000000000000000000000000000F5
:10CB400000000000000000000000000000000000E5
:10CB500000000000000000000000000000000000D5
:10CB600000000000000000000000000000000000C5
:10CB700000000000000000000000000000000000B5
:10CB800000000000000000000000000000000000A5
:10CB90000000000000000000000000000000000095
:10CBA0000000000000000000000000000000000085
:10CBB0000000000000000000000000000000000075
:10CBC0000000000000000000000000000000000065
:10CBD0000000000000000000000000000000000055
:10CBE0000000000000000000000000000000000045
:10CBF0000000000000000000000000000000000035
:10CC00000000000000000000000000000000000024
:10CC10000000000000000000000000000000000014
:10CC20000000000000000000000000000000000004
:10CC300000000000000000000000000000000000F4
:10CC400000000000000000000000000000000000E4
:10CC500000000000000000000000000000000000D4
:10CC600000000000000000000000000000000000C4
:10CC700000000000000000000000000000000000B4
:10CC800000000000000000000000000000000000A4
:10CC90000000000000000000000000000000000094
:10CCA0000000000000000000000000000000000084
:10CCB0000000000000000000000000000000000074
:10CCC0000000000000000000000000000000000064
:10CCD0000000000000000000000000000000000054
:10CCE0000000000000000000000000000000000044
:10CCF0000000000000000000000000000000000034
:10CD00000000000000000000000000000000000023
:10CD10000000000000000000000000000000000013
:10CD20000000000000000000000000000000000003
:10CD300000000000000000000000000000000000F3
:10CD400000000000000000000000000000000000E3
:10CD500000000000000000000000000000000000D3
:10CD600000000000000000000000000000000000C3
:10CD700000000000000000000000000000000000B3
:10CD800000000000000000000000000000000000A3
:10CD90000000000000000000000000000000000093
:10CDA0000000000000000000000000000000000083
:10CDB0000000000000000000000000000000000073
:10CDC0000000000000000000000000000000000063
:10CDD0000000000000000000000000000000000053
:10CDE0000000000000000000000000000000000043
:10CDF0000000000000000000000000000000000033
:10CE00000000000000000000000000000000000022
:10CE10000000000000000000000000000000000012
:10CE20000000000000000000000000000000000002
:10CE300000000000000000000000000000000000F2
:10CE400000000000000000000000000000000000E2
:10CE500000000000000000000000000000000000D2
:10CE600000000000000000000000000000000000C2
:10CE700000000000000000000000000000000000B2
:10CE800000000000000000000000000000000000A2
:10CE90000000000000000000000000000000000092
:10CEA0000000000000000000000000000000000082
:10CEB0000000000000000000000000000000000072
:10CEC0000000000000000000000000000000000062
:10CED0000000000000000000000000000000000052
:10CEE0000000000000000000000000000000000042
:10CEF0000000000000000000000000000000000032
:10CF00000000000000000000000000000000000021
:10CF10000000000000000000000000000000000011
:10CF20000000000000000000000000000000000001
:10CF300000000000000000000000000000000000F1
:10CF400000000000000000000000000000000000E1
:10CF500000000000000000000000000000000000D1
:10CF600000000000000000000000000000000000C1
:10CF700000000000000000000000000000000000B1
:10CF800000000000000000000000000000000000A1
:10CF90000000000000000000000000000000000091
:10CFA0000000000000000000000000000000000081
:10CFB0000000000000000000000000000000000071
:10CFC0000000000000000000000000000000000061
:10CFD0000000000000000000000000000000000051
:10CFE0000000000000000000000000000000000041
:10CFF0000000000000000000000000000000000031
:10D000000000000000000000000000000000000020
:10D010000000000000000000000000000000000010
:10D020000000000000000000000000000000000000
:10D0300000000000000000000000000000000000F0
:10D0400000000000000000000000000000000000E0
:10D0500000000000000000000000000000000000D0
:10D0600000000000000000000000000000000000C0
:10D0700000000000000000000000000000000000B0
:10D0800000000000000000000000000000000000A0
:10D090000000000000000000000000000000000090
:10D0A0000000000000000000000000000000000080
:10D0B0000000000000000000000000000000000070
:10D0C0000000000000000000000000000000000060
:10D0D0000000000000000000000000000000000050
:10D0E0000000000000000000000000000000000040
:10D0F0000000000000000000000000000000000030
:10D10000000000000000000000000000000000001F
:10D11000000000000000000000000000000000000F
:10D1200000000000000000000000000000000000FF
:10D1300000000000000000000000000000000000EF
:10D1400000000000000000000000000000000000DF
:10D1500000000000000000000000000000000000CF
:10D1600000000000000000000000000000000000BF
:10D1700000000000000000000000000000000000AF
:10D18000000000000000000000000000000000009F
:10D19000000000000000000000000000000000008F
:10D1A000000000000000000000000000000000007F
:10D1B000000000000000000000000000000000006F
:10D1C000000000000000000000000000000000005F
:10D1D000000000000000000000000000000000004F
:10D1E000000000000000000000000000000000003F
:10D1F000000000000000000000000000000000002F
:10D20000000000000000000000000000000000001E
:10D21000000000000000000000000000000000000E
:10D2200000000000000000000000000000000000FE
:10D2300000000000000000000000000000000000EE
:10D2400000000000000000000000000000000000DE
:10D2500000000000000000000000000000000000CE
:10D2600000000000000000000000000000000000BE
:10D2700000000000000000000000000000000000AE
:10D28000000000000000000000000000000000009E
:10D29000000000000000000000000000000000008E
:10D2A000000000000000000000000000000000007E
:10D2B000000000000000000000000000000000006E
:10D2C000000000000000000000000000000000005E
:10D2D000000000000000000000000000000000004E
:10D2E000000000000000000000000000000000003E
:10D2F000000000000000000000000000000000002E
:10D30000000000000000000000000000000000001D
:10D31000000000000000000000000000000000000D
:10D3200000000000000000000000000000000000FD
:10D3300000000000000000000000000000000000ED
:10D3400000000000000000000000000000000000DD
:10D3500000000000000000000000000000000000CD
:10D3600000000000000000000000000000000000BD
:10D3700000000000000000000000000000000000AD
:10D38000000000000000000000000000000000009D
:10D39000000000000000000000000000000000008D
:10D3A000000000000000000000000000000000007D
:10D3B000000000000000000000000000000000006D
:10D3C000000000000000000000000000000000005D
:10D3D000000000000000000000000000000000004D
:10D3E000000000000000000000000000000000003D
:10D3F000000000000000000000000000000000002D
:10D40000000000000000000000000000000000001C
:10D41000000000000000000000000000000000000C
:10D4200000000000000000000000000000000000FC
:10D4300000000000000000000000000000000000EC
:10D4400000000000000000000000000000000000DC
:10D4500000000000000000000000000000000000CC
:10D4600000000000000000000000000000000000BC
:10D4700000000000000000000000000000000000AC
:10D48000000000000000000000000000000000009C
:10D49000000000000000000000000000000000008C
:10D4A000000000000000000000000000000000007C
:10D4B000000000000000000000000000000000006C
:10D4C000000000000000000000000000000000005C
:10D4D000000000000000000000000000000000004C
:10D4E000000000000000000000000000000000003C
:10D4F000000000000000000000000000000000002C
:10D50000000000000000000000000000000000001B
:10D51000000000000000000000000000000000000B
:10D5200000000000000000000000000000000000FB
:10D5300000000000000000000000000000000000EB
:10D5400000000000000000000000000000000000DB
:10D5500000000000000000000000000000000000CB
:10D5600000000000000000000000000000000000BB
:10D5700000000000000000000000000000000000AB
:10D58000000000000000000000000000000000009B
:10D59000000000000000000000000000000000008B
:10D5A000000000000000000000000000000000007B
:10D5B000000000000000000000000000000000006B
:10D5C000000000000000000000000000000000005B
:10D5D000000000000000000000000000000000004B
:10D5E000000000000000000000000000000000003B
:10D5F000000000000000000000000000000000002B
:10D60000000000000000000000000000000000001A
:10D61000000000000000000000000000000000000A
:10D6200000000000000000000000000000000000FA
:10D6300000000000000000000000000000000000EA
:10D6400000000000000000000000000000000000DA
:10D6500000000000000000000000000000000000CA
:10D6600000000000000000000000000000000000BA
:10D6700000000000000000000000000000000000AA
:10D68000000000000000000000000000000000009A
:10D69000000000000000000000000000000000008A
:10D6A000000000000000000000000000000000007A
:10D6B000000000000000000000000000000000006A
:10D6C000000000000000000000000000000000005A
:10D6D000000000000000000000000000000000004A
:10D6E000000000000000000000000000000000003A
:10D6F000000000000000000000000000000000002A
:10D700000000000000000000000000000000000019
:10D710000000000000000000000000000000000009
:10D7200000000000000000000000000000000000F9
:10D7300000000000000000000000000000000000E9
:10D7400000000000000000000000000000000000D9
:10D7500000000000000000000000000000000000C9
:10D7600000000000000000000000000000000000B9
:10D7700000000000000000000000000000000000A9
:10D780000000000000000000000000000000000099
:10D790000000000000000000000000000000000089
:10D7A0000000000000000000000000000000000079
:10D7B0000000000000000000000000000000000069
:10D7C0000000000000000000000000000000000059
:10D7D0000000000000000000000000000000000049
:10D7E0000000000000000000000000000000000039
:10D7F0000000000000000000000000000000000029
:10D800000000000000000000000000000000000018
:10D810000000000000000000000000000000000008
:10D8200000000000000000000000000000000000F8
:10D8300000000000000000000000000000000000E8
:10D8400000000000000000000000000000000000D8
:10D8500000000000000000000000000000000000C8
:10D8600000000000000000000000000000000000B8
:10D8700000000000000000000000000000000000A8
:10D880000000000000000000000000000000000098
:10D890000000000000000000000000000000000088
:10D8A0000000000000000000000000000000000078
:10D8B0000000000000000000000000000000000068
:10D8C0000000000000000000000000000000000058
:10D8D0000000000000000000000000000000000048
:10D8E0000000000000000000000000000000000038
:10D8F0000000000000000000000000000000000028
:10D900000000000000000000000000000000000017
:10D910000000000000000000000000000000000007
:10D9200000000000000000000000000000000000F7
:10D9300000000000000000000000000000000000E7
:10D9400000000000000000000000000000000000D7
:10D9500000000000000000000000000000000000C7
:10D9600000000000000000000000000000000000B7
:10D9700000000000000000000000000000000000A7
:10D980000000000000000000000000000000000097
:10D990000000000000000000000000000000000087
:10D9A0000000000000000000000000000000000077
:10D9B0000000000000000000000000000000000067
:10D9C0000000000000000000000000000000000057
:10D9D0000000000000000000000000000000000047
:10D9E0000000000000000000000000000000000037
:10D9F0000000000000000000000000000000000027
:10DA00000000000000000000000000000000000016
:10DA10000000000000000000000000000000000006
:10DA200000000000000000000000000000000000F6
:10DA300000000000000000000000000000000000E6
:10DA400000000000000000000000000000000000D6
:10DA500000000000000000000000000000000000C6
:10DA600000000000000000000000000000000000B6
:10DA700000000000000000000000000000000000A6
:10DA80000000000000000000000000000000000096
:10DA90000000000000000000000000000000000086
:10DAA0000000000000000000000000000000000076
:10DAB0000000000000000000000000000000000066
:10DAC0000000000000000000000000000000000056
:10DAD0000000000000000000000000000000000046
:10DAE0000000000000000000000000000000000036
:10DAF0000000000000000000000000000000000026
:10DB00000000000000000000000000000000000015
:10DB10000000000000000000000000000000000005
:10DB20000000000000000000897F030080B50400B1
:10DB300050B60400000002005CB6040000000200C1
:10DB400068B6040000000A0020B7040000000C00C2
:10DB5000000000000000000000000000553F02002F
:10DB6000000000000000000050B70400000010009A
:10DB700000000000A5A40300000000000000000059
:10DB800000C0105000000000000000000000000075
:10DB90000000000000000000000000000000000085
:10DBA0000000000000000000000000000000000075
:10DBB0000000000000000000000000000000000065
:10DBC0000000000000000000000000000000000055
:10DBD0000000000000000000000000000000000045
:10DBE0000000000000000000000000000000000035
:10DBF000000000000001000000A00D500000000027
:10DC00000000000000000000000000000000000014
:10DC10000000000000000000000000000000000004
:10DC200000000000000000000000000000000000F4
:10DC300000000000000000000000000000000000E4
:10DC400000000000000000000000000000000000D4
:10DC500000000000000000000000000000000000C4
:10DC600000000000000000000000000000000000B4
:10DC700000000000C4B70400060001003557020090
:10DC800000000000F4B704000900000089B00300A0
:10DC900000000000F55D020001000200000000002D
:10DCA0000000000000000000096002000000000009
:10DCB00000000000C4B804000000140000000000D0
:10DCC00049660200000000000000000000000000A3
:10DCD000EFC1030000000000000000000000000091
:10DCE000A96D02000000000000000000000000001C
:10DCF000E9850200000000000000000000000000B4
:10DD0000B9840200000000000000000000000000D4
:10DD1000F98F020000000000000000000000000079
:10DD2000E98A0200000000000000000069A402006F
:10DD3000DFE203002BE2030000000000000000000F
:10DD4000C5A30200C5D6030039D60300F59C020026
:10DD50000000000000000000B59A02000000000072
:10DD60000000000055EE030000000000000000006D
:10DD700000000000CCBB040000000200D8BB04007F
:10DD800000000A00E8BB04000000200000000000C2
:10DD90000000000000000000000000001FE9030078
:10DDA00000000000D0190020D01900200000000061
:10DDB000000000000E000000E4190020E41900201B
:10DDC00031C50200000000008001000000000000DA
:10DDD000F31204000000000000000000000000003A
:10DDE000000000000060180600000101BD0F0400E3
:10DDF00010000000B5D8020068BD04006873002060
:10DE0000FFFF000000000000000000008001000093
:10DE100000000000DD1A0400000000000000000007
:10DE200068330020000000000000000071DE0200E6
:10DE300000000000FF0000000090D003FF00000081
:10DE40000F00000071020000741A0020741A0020F4
:10DE50007C1A00207C1A0020000000000000000056
:10DE60000E00000000000000941A0020941A002008
:10DE700000000000000000000E0000000000000094
:10DE8000AC1A0020AC1A00200000000000000000C6
:10DE90000E00000000000000C41A0020C41A002078
:10DEA00000000000000000000E0000000000000064
:10DEB000B9570400B557040067742000EC1B00201C
:10DEC0003C1C0020141C0020F81C0020EC1C00202E
:10DED000001C0020281C002001010101010000009D
:10DEE0000000000000000000000000000000000032
:10DEF0000000000000000000FFFFFFFF0000000026
:10DF000000000000CD1F0300000000000000000022
:10DF100000000000401B0020401B0020CB740300C9
:10DF200000000000000000000000000000000000F1
:10DF3000000000000000000000000000CD1F0300F2
:10DF4000000000000000000000000000781B00201E
:10DF5000781B0020E37903000000000000000000AF
:10DF6000000000000000000000000000981B0020DE
:10DF7000981B0020FC0B01200000000001000000A5
:10DF80002400000000000000B41B0020B41B00208F
:10DF900050B300200000000001000000A0000000BD
:10DFA00000000000D01B0020D01B0020200C01200E
:10DFB00000000000060000001C000000000000003F
:10DFC000EC1B0020EC1B0020000000000000000003
:10DFD0000E000000001C0020001C002000000000BB
:10DFE000000000000E000000141C0020141C002083
:10DFF00000000000000000000E000000281C0020AF
:10E00000281C002000000000000000000E0000009E
:10E010003C1C00203C1C0020000000000000000010
:10E020000E000000501C0020501C002000000000CA
:10E03000000000000E000000641C0020641C002092
:10E0400000000000000000000E000000781C00200E
:10E05000781C002000000000000000000E000000FE
:10E060008C1C00208C1C0020000000000000000020
:10E070000E000000A01C0020A01C002000000000DA
:10E08000000000000E000000B41C0020B41C0020A2
:10E0900000000000000000000E000000C81C00206E
:10E0A000C81C002000000000000000000E0000005E
:10E0B000DC1C0020DC1C002000000000FFFFFFFF34
:10E0C000EC1C0020EC1C002000000000F81C0020CC
:10E0D000F81C002000000000041D0020041D00208A
:10E0E000000000000000000000000000181D0020DB
:10E0F000181D00200000000000000000281D002066
:10E10000281D00200600060010000000000000008E
:10E1100078BA040010040120000000000000000094
:10E120004C1D00204C1D00200600060010000000C1
:10E130001D9A020014BB04000C0B0120000000001B
:10E1400000000000701D0020701D0020030003006F
:10E15000000000000000000038B90400C4FB0020EB
:10E160000000000000000000941D0020941D00200D
:10E17000010001001000000083C8030064BA04001D
:10E18000E8FD00200000000000000000B81D002095
:10E19000B81D002002000200000000000000000086
:10E1A00010BA0400B8FD00200000000000000000CC
:10E1B000DC1D0020DC1D00200C000C000400000011
:10E1C00015B7030024B90400E8F90020000000009E
:10E1D00000000000001E0020001E002004000400BB
:10E1E00008000000000000003CB8040068ED0020BA
:10E1F0000000000000000000241E0020241E00205B
:10E200000100010000000000000000004CB9040003
:10E2100010FD0020636C6900000000000000000099
:10E2200000000000000000000000000000000000EE
:10E23000000000000300000039DC010000000000C5
:10E24000000000006E757300000000000000000078
:10E2500000000000EDF3010099F301005DF30100FF
:10E2600091F2010015E015E00769D00012004000AE
:10E2700039E94FF69292F1BE5A8B80FA43B66F009D
:10E280005E12E9DD6DCEA13592EBBFAB689ECCE2AC
:10E29000EB2C82DE121F48DE5308A920B96D2794AB
:10E2A0006363A9E681116FADBF2E5DB4264A713458
:10E2B00001004000D59C709CA152DBFB4CCDC7886F
:10E2C000EA2A468A88B9E7961DE119EAB1F2D35FD6
:10E2D000B31965846AE212A44A5803F31F7A50BF47
:10E2E00080F817D19765CD4BB83CB6F24061C0F3CA
:10E2F0002EC0F53324004000605C1EA2B86C1E1CCA
:10E3000088A4CAB0632E65237B876F63F1943E1F98
:10E310005DE7294DBA841E2CE965FEC68433FAA157
:10E32000446FCB92E94BD80317177D6A7004891E9E
:08E33000436ADA77BB98A30AE7
:00000001FF
